timestamp,knee_angle,knee_angular_velocity,knee_angular_acceleration,force,acceleration_x,acceleration_y,acceleration_z,gyroscope_x,gyroscope_y,gyroscope_z,fatigue_indicator,movement_state,variation,assistance_level
0.09881803761725726,44.66371682805016,29.962655413829545,99.02403657227296,0.540572213314089,0.9585685023684113,1.5468229618141656,10.380699933107902,22.583624884189632,56.00184894216709,3.9205323638584506,0.3305990408208462,STAND_TO_SIT,low_stability,42.44356312117941
9.00005186912913,72.63411509618896,-62.970819894298224,-42.717749692683924,0.5329347700472634,0.44719310034794946,1.0191119770527812,8.440966436937579,11.800009574138134,20.449395154455743,2.9380486319906205,0.2811226806916423,SIT_TO_STAND,slow,30.90242850289647
1.6989922223732794,39.9851751822533,82.00784713400138,99.10822547567206,0.7057216913056833,0.6901857891510134,0.8403295153378206,7.666678660195869,17.324034415640856,17.51173703061454,-2.921779155630117,0.16118058943148955,STAND_TO_SIT,low_stability,42.513775106288044
5.102146018571924,8.13873218972219,0.24919342793459215,-0.20901634815808978,0.13048168882859695,0.10357411652671336,0.09743841611454686,9.315827268657866,1.1222248230459517,-0.4352143028403652,-0.0771122518008806,0.02139493433515265,REST,high_force,8.97404495968655
0.49732043253091124,39.398675782447214,73.48730621667497,102.11250377614184,0.3798271348734837,0.2750475918387069,0.9531639068064861,9.711554987325552,0.6763477294827669,14.914643562253245,3.694663268902701,0.09397213859211853,KNEE_EXTENSION,normal,33.73864933855574
1.697958039426757,84.25828895547839,-58.06027690533396,-85.07090076892126,0.6826267538294436,0.32200202720812954,0.7409217658299578,7.997157297206259,12.309418766104802,24.790242848527267,3.751846026660375,0.29251836415727117,SIT_TO_STAND,slow,49.11177694214832
1.0995788210021564,94.35494159884344,-61.21120064461527,-178.68961816153086,0.5873970567940411,0.361295975984335,1.1527636455289183,9.03329569412407,16.17812180482405,14.143266390091318,2.3643150465818925,0.663818296969327,SIT_TO_STAND,high_fatigue,79.52859200083489
1.2994939136792425,73.31536492025866,-35.03635391672289,-56.08741995945595,0.22630466729261375,0.1105870108505273,0.1532499041918025,8.712591202417936,6.383147111732949,9.31569234140941,1.5543416801662524,0.1439563427934598,KNEE_FLEXION,slow,22.187539280938957
0.8020588591521278,-4.503000398018649,-0.4110068621966059,1.522001044499502,0.04752440679110312,0.17756875105632666,-0.035156381329965916,10.103584488177658,0.4220318964975665,-0.8471413865286986,-0.18872302244619324,0.585825790581236,REST,high_fatigue,6.352029691399104
7.900092640596079,15.613428449193426,99.68161677218909,90.60470723663654,0.20355507877009868,0.46825972843204927,0.6246257250342383,9.63282270194126,1.7571213780871617,22.177909441728502,3.143791261688453,0.09856486285726387,KNEE_EXTENSION,normal,21.641423649045
5.397549029369214,97.3000845548545,-74.53804460252368,-70.58932403509525,0.528873752201005,0.332920342738651,1.7421139608808003,9.645320688215083,15.652659922277257,26.879368481594454,5.069652966625771,0.21258154374561097,KNEE_FLEXION,high_force,41.453067720771344
5.198406178021407,1.7692119706073204,-1.6747388757396604,1.726884585835622,0.03997686134757552,0.19434239297145192,0.014752545126550005,9.006228215193143,0.5515232557079301,0.450823853542789,0.24055031389013218,0.05219295509148018,REST,normal,5.817935790296387
4.400797221126937,19.2150194264789,21.627045395210427,34.993333458299446,0.2848626914681723,0.7430446798642482,0.23130105770207865,10.494514887948421,22.912335139163122,2.859369820161023,4.795644103407572,0.1870241571418469,WALKING,slow,13.521236566826843
6.296699161944212,54.75188094769007,91.58748394363472,173.1919932999993,0.6268536409483495,0.6599423336131873,2.0311355926596546,7.67989497710407,17.577101630933402,42.042962694303334,7.53890260235175,0.1477803954361608,STAND_TO_SIT,high_force,67.99143945686303
7.600125893480796,4.899483953425427,66.0646894568446,110.76181017520831,0.5492925469844626,0.38035460300949275,1.0522325417391012,8.099623592714149,8.5897515501114,13.324010399293194,2.971065448607183,0.15931700921463157,KNEE_EXTENSION,high_force,32.585573856111715
-0.0012788146481393823,14.581151506793283,36.40993754511617,81.09422999857166,0.36975292162942147,1.1122705845471983,0.6335039835992888,9.204030801483137,26.831050435070118,10.54224533770528,5.744463223279372,0.6489130557463083,WALKING,high_fatigue,49.868727357557184
7.29954096700265,79.12898101226287,-125.50406755516713,-179.91924752841047,0.6959237776459047,0.5392756049180547,0.9413404096470037,7.988967835386494,25.8020413606228,43.26798420149709,2.220791166523089,0.220379553572844,SIT_TO_STAND,normal,60.292413209473
7.202308775799289,2.3883376992252563,-0.2652060161018366,0.1788554270520375,0.04463206944191746,0.10559378020194235,-0.023746730858874767,9.926176810835772,0.8812297517929193,0.17687646530165527,-0.22400079333892184,0.5467728593378622,REST,high_fatigue,6.517991739782466
3.7982496365126375,26.87851184079,60.5495198736931,55.24220934075066,0.5900484133844579,0.2417949022945777,1.3503437320156797,8.0353981976142,14.31775668831297,44.78356842181915,2.9528697480377923,0.1428862669466251,KNEE_EXTENSION,high_force,48.00678130545541
4.5991753112403995,15.860895578792533,97.95778687293634,61.5219856292617,0.4490473725371849,0.4635440768186534,1.1061644216607756,9.16727578629149,12.263899992075816,32.216812283565545,3.0558948626726194,0.1409762969179397,KNEE_EXTENSION,normal,41.68175802716193
4.4020897456249095,4.9804621314799045,-0.8130176520451146,2.133497842250194,0.07844092777790836,0.08614154668783891,-0.012968089536848328,9.482336553607956,0.9792393706062705,0.06257464093928217,0.14598162187447616,0.03475353083944696,REST,normal,5.043583645812706
8.899530401211772,3.104963324938952,0.5773377445024834,1.1770903761722082,0.16839780574901753,0.2034983603519017,0.043847756059125095,9.895385936188545,0.96548500074199,-0.3612376092980631,-0.49526652542557703,0.0320782238444844,REST,high_force,12.124246049691962
1.2007403620035115,22.813054427646133,65.8049414257797,71.06128780000925,0.30072801830296775,0.872417739933282,0.3712853310832872,9.93799389904832,30.176383343595834,10.052401579015031,3.220047939398773,0.7214206590067231,WALKING,high_fatigue,34.60714001714743
8.299498198801574,78.77674728000069,-62.765556964364464,-105.84919027908576,0.264687924660853,0.3217521675379547,0.8859883650479262,8.68388132440259,11.58414417661713,13.764447631602856,3.961741684641255,0.09402228887015904,KNEE_FLEXION,normal,29.750365310143998
6.00196436760035,63.52715969220441,-62.086790854433495,-149.87224469572135,0.8713687894041753,1.0840806607513251,1.3217361854585195,6.801269029514542,15.296016905843606,56.77063442025636,7.970954183163475,0.36582144997248495,SIT_TO_STAND,low_stability,71.30712431200972
9.498712625142309,21.944906476070166,59.71142136824084,118.49358186516744,0.3122921988047675,0.6154207459749118,0.8854452916963664,8.594354590346647,0.9332509005950553,16.186442196178163,9.425017237642708,0.27125596732615026,KNEE_EXTENSION,low_stability,32.459880742692356
0.30107378906844484,22.598670607433533,33.839460312628574,29.37353053626169,0.2649399502978572,0.1463657667324463,0.21354462152104436,9.41887553762909,4.802240506519842,6.4045910829408035,1.7380591446360638,0.12631435774058208,KNEE_EXTENSION,slow,14.345895030983137
2.6019749292681795,72.06768797790755,-143.6602613478683,-244.71224948163373,0.8837679795414178,0.5442388655622502,1.650380574553792,9.075192397197803,26.53749987091071,32.537736744634536,0.8201373294331904,0.19949234180410486,SIT_TO_STAND,high_force,72.04502720388729
9.601152139007125,7.20108465927927,0.35300495688122835,0.6229293033869863,0.13033752662452627,0.1592718273786222,0.10335749454336131,9.51174188100858,1.2029527930741224,-0.3004470562397213,-0.094018456236464,0.054974445206380396,REST,high_force,14.817976972679993
4.0952733716977745,73.26036526561813,-98.1310689934035,-238.81513498280233,0.8506382563451773,0.3735757791454938,1.8836600703609945,8.910276362278278,19.17494716911508,46.050275038325736,8.918787133313137,0.29954485132936254,SIT_TO_STAND,high_force,58.38925455442683
0.4990598023947101,67.7626844844099,-43.30154473137823,-134.04618313086166,0.753838627590321,0.2995445560290086,2.0600006884520123,8.734538831639993,27.136419843057933,31.98097006617746,5.7606081569900445,0.20222233644295484,SIT_TO_STAND,normal,69.34221179631089
6.504336188074546,58.36010501158033,50.25495834802828,99.80394783626245,0.4033320249105869,0.32075485456649366,0.9316249469982432,8.956732737798797,10.442713972755222,12.72298344230235,3.037046246745776,0.2872497169530647,STAND_TO_SIT,slow,12.324455012637905
4.598304319858445,20.400887207629093,63.177887376602726,47.29469405000154,0.6997081243177319,2.895584316246998,0.3007937586923415,9.661724380111508,42.749635107188205,10.838660916112401,5.7725975334144,0.18870442580007832,WALKING,high_force,43.42563128005759
5.100738453838691,96.37354367133157,90.18305263208397,26.971244363986543,0.2601321990170648,0.3339684640719244,1.5858181448128785,7.305699266415223,22.628720210603536,29.791091683102547,5.3728874467809975,0.1918721614658615,KNEE_EXTENSION,low_stability,25.45068861664799
9.103411880557417,6.0954748599633195,-3.1141209343687843,-1.4588927407915886,0.15914774462511774,0.11741658707739128,0.12343492486107928,10.444083946772981,0.31262773157847434,-1.177381675516494,0.08479271662793814,0.04296561676956688,REST,high_force,8.08444973067261
8.100869355956048,34.85314443800361,68.78975883413555,89.49034603711489,0.6529924827074947,2.2066914709093224,0.7728392369243205,9.697966345137136,38.04019067862236,17.818512537253085,8.97592157656367,0.18096842045811737,WALKING,high_force,35.566997631713456
4.401275684514682,57.02249783193762,-38.274590834635895,-86.67190804856314,0.253494080168127,0.18240457526742768,0.6322086081156264,9.308141498213029,4.576993192883526,14.919130932151381,1.50657466875615,0.1147158527668959,KNEE_FLEXION,slow,24.501174349822755
2.1989348139981573,4.915297334027886,-0.30850129915674157,-2.2776169692177666,0.08728081902174516,0.5169179354846087,0.2584688381759772,9.553297244927373,2.8788832584376562,2.745025731595799,1.04477955903536,0.07510081669060677,REST,low_stability,8.23830100363471
9.800867538244429,8.285008976960922,-0.4446503253033878,0.3008637062194416,0.15882845890245806,0.047817916783196406,0.07229469064291774,9.272782256902397,0.1007330176426339,0.3611879430512137,0.14337964492791655,0.03776390233080409,REST,high_force,5.673171562215187
9.802264140265123,71.4794642485582,-155.01380212037932,-229.80278719942078,0.7682613079101794,0.7262563624085486,2.479643302273146,7.718811508204712,51.654055682090785,20.693187780085978,-0.057940634063560315,0.21489788263894868,SIT_TO_STAND,high_force,80.56835218385801
9.399246810553953,3.5533399166807236,0.5421178817417807,-0.8001791359599336,0.06548039644375345,0.05509075729680699,-0.0330840484019479,9.812389860714767,0.9113656302298577,-0.05774464747961074,-0.2914770162250614,0.09167573090585897,REST,slow,7.881625196008526
6.29910568468534,6.383611477658264,-0.8211423262517318,-0.5589015654331501,0.033509394918286806,-0.008816374272777372,-0.03804290712901438,9.551374757984725,1.3378010831165323,0.044591401689184476,-0.05537941519416979,0.07264469144358496,REST,normal,0.47802305668085765
9.298882671545913,6.192940346871743,-0.16086350163259955,-0.896889168304231,0.08094515008150034,0.3509178404134448,0.018426491455778383,9.857259097611914,4.316628220749455,1.4289711392105604,0.7018752606295254,0.05772000263604053,REST,low_stability,6.29901662264051
2.699722347802948,52.16220056356143,84.19922140179754,111.99409323514116,0.601488260431833,2.6280617413009604,0.6585681478372641,8.361154354292172,22.449111420488343,12.191110892720978,7.565581068106783,0.236296857334182,WALKING,high_force,56.38223060052627
8.30376015769946,54.0462372299575,85.83848085634662,126.83608575371439,0.5236023302312367,0.2273953274801141,1.7392601260646692,9.065817593267539,13.752969813943027,26.83768625407162,6.440419956087224,0.24881125428397055,STAND_TO_SIT,normal,33.987896421071696
4.7018121139326565,56.60926067031012,90.49241324612628,107.38144568728325,0.5431869382248589,0.546032611195863,1.4703930304131558,10.050156508229746,22.044459340252224,20.44486664208278,2.6163746307866855,0.2632063464766005,STAND_TO_SIT,normal,42.19821740084309
2.49803836120559,62.053819151187895,-50.02790732539143,-62.72395175110665,0.40322533253914444,0.2048079034244262,0.6477301923959154,9.214253265943727,13.179917596507757,25.872580086165133,3.705419016316674,0.6671386164105507,KNEE_FLEXION,high_fatigue,44.044273673406344
1.3946965833301617,6.0735412700112725,0.07285660782700323,-0.3329164234051222,0.06479505492658821,0.08080596139231816,0.03957916661634953,10.195973248731853,0.9756886159434682,-0.31202357641198586,0.4914110460396815,0.029099125808273955,REST,normal,5.306093891721723
6.698647497857805,51.80669464411178,56.78122897599007,76.81038871975468,0.28976773798799405,0.2762534158681531,0.36866769560903995,8.673297518131271,5.706222632055885,13.437463460587692,2.7685005579935527,0.1943140410257537,KNEE_EXTENSION,normal,28.82522507980842
-0.001189741873139757,58.917904058173875,39.408092965545414,66.17308055653388,0.4898544962799087,0.11298261603671433,0.44362726400751573,10.216758636569972,7.582254888733636,11.35453956322725,1.64331995542089,0.11935399407433764,STAND_TO_SIT,slow,34.26468130663356
9.002337868537989,69.14488186456663,-52.529595091013476,-118.7740439489911,0.8715486508443742,0.2596563260298865,1.2162939678562028,8.536717206925218,28.832443822603025,23.77843821302281,-0.8284795913865273,0.2394560908719464,SIT_TO_STAND,normal,56.87821649119351
1.100964800518987,29.772244704701556,-33.72420223023067,-62.08856635881823,0.28298002869305583,0.09862583154498782,0.47084240711445546,10.16605943606779,6.232420754714472,9.392169146662269,0.7898704572312231,0.20085233445056677,KNEE_FLEXION,slow,21.96965330461565
0.3022356688010995,6.703943799024757,0.27006853748810944,0.991011195502618,0.15404221471596133,0.1163529732159163,0.08619689215607516,9.94909813575641,1.6079254657067623,0.002936075224926321,-0.3706196293674246,0.057569338785859715,REST,high_force,8.060924019681217
1.803477641240476,52.976423693445334,-69.52883137959913,-67.99245717511666,0.3220421103508605,0.31524738097096455,0.7386719184202037,9.233672056903828,8.77947842082963,7.770218481013403,1.8731047734132396,0.6744431914819354,KNEE_FLEXION,high_fatigue,50.85486146780291
5.202067618882798,5.143844314845254,0.27017844571463695,-0.2252576347080151,0.06270214703095477,-0.08090136837769603,0.06843176880035359,10.021763672889392,-0.45163411138503085,0.2085966394503573,-0.7026002988083024,0.09651341906607319,REST,slow,8.881733878363738
0.10251276681199806,35.92403566542473,63.289437565130164,89.40065230634987,0.359945759414693,0.22567191429457775,0.47078455535432634,10.581438876737584,3.9672390912125306,19.310474916573526,2.395828216855854,0.6301420272454719,KNEE_EXTENSION,high_fatigue,38.02072829664548
5.9020371513170575,89.63868212378105,-88.65632406998083,-132.59493313392653,0.6841097863764953,1.1772236432249958,2.1269016575576942,6.399827712123859,34.57125532176473,61.44193974193944,6.37854953160712,0.2786878695948469,SIT_TO_STAND,low_stability,48.18236837931285
7.20003288796699,40.930873985094884,46.71953990379862,88.4313768235187,0.6041920037328706,2.2277178725425766,0.5782880559074086,10.485386777890911,14.674935396882198,20.696429473396087,6.443918061053624,0.0920064643081431,WALKING,high_force,52.600406435197506
7.802610683106541,30.6533000400563,26.044708774749363,96.09105722069907,0.1564163733674462,0.06726660669534489,0.34694344327372423,9.843414980229326,2.3088390934122494,5.417906002956949,2.9358157499451893,0.1888573969773907,KNEE_EXTENSION,slow,25.83700796327102
0.09824904553988657,87.13770112944923,-106.87940413713034,-156.4153622759921,0.5718610097831032,0.7831395571719314,1.5316878917364085,8.69695147085854,16.398926872154796,43.340431441220595,2.47706339764683,0.24847746569674592,SIT_TO_STAND,normal,54.81585279159689
1.7992079349235122,32.915247944610385,63.13041759032162,94.18770411583971,0.5859995984999754,1.4385204915538492,1.1274744655335265,10.256326831393118,36.01271010214852,10.953175780055062,7.13102234839099,0.16575669606133264,WALKING,high_force,49.28651215683275
1.2033082002071673,33.03407867584892,34.426836274981504,28.87670954978631,0.35667969641274494,0.3671039839506047,0.3458446274344445,10.731068614733422,16.25543009181196,2.7242654409739266,3.0998267542768962,0.1240470862539533,WALKING,slow,25.78875941818894
4.202140507947685,32.07243230095082,86.85032389863018,67.03672777389242,0.4381546371903991,2.748260357498374,1.1336919545953041,9.780669426851153,31.124497331936496,3.510449684425473,6.92550848316242,0.2762496607525401,WALKING,low_stability,42.288369221167976
6.599425057735889,8.725844479252245,-0.9873812386811253,-0.8928989667411223,0.14092527081704445,0.00208399214280941,0.008951624795189744,10.11709804414786,0.7021863672576457,0.4039204066558891,0.6699686738943754,0.05635189781663354,REST,high_force,6.538652568807118
5.103033585314279,6.400318173887443,-1.0353827205465749,0.3392979830960289,0.07024440866407668,0.11441348380835174,0.027879486239412277,9.801450555916828,0.7879597171231292,-0.24187150141780525,0.22566075945108413,0.04591862831122302,REST,normal,7.887972717460524
9.497765478655129,65.59443071102592,-62.27941819560282,-80.99271192099086,0.47699733996309696,0.5765690505858838,0.12195178023757124,9.37531756760726,14.362644661529076,10.943888097824118,1.6200958085368056,0.20112376998378165,SIT_TO_STAND,slow,54.88018368482256
6.999909728802664,94.44548428388616,-46.90384102806621,-187.96747131173646,0.8870968040533284,0.6206497191643876,1.385343583936118,7.503324653701471,19.717817221217846,37.16720235947502,9.9633220884357,0.28149995019408736,SIT_TO_STAND,high_force,58.787846242849824
9.099615519448468,72.2601149589247,-108.12078194932107,-126.41257301409263,0.4186883525225636,0.2148697211965098,1.503883796966151,7.694940551428185,32.99648583414994,18.331140820295225,6.372019777344697,0.7261750415435098,SIT_TO_STAND,high_fatigue,64.53309800788082
8.197932164904032,76.34971171748286,93.19047880140056,142.30104630590284,0.5810560444947581,0.5056163495906374,1.2461494953389733,8.070976422086614,8.899471518090394,21.309492344865316,6.950630263216725,0.1253744832612984,STAND_TO_SIT,normal,38.47529513262723
2.0977428129105817,30.665646287371594,49.7583241401494,72.07240402236896,0.39323894678782634,1.2489228006342186,0.5432696682579693,8.989152289419554,40.44454980118019,15.92800921264313,5.927734378121909,0.23020910600730501,WALKING,normal,18.74729694219843
9.401009202133032,55.68706846442318,38.0143423615956,61.900495984150105,0.3623606150908415,0.4404446904482341,0.9485899019479405,9.266154369011339,7.019346081424701,14.993194020106802,1.296312589336438,0.227482335990582,STAND_TO_SIT,slow,30.973420071105515
6.300005989286669,24.57170747452019,44.41169276937328,72.97063636137683,0.1273960554324534,0.06729542321178952,0.5630437016162378,9.02685150375633,4.345774675171793,7.2957148782316565,1.7217579875434426,0.21762532775192517,KNEE_EXTENSION,slow,14.62860422177879
4.798280161332463,26.393690551422523,88.11428732992685,37.670440982718745,0.47108153524090024,0.23112502265179005,0.636048753198448,8.211432702885398,13.917488987657794,20.91053869364656,3.423604929966445,0.17523261918875876,KNEE_EXTENSION,high_force,40.427112268930145
2.098781385827429,16.867371898119877,62.01777442966132,98.58796071698609,0.6503411277978638,0.4411616941570042,0.8672709540662837,9.183496358613368,15.283959733212324,26.274415838843424,4.1463097430434415,0.6423938675546433,STAND_TO_SIT,high_fatigue,53.94692281670311
0.20127168667653186,-0.8809309842107069,0.1389752183932021,0.5029579143257701,0.045355582497534436,0.0418046137635859,0.04369671229195034,10.116097453560341,0.981982562051978,0.3902576021701362,-0.15313545425861003,0.09878840843596362,REST,slow,3.5739058366173726
9.498891864930142,17.883672338850477,40.990058901724204,17.90582728778622,0.3571633722599655,0.6011782403871841,0.1293579698979794,10.388657874277754,12.198345801256671,3.5382427092830078,2.0637625942316546,0.27244816430822294,WALKING,slow,22.515647980401553
3.2025977170422406,56.46138744312917,-98.08979514421429,-167.93146604838805,0.20411694307691527,0.6393731341485039,1.3366446899788256,10.103736235847343,11.748789453015386,21.320354383191344,6.0349530866862695,0.20429027470327235,KNEE_FLEXION,low_stability,20.56560642026774
2.39740929519773,39.843123685111976,49.26410084128196,96.57932175486994,0.6318101950969944,0.561959261486459,1.4029173464788949,8.393912037631333,12.706596623865536,34.21647954549258,1.5773053344141983,0.21885951985492202,KNEE_EXTENSION,high_force,28.333753556929132
7.197001707715098,14.479133269513746,-88.35851162684442,-77.16977687513364,0.4062084524738094,0.4982827639343321,0.913566370089886,8.372024079776828,8.742346962846021,36.694484232096464,7.470262812430204,0.20332716781291552,KNEE_FLEXION,high_force,41.21649647468142
8.19858058987039,50.85703836439931,-58.630408068994626,-81.38350456659502,0.26611048349152766,0.22949475395220617,0.872484813061602,8.883178481719357,2.503994580914144,3.9844916778622332,3.507825782484495,0.6391633912366229,KNEE_FLEXION,high_fatigue,43.5822121471353
4.197885183031487,56.333210338296745,37.9578606685578,139.80482107359828,0.6164789157004563,1.3137890617427068,1.1024383970817409,7.847247639633919,24.179071760244952,30.32848600743448,9.88374243161946,0.21307329755947643,STAND_TO_SIT,low_stability,61.74389741425853
2.998989866922899,27.13262719368946,5.518507535299027,154.24436122602432,0.6044664813020995,0.3798127625757633,1.156795073010251,10.253507501151251,27.179144134138873,16.084732003255915,13.340587120083459,0.3619813634267426,STAND_TO_SIT,low_stability,47.58450067016415
9.39982754482578,33.37280656129213,25.17319697220113,52.82363676386373,0.5225691988512859,2.4530323470847955,0.33961575359602264,8.826116536285594,40.63836976007436,18.006121457295606,5.310714896867645,0.2305537722989733,WALKING,high_force,42.38163035507691
2.000948457166467,53.64658281704472,38.325290137155214,155.73502000275175,0.6485186096103718,1.0194778524649193,1.0757597491166941,8.651652121413285,22.36117545791032,43.60683263092745,9.42890492400111,0.41812334335576135,STAND_TO_SIT,low_stability,43.016829441585195
0.0979904614703545,59.539769395187776,-66.2302990660271,-86.62876109879065,0.3702358440254983,0.2745705914424916,1.3066486623199605,9.541856994973317,10.207609574095766,20.660284313919366,3.027381930541651,0.12404658999180229,KNEE_FLEXION,normal,32.90868102055533
4.399467205849615,6.553356740616583,0.41575956391444097,-0.022242674845090335,0.06753093242394682,0.05084958574876301,-0.033197996405705386,9.902296310941425,0.09958649376975523,-0.19883975196710255,0.24257614129793229,0.05063472480262306,REST,slow,7.212012583005572
2.4963114121284224,32.29446810770755,48.27271091639298,104.2896114128169,0.29659380058132423,0.1631785803225752,1.2035421079907827,9.480920800334,15.787493965842202,11.568642287743433,4.1126071464594975,0.11114025213376078,KNEE_EXTENSION,normal,21.665979481005934
2.9989296168498742,82.2966134741045,-109.14522055394342,-165.08835017550237,0.8476677545334009,1.1162747332985734,1.588723787070926,9.451675330692167,38.85832359494223,35.69093832548188,5.590280867208778,0.352803214327571,SIT_TO_STAND,low_stability,58.465898040778434
7.696912388491782,69.89553979800152,-65.2008959119881,-58.41487965156341,0.11146198110719732,0.12056406410867047,0.840890895229393,10.67329189131431,7.7278470164737385,21.64742722583246,3.308254385880541,0.5949008071563036,KNEE_FLEXION,high_fatigue,39.815603503965555
8.100005737187004,30.258742103151953,51.50915348697773,102.5309597539456,0.44342563972121396,0.43074048213249627,1.1697879156987816,9.60367378687645,6.990419252210213,27.39650616769195,8.35604035935928,0.11515511732457885,KNEE_EXTENSION,low_stability,37.63316949184832
2.1018449114664723,0.11510227410274901,3.421107859839698,1.30946399827996,0.06480407912873039,0.14942703395844603,0.2060623511997366,9.877026125747863,2.68772181097222,2.187639772046198,1.4000514797389052,0.13346207989290837,REST,low_stability,1.6034830314632957
6.10313658199468,82.02350642902435,-109.60116130024619,-143.2533636013801,1.0,0.6841540759525295,1.589089308894471,8.678312378410768,35.14640324490674,45.488939825168764,5.473788051292241,0.25931596527371953,SIT_TO_STAND,high_force,73.9418336232314
1.4000790481511864,44.259252457747515,-56.84806047989563,-59.610325697281155,0.21003783457918865,0.16854002583394778,0.9636744743069248,9.64995532276978,16.02604630631476,19.19074940429617,3.0601857282419758,0.693544830509526,KNEE_FLEXION,high_fatigue,30.701744395017492
6.90043956719226,77.84741105750588,-81.92632442884911,-141.7670900573462,0.8256703707083246,0.6139723126395147,1.5635274038207125,6.513690722790306,6.189825726136002,41.49419618586973,10.598277623825798,0.18703667366297472,SIT_TO_STAND,high_force,72.19732353846281
5.997275153352107,48.14091326885696,134.5992892486087,197.1148511389196,0.9871138638906032,0.5403410371792567,3.017631916713336,8.66858365076738,29.67623578637927,40.80047595523543,11.911317642893502,0.2530943056593502,STAND_TO_SIT,high_force,54.31216247329235
1.5965643954851563,0.7460132599872528,-0.5357838294722445,-0.19268566888190503,0.06048807970314744,0.1302782899645257,-0.08872984441894556,10.01185111037938,0.26683247536768917,0.08995835025139454,0.4084585368263763,0.6020257799346942,REST,high_fatigue,17.009009789862482
3.0998136266313336,21.541083114074613,39.617411705491165,55.95468075946698,0.23987841734534268,0.0555261271085142,0.42610834873577774,10.520035298027173,4.012327851718556,13.550190233910605,2.8366526133850978,0.1487977848643266,KNEE_EXTENSION,slow,18.030658666838494
9.096633707931664,99.3641593473346,-43.58444225887113,-28.690067791018564,0.5878553232502111,0.4014140734909194,1.2811278373993202,9.046559786662597,10.274079446806507,22.20603562491389,1.4643736540499142,0.17259259305338925,KNEE_FLEXION,high_force,40.988655848183285
7.398783265008192,3.9423202346270942,-0.4514374929702067,-0.044584659895967105,0.04595042284532801,-0.021537305357149168,0.005825378902129949,9.998981720180595,0.6351223945067763,0.38807437378278775,-0.9583804472680392,0.07983440232140826,REST,slow,2.3818098952240288
2.4988025056121583,51.81237367690736,90.39043754179444,95.62713766877454,0.8549386364361764,0.2848592869825494,2.005517745872431,8.328274136384294,8.510552929741841,26.70503424556236,7.213466699493285,0.2243537309757967,STAND_TO_SIT,high_force,73.0854024186446
7.500359207683695,45.975035499035,-41.424841773485916,-59.227155808401946,0.24148863266934792,0.06697860689405497,0.7033124175374467,9.56220652369503,6.690882454854316,15.64706399409829,3.8647703564827838,0.15920048863784472,KNEE_FLEXION,slow,18.91658577284926
4.500135973252102,6.003226916304104,-0.41520309155885843,-1.288160178941338,0.00887436084610805,0.022370735859459433,-0.008424566379966924,8.812421835427424,1.4147502516595118,0.17988651129162253,-0.1794903262602102,0.0328158796284886,REST,normal,7.070313274292037
8.50077817298247,35.86256158575363,21.842031587507375,43.285325349963685,0.40641798583896094,0.6836317820181793,0.27131500099975614,9.532551892347467,12.996317619403499,6.879979662880662,3.8982590644203685,0.25225547093821576,WALKING,slow,16.292863325228527
0.6976786983011184,66.82873229019224,12.059327265747145,46.904903185282066,0.502843464889127,0.2774257496684144,0.3857094253232603,8.962874289409552,10.543650975054671,10.58206817731905,2.0940430937538603,0.23758101079149202,STAND_TO_SIT,slow,35.18055838565026
3.100894943400563,49.12684601754941,-112.69792907466568,-164.6797032293625,0.7938252084848662,0.7158123549190402,2.579267002832139,7.569806254670854,22.28799304676527,47.682497249188096,2.2483491082135996,0.1358808266659688,SIT_TO_STAND,high_force,81.65542969086002
6.197778058736896,13.45711911641092,40.57227271181193,80.59772830959562,0.1868528963181701,2.483540224808601,1.1864559223743107,9.779356603399894,68.66904255952008,13.870157706947213,7.629044032518376,0.18051361399402316,WALKING,low_stability,49.041283796080904
6.502227391459208,57.45413384719988,53.00754764899611,73.13390661740449,0.3935066296436114,0.18247231053069826,0.7749675301672875,9.003335500928419,22.889722634320723,23.126672922700475,4.895485249162148,0.8086129810801311,STAND_TO_SIT,high_fatigue,69.87861246841697
3.0995798884540036,9.221532185188446,4.491009663560334,1.3087875932975528,0.1044492905493093,0.6953979662992001,0.334908114614987,9.412938937409274,0.030618676717255877,2.092305542476679,2.020699660492529,0.05087142091167407,REST,low_stability,6.9112922265515735
9.2957416042216,4.953793199325927,1.4608746380922843,-2.568932323755259,0.05780348271958132,0.12122819019727614,-0.08308029321270473,9.942390635441445,1.2373545188542574,0.01944168900598668,0.6562756365753846,0.05360727886052797,REST,normal,7.250365436410833
4.101467296460453,67.89247935895364,23.75876464579718,81.928510949511,0.4231368285378227,0.14718879891807793,1.0174338457192225,9.617274679075752,12.057273026240521,20.517466479265384,1.6556837658758083,0.12503106958456323,STAND_TO_SIT,slow,32.77912575940976
8.59875693330227,46.605307610614624,53.34078818343589,60.71924353787559,0.16731179529378362,0.0693279871331156,0.6441448413988751,9.171670435832308,10.942975309088713,10.181552668933582,1.8449061582801682,0.7863572510215961,KNEE_EXTENSION,high_fatigue,31.90087121884644
0.6041355250130279,52.314418111721885,54.22301993382769,61.85165318627571,0.4205962138612596,1.4576812871474374,0.22834153005200153,8.597124990518529,27.020383515610472,5.562754959559003,4.779186730129198,0.1256868142319298,WALKING,normal,27.207857659319984
0.9014470350866848,34.23758269538201,68.91728522835173,83.09139711370496,0.32227255355832585,0.33792039335119345,0.1695891117186848,9.345156891381068,9.450823476093925,5.118960244644455,2.8855602129999176,0.8562582789910214,KNEE_EXTENSION,high_fatigue,38.47236234765172
4.495928230345337,56.28686914079015,-62.597491708361915,-55.833284121495254,0.2195785865614167,0.18553063312428367,0.6136514959450666,8.781428238598808,9.550882747221799,6.1984949631266035,2.2633477536721993,0.2313590341832611,KNEE_FLEXION,normal,22.50333428446972
9.49900194148998,5.86901942974894,0.1348995228548695,0.6849438068614585,0.050976052979141734,0.1228786659568706,-0.00986265037187291,9.624754901853743,1.821593929464945,0.03958194403773597,0.2657379694644185,0.6584040409255326,REST,high_fatigue,9.971071687261766
3.2032142468325726,67.20760304295031,-43.92280973222616,-78.93220677171713,0.10914213634968978,0.11943675379360244,0.3590749485675831,9.456780343378066,14.11358674372946,9.292766435168401,2.6805818039547353,0.1437730432121259,KNEE_FLEXION,slow,5.340635379182107
-0.0026450822665833582,5.6225357188282326,-0.3775339894126971,0.33580956999725686,0.08440403406956994,0.08550617690302409,0.06818404441485858,9.482883311259311,1.53345264003638,-0.4214687943927253,0.19341887190214563,0.04881434707948136,REST,normal,8.39029794921354
1.4014543384993607,-0.9234523270304383,1.2685060622481052,-1.9489788643997226,0.04468419688229057,0.2288757909371369,0.018196915703772937,10.63601328996278,0.8342553553942047,1.413071143325354,0.7316485892861172,0.06705692940732022,REST,low_stability,3.451076894592346
7.199090820412503,50.25908182964031,-113.26172353560261,-203.07709035093387,0.8926738931984629,0.45073683283931787,2.792262908244542,8.479017276350042,20.94456202781331,52.06568097263153,9.766932221494363,0.1931092772715164,SIT_TO_STAND,high_force,70.80721720874655
4.097733885859517,53.13267032134209,75.74553115967906,124.31370567226705,0.44889008876489034,0.5308893939746192,0.582110537853748,9.648211738497183,18.16929772828031,35.981149664827434,7.051599950538142,0.7236606203212237,STAND_TO_SIT,high_fatigue,61.984653989834456
6.7004618076775815,15.521907790692406,75.8037850480301,71.07823601771493,0.19773523728175935,0.18598605590667341,0.559031029623228,8.871129336858512,5.191768620124854,16.385164306928196,0.9470757339702163,0.6753221172480057,KNEE_EXTENSION,high_fatigue,45.45723221394257
1.5985532667797202,54.41841123775779,-85.67861577422741,-148.5258153352865,0.9048434149519557,0.410364954135142,1.770960237398239,8.945532902903109,39.16453853190718,16.803615327737294,8.427757889626077,0.38039585495341904,SIT_TO_STAND,low_stability,66.78491027918518
5.502329085930087,23.79129741924009,98.66961861264416,52.17097570631387,0.53370786219697,2.4114569684765486,0.4616572742317663,9.005847264917188,38.09451111398315,8.743180730943058,7.220165018891518,0.15997924893818824,WALKING,high_force,49.3516867131505
7.002695709363365,50.26968888352506,64.14192223003089,175.73278632657718,0.7727325677144049,0.4184989768507001,1.8153795788454532,7.6325035606004,24.72820103514649,31.675255815287684,3.804484473361446,0.2406968060926364,STAND_TO_SIT,high_force,52.05426705533814
-0.0005792187567842561,64.56728798973184,-98.59385271722383,-150.30228802833113,0.9659632465766779,0.36813362432868646,1.9313484062912936,9.157914401893603,29.126430150121266,20.444941629128316,11.448025439429586,0.241285360112904,SIT_TO_STAND,high_force,63.23896027475007
7.399367008090392,91.49829630141883,-38.927029674168004,-91.282843185196,0.19416556367799112,0.06789449002446793,0.7034862882172186,9.641270459485094,7.69166641982454,19.485144940717408,3.463191184436023,0.17000841296829147,KNEE_FLEXION,slow,24.210222931665257
9.100968187425472,48.545917152649864,38.06151412923829,100.96251556377847,0.5836934074965099,0.2509745968023175,0.6764006910249774,9.231223547655203,18.27243919967062,12.836383071677453,3.6470718672744606,0.5912321249900094,STAND_TO_SIT,high_fatigue,75.3265141230663
7.897472475513752,33.059911243209356,49.59308088641794,105.25342222011416,0.531750593895906,2.316518100876542,0.8650411134294772,8.802905644420093,44.05452876117879,17.73025688470425,12.628061704730186,0.31323900079226863,WALKING,low_stability,32.1507055741669
6.5010970822227065,36.24493359493287,62.75518908470927,92.30459211151108,0.6196384013805227,1.9722869599161041,0.8242442689133492,8.552029558814342,28.99152991943172,11.138891962724783,7.779065935099958,0.17937947086313097,WALKING,high_force,56.95100753681962
2.6999855962315307,32.95862231837449,41.286861629387374,71.52007048256284,0.28712765176959204,0.7601431914954851,0.23288179699038855,9.609766954406094,20.8293503884058,11.215872341765873,2.503824842638213,0.6579389512309596,WALKING,high_fatigue,43.723998239057984
7.70109371359898,39.11331649264864,-25.855759067223516,-97.0564969923337,0.3076306561568336,0.49150314466815126,0.7440360138398497,9.759276001682046,14.10720173357111,33.37802750768644,3.798562680901242,0.35207997803614294,KNEE_FLEXION,low_stability,25.094385977219382
7.4014541956555036,62.27020718307705,-102.00003286712176,-112.9603641239831,0.6271672488503245,0.8904363583224119,2.8926476754374946,10.535724875076566,10.422812248816783,40.06905513937356,10.839980261235052,0.2925290220277471,SIT_TO_STAND,low_stability,53.65075540895663
1.3979246296423637,36.71059021168871,72.33286471236296,168.35185210729892,0.5398974472527673,0.5767165217228346,2.0084463842745146,9.047334226925122,16.7538219457567,29.418473946969307,15.124044325543798,0.3522647781637966,STAND_TO_SIT,low_stability,51.02562425836144
9.801185101643327,89.57236246732498,94.83159894265032,182.73489061373732,0.6980010555012823,0.4663530885010767,1.7118372512234061,7.35588126322255,27.82891447607237,26.208145706602615,4.6828659863803175,0.2565926157385894,STAND_TO_SIT,high_force,49.745411136193475
2.895761365171715,6.621333380795843,59.3536345218101,50.228241458444195,0.3556656120408002,1.8840782606464004,0.5558856499278514,9.442477313419865,24.159747945622858,8.242968312643978,4.500355559958495,0.5834598502038661,WALKING,high_fatigue,65.07542654347195
3.5983874789714476,7.24577176221926,0.07125248800680196,-0.8927943114003883,0.04643641893000248,0.05905889844589407,0.14129293297946258,8.967539093585767,0.9489485990399507,-0.5271775035435469,-0.5019160005572586,0.6195308085045564,REST,high_fatigue,9.167858868166027
9.599144891037342,3.937240877344689,-0.06465078104318321,0.6104086650777184,0.057455481169776064,0.028088471532001613,0.04894831864113276,9.611334387137898,0.6643381641463456,-0.6511222907822488,0.22110156555352087,0.0619224142083825,REST,slow,7.006952581755328
6.204891973775357,93.19489272920138,76.08805128723512,228.45427582939547,0.797094510429258,0.5940939327732666,1.883673538685259,7.871606362699057,30.364711621667414,28.158259226974483,10.444464640378742,0.2157775934019918,STAND_TO_SIT,high_force,73.42471768950986
6.4018263397746145,75.88471433030188,-95.49265783885943,-102.30797529471242,0.7370047988458626,0.5693073504858833,1.5051928790425653,7.995088102179012,37.417814751697996,37.48997525638377,5.184113022905978,0.16056393911032849,SIT_TO_STAND,normal,61.942312300572766
4.201785395995833,71.13462201470357,-96.05644434294382,-99.16180108216356,0.35403499319311726,0.2596288646004841,1.2466002243827774,10.018476023098025,9.40720740101248,20.640062935679754,7.501119847475629,0.20599066883518874,KNEE_FLEXION,low_stability,18.66378177693443
2.7995409202050965,-4.604451704856195,45.38622083555657,73.2719570751174,0.2855868794428356,-0.021692789549360197,0.4574827667033841,9.047236224190492,5.365710109671236,33.27653113179894,2.747276526109002,0.1995197859093896,KNEE_EXTENSION,normal,25.0521000380297
6.798965857100715,79.91365556837631,-117.7278712772948,-56.086827435779476,0.979211311987249,0.16165633130351093,2.2216224414362804,7.798446502299714,23.865076625813742,26.078087535145198,11.505405600186965,0.3073669426311433,SIT_TO_STAND,high_force,82.63467434473039
2.2969493173445246,43.07188862376638,-21.739998140215526,-123.65530575399603,0.39588566728217156,0.4821594031314473,0.7909853255945234,7.67221156586112,17.748528306716544,36.42339437842606,0.4247053557413281,0.2327646590752674,KNEE_FLEXION,low_stability,32.11996095038465
7.897278624781485,44.93512919402533,97.74755151124195,112.1763132757754,0.5537377499145824,0.19857187679982555,1.2553449044445275,8.75236209755791,10.044084490711365,13.030216823752923,1.9256861731345398,0.25314305753123273,KNEE_EXTENSION,high_force,38.56415038961167
2.502033845145439,53.24699290051971,-68.9099803920074,-48.85474129891731,0.4580781139853285,0.36721156057402315,1.3439042831746968,10.048235510851478,11.210764740679902,27.004869222262798,3.634679384957423,0.14333918510691118,KNEE_FLEXION,high_force,59.057210012150684
4.999962480081153,8.444444954678481,1.5811913679975076,0.45799911100799046,0.06448712573789069,0.1856101304931339,-0.013174865337142986,9.295061449394058,0.89737357920165,-0.05174817565296438,-0.3489609866414586,0.5275499808055075,REST,high_fatigue,8.833167844810283
6.400645598442341,45.77173351866059,-49.28564786576165,-10.412824855329422,0.35443192520391725,0.07201275231176993,0.5932932251402563,10.131278833166252,4.582059155415791,10.670896446754591,2.080352240969662,0.14047782571028183,KNEE_FLEXION,slow,13.250278166775153
7.196895975322875,43.139238283778994,-71.11785718009071,-83.58404851187663,0.20721278077704508,0.5888554219509015,0.6276314788516427,8.800056781640007,10.191247956026874,20.504541163775524,8.809628308212256,0.28076212119903426,KNEE_FLEXION,low_stability,40.12522797678296
1.1979998631879563,48.59373140931227,-86.8311915255353,-81.7662915496569,0.34274887197879506,0.2976345099576522,0.5690020313390003,9.056239588279864,7.898506391381976,24.51017334268325,3.1251975911646457,0.1263050936617481,KNEE_FLEXION,normal,31.291259790281504
7.000354460290536,-2.579624804895467,0.19695128975352086,-1.17457604039626,0.14745178814064777,0.0790254899231316,0.13993673807473167,9.44503472177665,1.365714883737589,-0.14842554267594432,0.43218420486593084,0.038895481116595895,REST,high_force,11.611346459076339
4.001392313848238,48.460437908534416,92.40266662312536,120.87386290224036,0.49683620279104573,0.7646197742168582,1.1898380632535315,9.837115628592736,26.025542703572555,42.02450384670493,5.162368240962534,0.32415793912775076,STAND_TO_SIT,low_stability,15.02283885577998
3.3999196691017106,2.460096510244938,62.78622022660167,86.65758158896386,0.22655985055784017,0.027785542892940995,0.5317909309656103,8.497787943280883,12.264180336662104,11.410213971733034,3.2309398779559837,0.7532768425997213,KNEE_EXTENSION,high_fatigue,27.457317430673612
7.800342545523092,37.121378260253536,62.76569253733722,79.40971879736122,0.3548926701667427,1.8402171195793322,0.6078635692303881,10.351255184836184,38.57737324892539,6.884340246302253,4.552414813490747,0.6289288864850168,WALKING,high_fatigue,51.065383600302106
6.599953096774082,76.58433878625257,-40.35031821031271,-80.83129189216429,0.23750877577852184,0.12746535321055188,0.5911621200069954,9.819010421856762,6.515023089270352,17.94357714128879,1.3914829480048663,0.16310242621207416,KNEE_FLEXION,slow,20.41389428993776
5.400699465633228,5.115550084397036,2.7581820259761365,4.586585172517175,0.07783977758295375,0.31308906351421284,0.1752483503674451,10.67847726478928,4.022538168059356,2.3529263268854335,0.8291299573334888,0.08814867656409188,REST,low_stability,5.053038873478158
7.598738053837808,77.7898883691929,50.15963129684578,153.93328106476397,0.5937476366445978,0.8650449430429263,1.6251401575034248,9.905016956112211,22.198442562532225,26.7966352924614,9.467309466935376,0.3499353652141458,STAND_TO_SIT,low_stability,39.87864887245093
8.400618004712172,6.099336065062934,-0.046180586209534524,0.2253962425108732,0.03315084441985337,0.019372704060952237,-9.655868723599014e-05,9.53276033225658,-0.23432978428700174,0.3450744093165602,-0.370265679672517,0.078530426768192,REST,slow,6.748684856892774
4.402840639175578,-0.9811634787459125,35.527416224789,97.24571532481208,0.5104857511547068,0.24450969015276763,1.0041698477184926,9.490615778420654,16.235324583033137,27.06780873554718,1.988559971232281,0.19225049939542743,KNEE_EXTENSION,high_force,56.20843017900363
1.3994076826942563,63.11673968225144,27.59731872026885,51.83821503000674,0.33209475991430526,0.21669089217351895,0.4442760937443111,7.5130024488203855,10.938730990644169,10.628610618775964,2.6580132366361005,0.2399262373365687,STAND_TO_SIT,slow,40.279543058807796
5.901426725142196,38.5371887562662,66.76501097026683,184.84220993400098,0.6042413245354431,0.3954938775167007,0.3955259258317938,8.168958499260512,18.287723627632587,36.145608604677726,3.026371944381741,0.1498192135608493,KNEE_EXTENSION,high_force,51.242772157540635
0.6005644687947268,24.7566858997236,65.39873612868311,155.02866505845202,0.8714382841075268,0.8178962932091538,2.0170212880218292,9.276186972976388,44.952764121560364,21.854128310277936,6.892943309476349,0.18156046496557107,STAND_TO_SIT,high_force,71.90476757071868
6.100481550925455,88.91327039045812,98.57503823622237,111.84033667693231,0.4835973451646425,0.9493114048953311,1.7463249129675567,8.140000367396388,24.403464394159762,-0.37949141957911614,2.834712091832769,0.19951008573520695,STAND_TO_SIT,low_stability,39.43570801811024
4.601924329086293,5.021396083292836,0.7556826496732136,0.897342015963014,0.18516711583243523,0.14685579390211065,0.18751217301984308,10.009360215764337,0.36391616818232064,-0.8012243137770475,0.8568564194103646,0.019702111855781326,REST,high_force,2.543726692628244
5.498779897261604,24.166884506300093,60.735237194607386,75.30083931305413,0.4141166645357999,0.8270759559486413,0.4891873546263525,10.047185008244915,28.7940143637315,10.72892428463853,2.1172850512011108,0.2061299092377285,WALKING,normal,23.160285340772848
5.200725809277636,55.96912547242959,104.91431695586031,77.2723766518692,0.8152370859370655,0.2954511212529257,2.2894481508315128,6.841726680047725,44.703800637236036,34.15198023642682,4.467287762773637,0.32121375066681845,STAND_TO_SIT,high_force,47.25626125252047
6.3999355952386505,96.29434070476049,-72.77775328295158,-228.96037519633668,0.6459287708133441,1.8005849238146237,2.0747598641266256,8.599686047066808,28.88689956569608,52.2634390362983,6.210813231798871,0.2836972432675764,SIT_TO_STAND,low_stability,50.825753462069464
6.701324163069164,4.400775271061187,0.38422793180153303,0.3522615015555875,0.033560203060221734,0.20097773883677753,-0.03249086378950729,9.705278436402065,0.7202562008665808,-0.21049014885334613,-0.3716627685586119,0.059100474406950404,REST,normal,10.405225843241439
1.798385057867592,36.0778960797968,32.158757818641995,19.121068504896456,0.21042323006281727,0.0748091911298064,0.2504160607788639,10.34828724826183,9.77338104250689,13.60747656416782,1.4663742499479795,0.14288627323771033,KNEE_EXTENSION,slow,14.879604700816799
8.398165977294042,47.15508266513006,-97.37341306871167,-99.3463993643897,0.5249881142051973,0.24837696201862813,1.7430878792260764,9.37720095824627,15.646729024442749,43.1762305902353,5.74619868188641,0.23189341065156122,KNEE_FLEXION,high_force,38.841451041263625
3.197019227247632,46.923912479238716,38.2960814710957,67.7225316204987,0.4697595937499208,1.335666905002487,0.6202634436991649,9.329892190647469,38.61099418261965,10.752649039006965,6.195407816474673,0.2356837119584152,WALKING,normal,17.90166630271342
7.299322924867281,46.565044078604586,47.60941220344089,109.35321585101475,0.3042432488306658,0.5440333326163689,0.7635937218316298,9.657442386074418,6.571833249983424,19.45822389996682,5.724466601742064,0.15686193051224934,KNEE_EXTENSION,low_stability,35.329914414028714
0.49688005728955326,63.59090119730269,37.90842345767885,106.37396772512848,0.5415022602400196,0.168317052023579,1.2305559722072557,8.051355218507553,16.202212332719473,21.09419913738803,6.866917844653323,0.2350241433855425,KNEE_EXTENSION,high_force,42.878656926944714
0.1990631356249645,63.58871109459801,67.3696984925416,105.19354158652234,0.49496196760163835,0.2635376237230602,1.2872899535952418,7.430090723608367,33.60089356956097,31.28581504274282,5.566428543367792,0.14270248255832596,STAND_TO_SIT,normal,41.94786068423933
6.101552261931018,40.81156670933891,50.87256424231475,122.90676103980094,0.5093591187972841,0.7715834583815491,0.47060860626280915,8.819462235612015,46.592183340733,15.069916686936228,10.497329361609037,0.27201540686120723,WALKING,high_force,48.72594351495871
5.199362421707695,6.966747970860167,86.28926602706373,122.45055526845188,0.5185041382274044,0.17750453676307015,1.401569862942705,9.522921393908094,11.944447345144106,26.268327596265802,3.501896781385592,0.1757807177699604,KNEE_EXTENSION,high_force,43.61763188402913
1.1004464139884913,66.5935320071063,-45.48946646203143,-109.2561795805985,0.8108722184435467,0.5887846507991373,1.2578450477527088,6.778297858250117,17.823128548576875,42.952545177863094,0.23818619761560755,0.28081774472394,SIT_TO_STAND,high_force,69.70921667250938
4.296733436468487,18.413587075341827,-91.9221468249738,-86.3957527401407,0.5515810888336294,0.2640247040263763,1.724915321339186,9.767286941008772,10.671543493714466,28.054089700413236,4.223482310757449,0.1602657894230947,KNEE_FLEXION,high_force,46.21600537134935
9.299004082412903,51.77064239495623,58.93058418476164,129.04532893631435,0.8104263674034667,0.33226892188997076,1.809213055268841,8.139990828067301,21.857482924776562,42.598980814088534,4.421414296393753,0.2379839109123939,STAND_TO_SIT,high_force,65.88343653402184
3.496877195554175,53.728929011824405,72.16556376421067,151.09490645095366,0.38366728091782976,0.7409909312989357,0.7678815585289023,8.283548806351806,27.528673621714706,5.544918303016644,3.693286911554352,0.17143598364530738,WALKING,normal,21.534177824637943
4.602594219130362,50.88499225309229,115.5342749070133,105.6419950128751,0.810554500367678,0.3760079848944785,1.7653636306221314,8.99640270345955,24.46931541422234,27.651481040036906,8.77894069973569,0.20804230226315618,STAND_TO_SIT,high_force,65.94596474563421
6.300931329404557,0.9500033950490838,-0.6717300504793446,1.731208630130774,0.05297099976483184,0.08303583104798526,0.05513601120592456,10.3154256303427,1.5966935002433347,0.21019448340489538,-0.8734958556513698,0.4571061833053832,REST,high_fatigue,12.5828857101026
7.702835172054621,40.67615183376838,39.20630579580226,67.67584935969305,0.16952720884381933,0.008646717247615931,0.1651544561560589,9.01962834326053,-1.173528591582886,7.004404350423818,1.7615290943656383,0.2525341926465892,KNEE_EXTENSION,slow,23.536797514161886
3.89879681113097,57.47054109650141,13.469570067955791,161.2543262700326,0.6539640174816895,0.8399325360856014,0.42286918795454465,9.010915339298583,36.678579757781456,46.48777196535748,6.152277919121592,0.30670770813734083,STAND_TO_SIT,low_stability,69.88514783972025
6.1999054823451,8.534199601204724,23.75923177104987,75.35953037282175,0.34942918388579025,0.4508492845710233,0.8009550232701431,8.140144768618638,10.08101353739462,10.687572869018709,4.632030775668371,0.19624734880151298,KNEE_EXTENSION,low_stability,50.330464271053955
2.398159088487502,0.21687806782087743,0.05024925163372291,0.944472087651973,0.04451071056130854,-0.02938504002477418,0.00047514384089847593,9.4282329288069,-0.08660160911532776,0.12083454554620877,0.12756837268882978,0.09820202989879542,REST,slow,10.628894906532324
7.80111515168565,4.909474243308392,0.3809198664867388,0.625032622921215,0.03410726516443331,0.023223068775230542,-0.04161063248061606,9.584038958350611,-0.6301103421518657,0.3139230416795524,-0.3831702315281296,0.06069974550440979,REST,slow,7.275913538800097
9.203601981201379,1.1840961185522272,0.3821627374743464,0.2203191162285615,0.04861245293366312,-0.039389960188046684,-0.0046880411417395485,9.372635304126302,0.4670788775698825,0.04276979953919999,-0.24736789713506513,0.06408642316658827,REST,slow,4.4359710361295805
0.7004655833931915,65.3752550277053,-101.9240278058049,-90.4455870747799,0.3319752381956799,0.21018404161964743,1.2826490592910573,8.490498175672357,25.92502472902545,27.096851909444567,13.445746968805096,0.2548101023212873,KNEE_FLEXION,low_stability,30.305847660747013
2.900323500422406,57.5948478056245,-37.577635068647076,-56.95281950939936,0.7671944854196369,0.589088711744327,1.1235978296517222,8.28473985764147,27.796050512482044,41.9157319567919,4.202525719595408,0.7688796875108872,SIT_TO_STAND,high_fatigue,62.75269812644604
9.098661188212423,66.34587379977751,27.43617263982228,107.68323229858677,0.3605716879102083,0.1542468091854523,0.6931303514223869,8.81232911170724,9.815718560278732,1.1760530189705594,2.1022813167268124,0.25159079094590864,STAND_TO_SIT,slow,24.657961100529224
4.095782491568079,42.794808012414435,69.64746763947956,83.63302343745102,0.6771067476110032,2.3527405769300667,0.6555572778520984,10.88504510305112,44.52491423599248,16.89225722281241,5.5907483000598,0.2648634602030298,WALKING,high_force,42.70821688604331
3.402477791743553,91.47988084151827,-43.7235505926036,-151.06445535822166,0.7708628643919182,0.4285534045789457,1.2640514230827862,8.624445469757447,17.24160971086658,38.3257656407386,13.409281655215993,0.11092869431315797,SIT_TO_STAND,normal,68.48235106828139
6.599437171568508,69.13154013285353,61.62210110488221,97.56166778601843,0.7282812683002952,0.12164599413495247,1.0142297666373077,9.097668070774102,24.505904573286227,20.956679728234587,5.950719795917423,0.6612369901413133,STAND_TO_SIT,high_fatigue,53.96190653701058
7.798917652772959,-0.09856281508347227,1.9848533365189387,2.5773836434338993,0.04367695736233677,0.019884521110231604,-0.08202789528365964,10.298147893912184,1.0065658039050818,0.1949320599139636,0.209618698250059,0.3079004685303066,REST,high_fatigue,15.645003203935383
2.700065894446562,68.58852980433906,-80.11060509592421,-119.70025281210361,0.5269110116627974,0.3684205178823969,1.055806885032055,8.210049673962397,21.405857205432945,28.41229125168126,0.09454515474087075,0.14324279940182946,SIT_TO_STAND,normal,52.65021985506583
0.09938560934590639,44.54987135246639,40.04970056652167,44.40891669959324,0.2861886813711295,0.05002896007761931,0.5401100509722746,9.327767523974977,4.053793578731921,9.503851663279967,4.070006091422317,0.11423561264402196,KNEE_EXTENSION,slow,12.808866904568106
6.7972758756468314,15.482040343500538,0.8458871610371744,-1.733479710035819,0.12247301207132025,0.49655704231703446,0.2102626490065307,9.60325727716647,4.440529139033924,2.0923561115323603,1.4931017872867225,0.0753941666025738,REST,low_stability,7.902187068237096
2.299058669069218,39.81647576537173,50.15326798406761,85.54727031193457,0.41421461322656883,0.2855630582985408,0.866553158807961,10.795162551415142,14.877262972197043,21.86113635900243,3.852689502654752,0.16984000055049062,KNEE_EXTENSION,normal,20.430294862501988
4.5025663182127085,29.785979096016824,51.006704822627235,100.67019933860055,0.684785429945456,3.271549933120069,0.5805534672069074,9.78170433612305,57.76703744454693,17.566893690066617,1.4103146263228425,0.1556556812858585,WALKING,low_stability,45.051755563671385
5.601559242041472,2.183458743735625,0.16669310865416465,-1.4821109687430232,0.14371868920566785,0.09015313282856716,0.06829241357177442,10.053544408572689,0.01002819393134673,-0.9281389446037646,0.12212612665677103,0.01100397648693937,REST,high_force,5.4565053568344855
2.203139472698769,38.8540167051018,-51.57135914617174,-37.340730868626686,0.7116542179916001,0.5302638971783551,1.3656623648877042,9.196731438810698,4.896806603475481,41.52417826449992,0.7139496204444733,0.17488988192574645,SIT_TO_STAND,high_force,72.061568761155
9.200403344987608,79.81054239961081,51.82828459980723,22.75211535618049,0.45087235012025323,0.2790280478117544,1.241678574269922,9.339014875335275,17.818788775155973,12.819092410513107,5.0972499101295545,0.49005060675147827,STAND_TO_SIT,high_fatigue,61.54042991321432
1.100932985633499,11.02064471612322,-0.5589138553483777,-0.3887758834675166,0.17409315982037282,0.04219006716897907,0.08862259660295627,9.440669703788316,0.4242195599974724,0.6434704065775213,0.005715875020032422,0.03615691856614266,REST,high_force,0.0
8.901886943352565,40.47543538365468,44.29897933394448,53.223355784481775,0.22841730991223663,0.07001120040478807,0.4127741614599761,9.885016237752152,9.201374549633533,10.817508224600749,2.7088462887978797,0.17029155452801847,KNEE_EXTENSION,slow,19.41492650657912
4.902627666898262,61.473839477645974,82.09615053479247,93.89953586103094,0.542084751185428,0.15838099656138582,1.289972591274725,8.858473944349043,20.459915151030692,20.445780389531073,5.889910219006028,0.6994956554465949,STAND_TO_SIT,high_fatigue,58.089391508559515
6.196635544174371,58.56840606353383,-67.90249516033037,-184.183952372819,1.0,1.904168134976062,1.511187262687076,8.621019366461699,15.398586198772701,46.036889500433745,16.151319830064978,0.26751213405741414,SIT_TO_STAND,low_stability,53.88581574355456
5.099313461451823,82.58658221957339,-30.65397909741607,-43.24621784387978,0.12992749364561024,0.11596405179319161,0.5483341618082629,9.786259208006076,9.442631176583474,16.09231122772586,3.8777516205924605,0.17566454187249209,KNEE_FLEXION,slow,19.997540974425196
5.300682504560918,40.86652575709021,-32.560272424338486,-48.50673832210913,0.12961691364500097,0.09469673483421066,0.2857163014663482,9.142906113471867,8.38838469778377,14.1159342386674,1.4836447819321226,0.2011308334719075,KNEE_FLEXION,slow,19.422839900751008
6.70434541324724,36.84972266792549,57.05067467881424,95.5835056997382,0.3795300269407209,1.7942506304375447,0.39131514833216474,9.679018641821768,22.82231651750448,7.785195028102751,2.5896751816008177,0.15376012049173635,WALKING,normal,16.906170165989593
0.5993203654422575,60.05717039571764,-81.12289883815404,-99.6107625437086,0.5374130825921207,0.46554439327805747,1.2312106306194457,9.411220665710973,19.401215536791224,31.861657297187076,7.35428840618481,0.17911326557271912,KNEE_FLEXION,high_force,44.64694094418078
9.299436091894663,70.51003224915354,-31.125539538060618,-61.17059367213237,0.20596711566078071,0.3355255555859137,0.45123740475028107,8.792941911329258,4.558485610547989,8.471153119517632,3.0468092352190985,0.12675506687831503,KNEE_FLEXION,normal,32.71626602253985
0.9998958136906573,68.2136771675862,102.93536025546044,137.15238992974074,0.7775889044581349,0.38409684396498295,1.942340564949076,7.933716316748381,28.793380035246155,38.311028191092966,1.9967503746993915,0.21715937131442278,STAND_TO_SIT,high_force,70.97631450886976
6.301840161562088,83.2331086075466,-52.23842105826019,-135.02680775194932,1.0,0.9519396910898495,2.2655788256346163,8.8067474121998,10.310429065617289,38.05752880746469,8.611410853004212,0.2750473846247888,SIT_TO_STAND,high_force,78.88323357649591
2.303608208078568,14.978766052293864,-50.109976548606554,-54.56825868054866,0.18535101011603727,0.044839700965208146,0.7414000196183556,9.83052435112797,7.459185132041312,17.231211446140176,-0.4048425391133333,0.1237246268073216,KNEE_FLEXION,slow,15.929164802040006
9.802718355766105,32.11688794960067,59.4038293334773,127.09529141410447,0.6504950217661846,2.102647004612767,0.11194918878014798,8.290795983577171,31.010934159112857,10.59628183031259,8.031820770124327,0.1848812828669116,WALKING,high_force,51.00719519294058
8.002387237143713,6.213895789062464,1.3062409240453143,0.48385111392117935,0.04825205600106793,0.1151092004325795,-0.12033057505565288,9.86433540678103,0.9951546063362489,0.12148957294236302,0.23495192676822108,0.05487504960803296,REST,normal,1.038533047528888
3.1976317433362036,4.190244136061901,0.6346894656364868,0.3186639944167485,0.03640120174826515,0.09239783651466954,-0.02268335627515927,9.241310363917574,1.3079750963260188,-0.5654426542621119,0.5792501117816891,0.039992778452062006,REST,normal,2.9424419714700716
1.3997353798741312,0.4091345240460836,0.7359121566603282,2.0439593088263828,0.04599078319549637,0.17040865309872055,0.03254425958892504,9.4263160327908,1.1629134664197711,-0.4095271610962238,-0.4370173699082118,0.6305525408210773,REST,high_fatigue,7.980452366720628
0.4030953152162356,85.33486154256049,85.32757025017342,93.2486056224602,0.7015239158577586,0.7521522320472436,2.133345084615434,9.957460412744432,15.426284347400001,26.978138034297487,2.2893382134608036,0.22825161567488286,STAND_TO_SIT,low_stability,60.07576284728458
1.2984701420029208,36.176028415283184,-88.55180521538136,-141.27592438588636,0.525828768577901,0.32991293905013214,1.425512490507824,9.109182982049067,9.542894230089974,31.651134492505665,1.7333966020564437,0.19322721713437002,KNEE_FLEXION,high_force,57.08853561744032
2.1038132375414493,72.33508649219404,-148.69015793264643,-126.22556545405939,0.6106519262360881,0.9818478303075189,1.891933724517383,10.637966464397042,43.09581489806168,35.247982837815805,15.46098497100867,0.2144754984631816,SIT_TO_STAND,low_stability,61.86521613531884
6.696643708757214,82.16254199491216,126.4861980823527,113.97652965062221,0.705850865014652,0.41984864382710674,1.8452642295575847,8.86005052947845,3.941969311505524,30.072451556336556,4.518809429827579,0.15103419998356088,STAND_TO_SIT,normal,51.453202584371844
8.2996258236405,52.287814866425116,53.987792180692296,96.95870576858138,0.6702989683351802,2.661857780162757,0.8601186636215933,9.286247086718806,33.81285804612582,21.03953665836795,6.601748271015974,0.19623015547272132,WALKING,high_force,61.883048253234705
9.09590470400683,52.555216414399595,63.35580847384907,66.1633093328701,0.3250166195256442,0.11978191438551809,0.32061438654562063,10.339586148544024,8.938263753415663,13.133773940421701,0.8150442554809167,0.8174041326578309,KNEE_EXTENSION,high_fatigue,63.13424779587233
1.2028292403203915,63.20227833905192,-36.091344066077035,-114.22565329441218,0.667884508179565,0.7514592697690693,1.3865332416329028,7.523697074533382,29.07883265135605,50.300184896481234,1.5422748541150222,0.7607020838361933,SIT_TO_STAND,high_fatigue,90.16306518651888
5.7004997604526535,7.298024490576717,-1.239607471216801,0.6052091969863422,0.048747532358890316,0.14270481448592273,0.08694684876187354,9.539621150468857,2.2144928968945687,-0.6247594509436607,0.14412018018173764,0.7999377265370101,REST,high_fatigue,11.633273619813867
3.898371660036028,6.34341577190215,-0.06589900207622706,0.3145614294475519,0.04781061560532391,0.0695808092514722,0.0037767151486427794,10.07661168029772,-0.036373285871359844,0.9856305014482285,-0.575778592830136,0.047439155720975776,REST,slow,8.850025603471703
3.0002756757163827,29.338356445670215,-76.84059635320857,-121.0238377541857,0.590418782570339,0.2821086657855652,0.8575894229751182,8.57509044544731,9.80592740862166,37.908736364938875,4.976398366233127,0.22524262462370978,KNEE_FLEXION,high_force,42.69455232665451
2.498789963293527,57.06547040712818,-90.35494801593765,-111.3816088331838,0.8796732344264954,0.6230975469407823,1.195199859683609,7.649038744590472,15.894011063960814,31.718188465399855,2.807970065622558,0.2535622880123967,SIT_TO_STAND,normal,28.6528609678453
8.804007018820803,6.043902494855258,-1.3679846579124268,-0.295241132432705,0.0551574960668601,0.05889707956675714,0.011415911977332412,9.26351980724049,0.42671656061531793,-1.242592833472573,-0.1487417295874688,0.06306489766562454,REST,normal,6.838896141423797
4.198135541917311,61.293526606946195,-77.10689190233286,-98.55510182409967,0.6901196604513723,0.2999104788906734,1.6519900532982565,7.680787270918968,28.78910244749939,35.04537594176202,5.8235137424830645,0.6082356217644255,SIT_TO_STAND,high_fatigue,71.52822136306932
3.099008766838781,54.77636233625178,77.92542598577349,92.17035867918321,0.6397941574255537,0.8253777354543096,1.218469248903186,10.350888054819372,19.04931149938497,27.163920350241945,8.581856067501587,0.27047844294234963,STAND_TO_SIT,low_stability,35.30344782677563
7.600281840543005,40.31425456869311,54.39002336410762,113.2956400520041,0.2509642101896627,0.16751685897932853,0.5749079760228628,8.779787561234823,13.147122227083308,28.812269458054786,2.605807675422817,0.18080312841332125,KNEE_EXTENSION,normal,31.8421938605202
5.398317079693811,5.387996055519576,1.7846765546119423,-0.2174551363375021,0.18533538988399065,0.10886810961150307,0.13296351042235824,9.459357373091391,1.0206451746250953,-0.36271525893387146,-0.08688859053336151,0.03903681750312594,REST,high_force,5.382844675118621
0.5005551208991097,23.58387328821338,35.60980937333327,49.68995185534469,0.18370804858739118,1.1048292712165446,0.1418094469302363,9.878836823010303,24.929596849033974,3.855565284603682,1.230809971888405,0.19683448735777706,WALKING,slow,17.193857440562134
4.398521334218565,69.24153539497537,-93.63933112557235,-141.50511650894063,0.6824760326318295,0.6151913597773889,1.3966807504288437,9.517726672602922,10.918696795253366,31.74545108275602,1.7787470051773555,0.1954133790595379,SIT_TO_STAND,normal,63.17127493864706
6.800556380058725,37.02334234828339,77.32336782612163,55.946102619011505,0.4176884349337586,1.5291034536196226,0.41948570512873695,9.024318344649677,38.330121987814515,6.438106884630931,6.711461417577815,0.16277015556357094,WALKING,normal,23.669104201184997
3.2001962995563935,75.12489745494346,125.07601675319405,205.86386350554034,0.6242138191272176,0.5130324886057931,0.7670996867968055,8.581347918965402,20.673084417025798,26.040397322479485,5.088094033403146,0.2376617750927547,STAND_TO_SIT,high_force,51.73050465236427
4.200762408873218,53.301168616920094,46.53713066617501,14.177246900018634,0.2407253316999415,0.134897844311845,0.6199486788372982,9.293993529151493,7.1736987099128235,20.611355189530297,4.606923685844691,0.20897785339258682,KNEE_EXTENSION,normal,23.899162899704294
5.702291524576782,13.21096387901287,70.58721714186551,59.11088853053681,0.5289119730916035,1.6404621798860408,1.3962034764971063,10.349644687891738,20.771436868700953,6.596845196513344,5.880437119733771,0.245566884712362,WALKING,low_stability,11.876745070252134
7.203160671424321,69.84698728268908,-51.023377530073056,-77.20038064961135,0.3501918531440799,0.13861451692410307,0.8045492979837899,9.164074984881704,7.887167239301304,20.612837601413197,4.354713323113845,0.610782779977798,KNEE_FLEXION,high_fatigue,32.93704166069445
1.6993564690489933,16.290335155417555,46.77133059025233,138.33910349620018,0.5180166501511412,2.345058739680212,0.911818749772125,8.486183086008577,40.186292515517785,12.88996113612017,11.045168534756172,0.18959342881533395,WALKING,low_stability,44.15585616583608
3.0008907216535032,69.63685185394583,-93.14945906909024,-106.51150260989111,0.44164384902864806,0.03412644855695382,1.3205810132342952,10.014705396516243,21.615440417448106,33.420056448535036,3.421329042980373,0.16142018158597923,KNEE_FLEXION,normal,26.352380472274856
7.697555053032346,68.87222275245854,52.80483488558271,128.8251554806135,0.6934341014471399,0.628247250323125,2.0922317601395637,7.300891644797437,31.978431366601946,35.787359106047845,8.20845680645635,0.1655584480239355,STAND_TO_SIT,low_stability,41.18535531835944
4.100704005907875,5.045873982261467,0.28393958648644696,0.20331576891549455,0.04836802539614152,0.03235892478039511,0.05487943562459521,9.447264656654442,-0.057835252737208145,1.5148329421509685,-0.42633939013121974,0.09528228811003579,REST,slow,5.093026340429483
4.2974245307461985,7.447111684487083,-0.6599808454777977,-1.2738919295272886,0.03536386569633511,0.12721207279978816,0.010717209736040206,10.574738197779052,0.4737880015194239,1.0708299012673475,-0.21849033235333387,0.5948661997463204,REST,high_fatigue,6.388040059381156
7.4012053258091965,68.11204388052111,-39.6597328977644,-69.65659408135716,0.5743225884959677,0.48728855758194944,1.1110890343332573,9.054280757024607,9.545591656915159,21.55244676741244,0.6977395182693008,0.18978886669967773,SIT_TO_STAND,slow,55.950234939051676
8.600227922157675,4.677934309103554,0.2584679627769387,-0.9561743515059073,0.07014281638473539,0.1267062227951785,0.01158491316410418,9.909741685529779,1.449865863618342,0.6924230589194939,0.44101093017309173,0.7283598630108136,REST,high_fatigue,5.438551837760881
8.100722950896177,35.9286237403542,64.34753317584926,58.624580595071,0.44071042407292027,2.735495366691137,1.1138319520507864,8.178820545237935,53.71278230675171,17.48048587588384,7.966268192617847,0.1629308660091049,WALKING,low_stability,38.89700890390535
6.4003338417150335,47.92330107019828,53.973722516906605,98.0302703361435,0.19277125317495739,0.2037807529402847,0.9886502026606419,9.753626252609829,10.677026359064802,17.147161069626502,2.546515395359899,0.22232825136106232,KNEE_EXTENSION,normal,32.05486729284208
8.398992862137233,84.46423039898505,-43.7149703423546,-183.90589311130336,0.812588848737618,0.31114359770993993,1.7325516801210972,8.23394418822435,14.525675984401278,27.688556962763375,3.69539515958568,0.24602487383872293,SIT_TO_STAND,normal,44.29749618406888
9.900715833301707,67.17178870837839,-119.18781791883053,-292.6899186570681,0.8040283060216469,0.4620239102192165,1.644201280104693,9.587751343243804,20.8250551136703,49.656779225597276,13.882153271381611,0.2322123965099171,SIT_TO_STAND,high_force,44.27218392391147
7.496204128962997,0.6265262035902884,0.01620432252123995,0.19314146080812478,0.05438739816589409,0.13162913591144423,-0.11215265512730814,9.626222089925538,-0.4318850234572989,-0.8803957340914468,-0.5659836774281017,0.06783504105601766,REST,slow,6.221484311592389
9.401804930634851,66.1840560503515,-115.66868606687362,-117.16609059287889,0.7685137371643236,0.7304531986583279,1.5775033961109597,7.839205109287641,22.152605591813053,40.56143912981401,4.643958189809247,0.16868369817038714,SIT_TO_STAND,normal,53.92388389445811
-0.000481048806281024,52.693790319900884,64.93622647168347,21.478501630007653,0.7158194345680877,0.0426598056163269,1.3621940733533235,9.279325354066042,11.273381400145476,15.266439233769061,1.5519886662909559,0.1437187410277352,KNEE_EXTENSION,high_force,32.5619244496317
4.6005599935528565,77.18595302841184,48.92411498357473,34.58236587338453,0.20075995935025284,0.6785125082890736,1.0197121741762152,8.962998287910931,4.498944205697978,34.01325323968156,5.1857210916508105,0.19832763901191494,KNEE_EXTENSION,low_stability,32.162821037908586
6.301675042926661,41.54983474405256,60.65673183971564,62.906431105219596,0.4662490502112119,0.6811123075674063,0.8402800767909969,8.344006411057203,23.913840673291702,14.590111773200098,3.425332442683395,0.7197281940547592,STAND_TO_SIT,high_fatigue,59.83845474634092
8.099012566617137,46.86874574510679,30.471028733950682,55.606601643802605,0.1671211006549659,0.06270371362842794,0.4074652399421508,9.22149882267561,8.948906541893118,14.45684524487827,1.3030546272768595,0.1592705784807483,KNEE_EXTENSION,slow,12.084890806595197
9.699925496087449,65.39117384932095,-57.84614898591531,-106.51423786773863,0.31431794009489106,0.14136410857471093,1.0104346674454316,9.641577101529379,10.096178323344159,10.644814372764216,2.5125109315115064,0.08650838698352487,KNEE_FLEXION,normal,18.803485545240015
5.502622787696308,36.961538448513096,-14.456633482660692,-40.9974745015666,0.22296323338620044,0.1481448060038079,0.416463757804187,10.30102656942257,3.321085129637185,8.722637050472299,2.099344718168318,0.18916474409388753,KNEE_FLEXION,slow,14.70779062094649
5.600241252700784,77.14423467775029,86.53992330396578,145.49593447050682,0.7385441779847784,0.4033917169469166,1.6198128495325068,8.576609829477663,11.796413588350664,25.22382415294976,6.6783087387353275,0.18170027940411482,STAND_TO_SIT,normal,29.6240266564402
6.997840613132397,56.753878526145115,22.37269945780704,83.41580662959649,0.47108319145147853,0.13017221096735915,1.189850618678811,8.31658595364238,14.001681579849738,15.712009390655037,1.0331568314211244,0.2240977320479009,STAND_TO_SIT,slow,31.769356625058265
7.700372105687305,3.7582709299791537,0.10685695733335808,-0.47989448933625567,0.05445862543023751,-0.023252949981768516,-0.02685226108133243,9.676332452156378,-0.8628752158670259,0.08830898950749223,-1.0550394948496138,0.07441558161576634,REST,slow,4.554355648485577
7.798586648972229,54.49108080800911,-97.42828368593142,-212.44265941490306,0.6552858490183019,0.6153684903442702,1.5916349399694418,9.570732601490386,22.170493579230733,24.17875463621044,0.08485221171658433,0.26527764663394365,SIT_TO_STAND,normal,49.568151329569524
9.796908400808002,44.40041925570549,62.7115732136209,70.15601285474015,0.5002180421830508,1.190600341557457,0.6430677117316204,9.909713895638719,32.29552647349117,8.564065815573741,2.4182030630548943,0.13911161560166324,WALKING,normal,9.913621164131433
8.997045308906936,71.4577338808024,-37.09418259843635,-49.59969567589053,0.1835716262814532,0.18208599260907446,0.6120060088891989,8.941741804684792,7.938104947670438,3.417435976652896,1.409424072480648,0.18797591394588067,KNEE_FLEXION,slow,12.064679307548715
3.0985069225891335,23.071180551787595,75.70676580831328,148.84344769271092,0.2520878964701361,0.39067430926661945,0.9293114403675514,8.786951539384248,12.816611895567748,9.038033883309827,3.3051853625647727,0.12110886581041201,KNEE_EXTENSION,normal,34.7614571558623
6.69971794608481,40.711610432705754,47.264407365616876,55.93888590351012,0.22850487400229377,0.07149122517778762,0.798265686519556,9.969800065227059,-2.9946338513815203,15.007705892197635,1.5002469620869372,0.15533346965349484,KNEE_EXTENSION,slow,21.9505222206192
8.599488512432337,27.716197779482144,62.274795785125875,98.98648727833485,0.5434202071618752,0.2592631087910482,1.1617731092706785,9.28815254071332,18.889829889619293,29.918592565445355,1.7035242226293337,0.19219676869955615,KNEE_EXTENSION,high_force,19.432091806197796
7.901934880920276,4.509229931724388,0.2509403845257781,0.7765296747103987,0.07386955252860464,0.16863835130111804,-0.09139724022612816,9.746320478760905,0.5486834403050421,0.07046350406324907,-0.7221149572787239,0.7044509543271272,REST,high_fatigue,6.569226902744834
6.702675590341982,36.606091039118056,85.70379588532256,150.4508609799142,0.7010101161007961,0.2531553553582435,0.6477551272799353,8.396263585312882,9.854334023887592,31.96584113834285,4.271719392487991,0.6598558708740486,STAND_TO_SIT,high_fatigue,58.979088609219524
5.698908664640821,93.48149824193774,-78.81620158961928,-146.03986046596964,0.7955862944987477,0.5167810463294471,1.4135501873406249,8.127161411241682,19.520274601178862,28.920306929931858,7.618593056342623,0.3046146589551231,SIT_TO_STAND,normal,55.4680534192994
6.799749661962256,49.11743054525363,-77.31107080662531,-117.96577217795749,0.5260179091075563,0.15717617841292705,1.0843231034458998,8.727449980664444,11.202023890603295,25.298596148995337,5.383747172123725,0.1798653759600661,KNEE_FLEXION,high_force,54.771121347353734
3.2965546822621885,42.10189034458523,59.15232622360676,81.5804526183149,0.3936929130540517,1.327730531340324,0.673812382010444,9.6709028404535,26.42453353769939,11.734119165044918,2.8464433862877057,0.1546486271411239,WALKING,normal,41.94742808955182
0.3011011036398491,52.18613938357283,-53.44353850682218,-75.65805667045791,0.5726144371376577,0.5330158673028991,0.5647124366964712,8.337930646010301,11.359904750667358,34.12852704252682,-0.1913436102353493,0.18545881323882557,SIT_TO_STAND,slow,40.551005928476776
0.6001349753901836,67.21643184736533,-30.719627816364504,-87.74679477392644,0.631766234449483,0.35144866590427054,1.1135927307322246,8.646840205368113,17.104639912583036,16.547556229540415,2.9948348863983605,0.21640195091850783,SIT_TO_STAND,slow,46.87678707350471
2.6999900761954914,27.359999599019243,63.691815596767135,80.06211196893659,0.24116695518076148,0.22677943525987385,0.6119222558768377,9.114136780550881,2.5210128707858432,10.809037004510294,2.3204157831423986,0.6205396350193252,KNEE_EXTENSION,high_fatigue,51.693900727277914
2.3002334777650106,88.32688248479151,-43.77730717117733,-71.17288648391809,0.6561969410055036,0.27775371613810684,1.1442457683808487,8.273963365484219,9.462719598397825,12.543282863556174,3.723507611971799,0.20339899621747326,SIT_TO_STAND,slow,39.711206942524456
4.199659358558041,43.34365342249515,65.19830110493618,25.159031343608554,0.3967635242664581,0.8329545425124203,0.4659772382913707,9.632051649213123,21.835442584923992,12.977031615526213,1.400965167550568,0.5913732151355519,WALKING,high_fatigue,40.17069817406114
6.197487890414264,4.18556758730868,-0.07664639283299884,0.65669503477521,0.047805156954191096,-0.026761300198741733,-0.039158284877535095,9.586376191932862,1.2353511982798444,0.27792589114387983,0.16526814590102157,0.08431015938603513,REST,slow,2.369941788924493
5.100628392078055,95.91384063931984,112.54551063533033,142.73717918640315,0.4020841644037435,0.509974499001508,0.9740194389391819,8.602607518637914,24.795629749716532,15.660825759515776,6.821565078997498,0.1073854835112071,STAND_TO_SIT,normal,40.993044775392065
6.501814423469168,29.891504913607495,46.20598804652642,30.550699887361088,0.29482903939693844,0.7969041858038962,0.4488381611169736,10.31007604740682,26.11213381439782,11.157955035912703,3.502255828551924,0.7009165793199168,WALKING,high_fatigue,55.01505553204402
7.1010423515036285,4.2495959951489315,-0.19123032988446043,-1.033603306926121,0.00750337478235366,0.001756770928048542,0.05910045058436663,9.448642795363547,1.5878668864897698,0.0662971798418334,-0.026734878403125113,0.5567118126819028,REST,high_fatigue,8.996806906831804
4.403325763489642,50.930042630614736,49.86034314651891,58.1209090173605,0.4695454823124095,2.9108712936901835,1.1787635140424368,7.676071480230382,47.70143635155589,28.090783511108224,9.640493699897691,0.14225525677398382,WALKING,low_stability,54.25872700568445
9.80204249947175,27.15494588390393,38.43440684758657,63.69968286336388,0.3049261107242389,1.6512902020995042,0.7258352044791745,8.433524150648138,40.77177728624981,11.490125014241523,3.863579976921556,0.6664120112867404,WALKING,high_fatigue,60.781827637103376
0.39749909555442825,31.376212580892453,79.14359972592987,147.0988532766315,0.5230946790625104,0.6423385789719144,0.6798523193457882,8.240352517352168,12.621606883899949,33.60304957565339,4.706927321237709,0.6369127413583116,STAND_TO_SIT,high_fatigue,58.03874677459684
2.99890089475774,8.823238492913623,-0.3899538128064099,-1.4617111033181522,0.07704979264441836,0.04752864059838564,-0.017917881546661782,9.028261194011275,1.2905718745979584,0.1983693440882497,0.004291300756628031,0.07375268785442242,REST,normal,2.317377944061568
9.00016749918539,47.06163186331916,67.80037224938485,86.90649961330327,0.33011611169897925,0.3339323472249699,0.7165385001926977,10.469952757662794,9.098529426689456,19.515006130649724,7.452203840111483,0.17721743177793767,KNEE_EXTENSION,low_stability,21.226711191345874
2.3020562381919527,1.9985090408081512,-0.5107833934510032,0.7423839490137623,0.06448139778911963,0.11803073936621199,0.0406921660752186,9.358752526776604,1.1840677582924253,-0.2695087223160509,0.39756972969203686,0.594927686591118,REST,high_fatigue,16.64934627124462
1.0985807524918119,49.50412261041757,54.82709218438617,44.721459206582246,0.38657622044710827,1.4371531039280214,0.558549348377586,8.79246608274844,24.277340623990966,10.298955380146527,3.4217680129912043,0.17641601616394384,WALKING,normal,19.331498276661847
5.798167439461897,46.36414523431716,50.69789352415569,89.21948502418984,0.43953668227390663,0.08116827289589196,1.1184323808187717,9.684421980081197,14.20603080289478,24.245823899267027,3.911946348116105,0.21271584059822918,KNEE_EXTENSION,high_force,30.522826037775875
3.696684524863222,24.168751175448154,31.941738896439514,106.28189218887212,0.24749565258706335,0.23572175803917944,0.900764420518954,8.189210264459245,16.10278486468558,7.283193559452938,5.012294065003818,0.23578214505356687,KNEE_EXTENSION,high_force,39.83364451873447
9.300107616107601,83.30584420870525,-88.37513475176974,-165.27401496980383,0.9624197453240546,1.1831011623499492,1.5744451093710727,8.13057586588766,29.01295646402805,63.125920378137025,4.699738586206584,0.39765292358636345,SIT_TO_STAND,low_stability,66.5882604910572
8.599331150421362,75.97017886299308,95.25166874499727,150.50158811096966,0.5374597749159231,0.22716704693862735,1.0924895240120596,8.832986534908907,18.963169785864274,26.165370846017804,2.41728685752032,0.3243956247698452,STAND_TO_SIT,normal,33.538505056570145
2.9005882369097087,65.31682704419839,32.44968684327384,151.52987339318247,0.6005967138770241,0.34369739179123987,0.6279206602293556,7.179224026696227,12.861376351802233,28.56447425030435,2.770139317612352,0.754259994316892,STAND_TO_SIT,high_fatigue,56.53287930015499
9.702432317302595,57.62102675230588,-34.58892295790411,-103.00751776198918,0.3031063828767567,0.28594048720494036,0.3456838055200024,9.003408964623349,8.910644121825605,15.602375881420489,1.558257401617098,0.6589000353886085,KNEE_FLEXION,high_fatigue,30.718923116912556
8.695020840969661,33.21763563694348,76.63959075465525,115.66593881683986,0.7542518903407851,1.8469838724277892,1.1992689281860751,10.292830699924062,37.09487123390794,20.89513413176005,9.376258176026969,0.2225754140169403,WALKING,high_force,49.065691191020136
3.5989218972114814,36.37119297828882,25.16137825611202,23.909174713331133,0.22310327185519496,0.1353969073135175,0.16978711507479444,9.559413223300703,-0.3879185361458471,11.274415701468072,2.8327380562467015,0.16117042701994574,KNEE_EXTENSION,slow,25.34549272826103
3.798128208325086,24.21336646014211,15.515597319383277,122.34324134237248,0.19234236438112576,0.23541941029422495,0.7185953906801976,9.648917231130424,11.979840035632293,24.176919610877736,3.1187934215330793,0.1834193442857765,KNEE_EXTENSION,normal,19.122123934646815
0.19945988065289394,3.927243244542932,0.386133703296846,-0.5414637469297381,0.024329031556720775,0.13730133903300407,0.02968171498154256,9.437116273538505,1.4864055190190157,-0.7353653934786186,-0.10567864800268988,0.5445999054116352,REST,high_fatigue,6.575811165061517
3.2986580007720474,-2.111491644301519,-0.4594579339414333,-0.9631589880978754,0.008599492983891458,0.09188158070038396,0.0023193853455212568,9.042744939712032,1.216911933066323,1.0439332940375226,-0.5701593137233764,0.70128091542036,REST,high_fatigue,15.350663467511898
5.098093949102476,89.52687776065085,-30.73877263600632,-77.14248208329838,0.7514053179873024,0.3344546222818919,1.2540414040746426,8.497064601940153,8.529095906363244,20.5463143192131,4.7111866092092605,0.28892596633685097,SIT_TO_STAND,slow,51.126549819686915
7.300746104636869,5.60107323225278,-1.2268072689019145,2.0931279825020956,0.06800759836260292,0.11760538373945607,-0.04525747708150273,10.390213489998825,1.6619840119520906,0.026505672589320003,0.31080964892639684,0.018144114805569447,REST,normal,2.006444050267923
3.597651250897836,33.93220294606474,106.42751643038409,119.40494468445635,0.5947482077860053,0.8096093260881753,1.809481317103833,8.501631294061902,11.871568669215488,36.75269065702312,5.5188458500717426,0.1732038134242605,STAND_TO_SIT,normal,38.568013279407126
0.9015040084397679,54.2282127897283,95.60113063962778,129.57207993532472,0.417819231036869,0.5125740078711778,0.24809547972242796,9.224951229499998,22.477856426989803,30.709396014651613,3.5820250876130992,0.1740665689386528,KNEE_EXTENSION,high_force,42.803679189157265
2.099788650232454,41.12178958163369,49.49570368349916,53.4864127083845,0.31960011898857,1.0633608530855525,0.3860211394340124,10.056315184432181,10.701427673436116,4.6705195767004515,3.77920642421264,0.13413924302016234,WALKING,slow,18.584270900958376
3.699101160788875,77.72661998797206,-84.86246187059497,-77.4554249773427,0.6096730258588046,0.44585431436250866,0.9434929800286893,8.251382754512381,12.022495173354818,17.101469461092346,4.372300304771555,0.6462205935822006,SIT_TO_STAND,high_fatigue,74.35768578528139
5.90077288295133,35.49434915158296,64.23252728992817,136.19195641135448,0.5725988681286068,0.05353199342538054,1.163260508801952,8.849496402710946,7.343808362305155,30.925924180535368,5.6955678057176655,0.1748724890816655,STAND_TO_SIT,normal,45.2219305642017
6.597634365175415,52.87119914713659,77.69279513460974,166.9005656760449,0.556589774228598,0.31709706743756383,1.0473974535613944,11.107021661492215,13.517299596907602,17.974427649359388,3.94929146090399,0.1462504345005955,STAND_TO_SIT,normal,40.13613328856055
2.402721437775082,6.163827765609901,1.0508896820511575,0.8837283138152382,0.051843594135801085,0.48218093181071614,0.22943291625736087,9.860369279043121,1.5852014542270518,1.784368731858968,0.41783598041481834,0.08943095059869627,REST,low_stability,3.2090995720820508
3.1974099206463373,6.540096212500943,1.2868930848326687,0.5764368303685539,0.0373398052734661,0.23458107848811044,0.34702327268821914,8.742169460618886,2.285780771614766,1.1785812929434276,1.1183036640215371,0.1269451537152187,REST,low_stability,7.624067518757941
9.20192096650344,102.22988623105287,-107.25654505689293,-53.46609836400304,0.740297875721041,0.3934995839823815,1.900693370307609,7.55754125360588,42.389352045032744,57.155781995869035,2.739606437372963,0.34345178909122187,SIT_TO_STAND,low_stability,55.97304599082261
4.999855050247732,19.163507594952346,47.2293862082229,47.29018284813204,0.3206153227969313,1.3143427014491347,0.2058621554220458,10.038029717000697,15.796952562982296,7.512323110603993,3.1675831287742686,0.1992705044785943,WALKING,slow,24.134340901842865
3.600699737559217,54.684081673953955,-95.27159102314295,-141.097001307681,0.48339682785640914,0.4751273307511487,0.8068684588590351,6.405748627841106,18.938614400374806,21.347968205814443,3.9573555339133066,0.20927801414973163,KNEE_FLEXION,high_force,48.27014319282905
3.296994869497072,68.47636073703617,91.87363424506093,98.81382589812561,0.44602255680944486,0.4090937633214009,1.5339504122733014,7.639058410980827,20.739704340257475,28.025540593916194,4.335648196532473,0.14076149646950348,STAND_TO_SIT,normal,40.60171414479216
6.3008053022749015,72.08398795439335,-29.570849936404418,-72.55389642952365,0.2585662407840542,0.11318975055101003,0.5033588057932806,10.400661829915972,5.688164413774875,11.67559944616244,0.9297067322693409,0.1909730014493818,KNEE_FLEXION,slow,17.598789289638955
4.298187897999465,44.123819929096335,16.257650527392627,86.13729326133465,0.510283915636659,1.4621364854136234,0.5369250009675528,10.428250015059707,24.114206371900906,4.076392382902079,6.34224940157124,0.00280561656587594,WALKING,normal,23.2498696976849
5.800246475432232,58.328723501674226,89.75604600502362,45.753189783151775,0.25105873173661586,0.09528395690348876,0.6495920788816708,9.20411246227184,9.473221916364091,11.114915108845361,1.662478660198937,0.6586610641452728,KNEE_EXTENSION,high_fatigue,35.07472334139161
1.7985477055496746,100.57639460228592,130.86141740034878,141.09967743654485,0.5372559747419866,0.7258761488364333,0.7770056523990889,8.923115903300213,24.406226002275886,22.163758874039665,6.829966709269841,0.2375816284329202,STAND_TO_SIT,low_stability,44.281089199802835
2.4039844842690807,83.95046111669181,35.25580144692842,50.51656951037503,0.4944646839875258,0.05467054050005447,0.5611959749584484,8.94942358230433,6.377506753717628,14.999820715059053,2.786031430457671,0.1618349850535226,STAND_TO_SIT,slow,20.957244350654832
7.7004875743874655,87.46020408495386,-74.69631609325826,-69.52220724546422,0.49347248456217935,0.16593279511745418,1.7038270266457636,9.189096663110696,18.40218729297926,21.834982452592623,4.640722643366077,0.2264228655271242,SIT_TO_STAND,slow,67.16730568426364
7.898829275390795,37.722641113766585,16.79903501714589,21.288404329832122,0.31680464172847933,0.5907357152155622,0.01055816699279397,10.127769876464331,13.46634388725247,2.907871631163621,2.3622746293263486,0.15335548017911282,WALKING,slow,10.873242323689814
9.599646967384023,34.37108512758401,-78.50935028533473,-119.97135506259121,0.2960623547925015,0.09250880096690348,0.9760512726839139,9.699387914580429,11.235068277968086,17.99851650966951,1.180489311454685,0.12936902646998877,KNEE_FLEXION,normal,17.710219746281027
2.8994156228119006,60.69582986695787,-66.26668755820968,-79.76479240021234,0.2343504893531492,0.29337770467827784,1.016474079814685,9.901687966977486,4.045047016905948,17.4568621946485,1.8611118079246103,0.1291651277603698,KNEE_FLEXION,normal,33.94929992837331
5.901208018334032,74.54844663315541,66.39354055601373,76.01072328876985,0.5245584157441099,0.09770238530141998,0.5406304350631583,8.81137106641515,4.859780993403596,10.513983110656099,2.1084958732971595,0.25101312493135863,STAND_TO_SIT,slow,41.69738138073767
3.7004076140123865,83.19502573054275,83.85956098445294,74.57160802694298,0.5025954603734506,0.17525015121029203,0.3895800319906401,8.633645687882275,10.427401478827637,17.43460767266567,2.065652763639337,0.23708998998818084,STAND_TO_SIT,slow,33.86154879782035
3.8971466131574046,3.3269306507134844,-0.04562047858222437,0.4177259539448698,0.11742127284110636,0.04393505345187792,0.13066287677222377,9.527019697442825,1.6039539714893565,0.2415662557263893,-0.606209124987923,0.06169655274119226,REST,high_force,11.403597346091656
2.398570338823354,41.677897678872824,-43.71880379659255,-69.04660610620846,0.2810261145745365,0.12597669446796653,0.7683411939702623,9.212645421310635,3.6364206063702302,10.608273677397213,1.300523565684597,0.21323621912380056,KNEE_FLEXION,slow,17.369044921551325
1.8983460880976104,41.75495975448974,25.864502983411445,45.21897021560263,0.23208600049743108,0.03737974580060613,0.6064398676894374,10.012378800207589,5.533941295391677,6.581782651147287,0.36402832209670233,0.16564836917543604,KNEE_EXTENSION,slow,22.685387054819962
8.999461566189986,107.56753053250544,-95.99365860884566,-141.30021578747625,0.4648493982909962,0.2405510381183552,1.1354276111379333,9.968559621351249,6.840632464017346,14.828454460231482,6.005840792240765,0.19021840249123062,KNEE_FLEXION,high_force,40.497145074344516
6.400574426662259,43.58618487180675,88.05315731973313,153.6541618804459,0.5686429679029835,1.7499921037307873,0.7821361565031408,9.474741094977245,42.073538533906,8.628800318839305,2.7005770644342073,0.23689373697487984,WALKING,high_force,42.99148213858669
2.800176715474549,84.56424188602722,-48.97183678818345,-66.81928384010253,0.6442318873378453,0.2816610897147795,0.8987927542287526,9.858221467647574,5.742025418056995,20.42572551708472,0.28936603821682205,0.2906556827742225,SIT_TO_STAND,slow,47.74164596889746
8.4999430751296,20.090258135427373,117.02148167853639,114.86877233350495,0.4100671442280235,0.49385706673305524,1.8532980589937371,7.274829642169786,35.39811664425677,42.78803318353189,11.718745056479722,0.30641908707354826,STAND_TO_SIT,low_stability,39.08738825321663
1.6022453213691246,62.517549064519145,-52.883084144724975,-114.80340854583562,0.4507764889797921,0.268665969819145,0.8877320152311677,8.629460777466567,8.364821742167365,15.170621503860083,0.5337403985771947,0.24297454062688495,SIT_TO_STAND,slow,51.188276381022064
0.1957628760270558,91.17667701503713,-47.48987044320632,-73.66668483975062,0.7305640236357245,0.49721913053292044,0.9494472234173067,7.884055358055686,10.695671484927896,16.556339389359504,2.645553679863172,0.24484773035513416,SIT_TO_STAND,slow,49.47176338629473
4.700954858837565,29.403004330196385,37.463966840352946,103.21330509862203,0.3040449806919002,0.5708218819329833,1.3426474009509426,11.365232226864368,13.244456065547391,27.19053018994237,1.3358189325183543,0.19876151757718136,KNEE_EXTENSION,low_stability,37.46215758164497
2.998227692958928,58.800828379442045,-61.49745870743127,-121.10364917799501,0.1759985679141546,0.3917331100173265,0.46064108329229986,9.195563409620416,9.534583967118142,22.45446437063767,2.4557808516860935,0.17866725116840682,KNEE_FLEXION,low_stability,26.77345651488049
6.099363217766326,81.97350486528836,-153.2133450100931,-143.98354432719384,0.5784479858048115,0.7879646600963031,1.0058111375509928,8.096907038430574,37.588026066931164,33.64788041572582,14.262725842133639,0.3427020023482869,SIT_TO_STAND,low_stability,51.99986391789582
1.5993734559877324,42.44131513286866,-30.08660316485229,-151.81554187410768,0.36240475356422547,0.7587455722138421,1.4063026488666217,9.907727827352401,17.198882117133078,31.88477722415738,4.822905536510213,0.20688410301284005,KNEE_FLEXION,low_stability,22.4495777536281
0.6979740627682756,82.71113342077405,-72.90225709677134,-186.83083752186386,0.770492997282774,0.44388741552885386,1.569493855217496,8.45666681058451,4.306756201069853,28.168639388126383,-1.9995673610964562,0.5960417357654509,SIT_TO_STAND,high_fatigue,76.26307187637009
2.898227943019375,28.656930591167495,71.91505580793961,62.96946280824481,0.33223459558238433,0.5165272040360984,1.0305804489965822,8.923063898858844,13.20186356696482,23.361248910666458,3.789260715438779,0.16006169093455522,KNEE_EXTENSION,normal,20.042978216599806
4.301959858219394,7.901537899088601,5.002491658168226,2.8339520371692957,0.003334813182499549,0.2817401877484909,0.07670922032899825,9.86750584611084,1.991833049460713,2.39265421870023,0.6417863273184591,0.1060170741570055,REST,low_stability,0.0
0.49756761844561287,79.47187712368849,-54.33234068129398,-103.6315158481141,0.7101818914530462,0.3881007888728856,1.3127232162507665,9.021467955428637,6.361932299000508,9.717096446383096,3.973405231247587,0.16182955820529643,SIT_TO_STAND,slow,52.917751700574975
9.200500862697856,27.35327638401864,74.62152913428639,47.48895839141233,0.23813819798181227,0.15225504839343082,0.7713441654160742,9.888850835295075,8.937998816834947,25.725886217043655,4.324062712725962,0.18903844681870943,KNEE_EXTENSION,normal,37.60703729252346
5.697720445486396,29.656858222238146,62.50558257962775,50.94486082010414,0.3994881852752991,1.2489014458040644,0.4340065306784471,9.406535383707421,34.10716875489896,10.622520377589838,6.321764094057007,0.1552332682775289,WALKING,normal,17.160356024123026
7.501253385043938,105.54011136007931,-35.23763258061083,-136.47486260274175,0.9730549391495935,0.5088299007808348,1.216998573972653,8.417982003097746,26.309214384144763,22.151535995261185,9.659093590829144,0.7609707579377202,SIT_TO_STAND,high_fatigue,88.35952858573896
0.3022913142649164,7.306684513290049,91.93645656340911,59.30514253003108,0.4640693469236963,0.2322407991806452,1.0487915857127201,8.361211718484457,11.460449658761581,24.75461916937845,4.498639883187923,0.14029136259263644,KNEE_EXTENSION,high_force,37.84659955449784
9.400870010755607,43.916216311497635,50.84253993543979,52.13058135593077,0.3181075160537989,1.4705750934369635,0.5785945336375321,10.461563715620565,30.574698326924263,3.8329591147492175,3.95263615977683,0.14183368590922904,WALKING,normal,20.35670910509486
5.700708140295488,84.29696472694027,77.13305458776654,190.5601235422885,0.48408681790580727,-0.0668900623657778,1.1776274707026089,9.55994406891445,12.392295059180295,24.003976723661868,8.133417051389728,0.22721320816494203,STAND_TO_SIT,normal,43.73684884470184
1.1002674336154932,3.1285287332949165,-0.8091802656093354,0.41005472089175776,0.027514181338119753,0.13527916981077,0.04218689404438442,9.534367618608538,0.6837423024755491,-0.09565258221690542,-0.5383598653782282,0.4365166300372433,REST,high_fatigue,9.383819860081614
5.499898556893747,58.23168587880141,-123.29444389119791,-139.3306227114055,0.5686855624753597,0.35712533648854017,2.142017552263204,7.559694860714461,10.789000695181965,35.4145147843699,1.9304160640461734,0.08314691848599404,SIT_TO_STAND,normal,67.6111300230733
7.3013973280896565,86.84459131753925,-95.42522425184713,-54.34536642680001,0.2119484058127024,0.17433009147591344,0.8993757976108999,8.959529096729558,12.757018372801245,10.45651173982143,1.7483986550314263,0.6276943120773595,KNEE_FLEXION,high_fatigue,26.54642865485566
0.8010917576754784,7.7833282830851225,-1.1864066329027891,0.4520130772795647,0.05569738038643181,0.015003256169530185,0.013949059689045534,10.290172657447332,-0.13469500729085007,-0.6467793744613574,0.5104172750063757,0.059820680448234936,REST,slow,5.986863976367391
2.4989106498804547,15.787493462538608,-76.54713802797556,-104.62667492085937,0.29765180388576984,0.22723754869998103,0.491880254317212,9.232656312072905,4.808666889269928,24.27900657364615,4.513294001703134,0.1489048565170502,KNEE_FLEXION,normal,34.01089417936107
0.6030694476071216,25.839608392240773,28.911272894987775,60.09628647701739,0.2334930587890727,0.17906128404520802,1.141608920754695,9.591503862736092,20.56636516363633,16.77559745881343,8.96195435294727,0.1996773202328522,KNEE_EXTENSION,high_force,47.18908695109785
1.7972953339615272,4.931788411431887,-0.4971966702752288,0.3411447667923574,0.067785354475457,0.160262101747398,0.18347883132663412,9.604183799009233,2.5866939616117572,1.836399150457325,1.2300868641369571,0.11750404379895442,REST,low_stability,10.679181397503871
1.8007920007132046,24.780485300093172,86.21264344102616,51.4204425268662,0.5328488095078743,0.41969017991918484,1.7443442378013767,8.379101768984858,13.913088437176254,34.75814057011777,0.6730992412558792,0.13445077333960972,KNEE_EXTENSION,high_force,63.294388729453246
4.002131354242331,25.33125223829238,60.568329376420536,12.357857864938698,0.39005003249323783,3.195116972557028,1.1949069572579643,11.59732051363785,44.114327976033564,25.956550924410507,4.672450541300972,0.2353055303595371,WALKING,low_stability,40.18849276263157
5.699919833754882,57.83585183090391,74.87986086324098,104.94294218520446,0.22199096787422679,0.19185297646169835,0.720833945548475,8.92449394318435,1.4509106754026297,16.826287114885602,2.9201281727320296,0.6768393684427387,KNEE_EXTENSION,high_fatigue,37.15203597587622
5.099637742890048,78.73895492192659,-84.24817775564242,-150.92852514042673,0.7016504154322765,0.6636404357517915,1.9034853972216934,9.534740546922231,7.991476115304064,45.366442624040246,16.70958523390118,0.15861320926390166,SIT_TO_STAND,low_stability,58.84144784205736
2.4997737816005206,60.803297847220165,75.59567321583388,157.35006145035095,0.22087187971742042,0.6052054880261722,1.2196711562982328,9.12136656877518,9.039949379091908,22.777209301118717,5.304238359013684,0.2409681544170426,KNEE_EXTENSION,low_stability,29.272303649523305
6.59919391440291,45.558873794235495,-45.290710861883554,-98.51557031260883,0.23526268892193142,0.27390885404670734,1.6036649682158404,10.883084051466122,21.831121752279422,24.360947084048785,3.707500862817862,0.23503565249959738,KNEE_FLEXION,low_stability,41.53286213486532
8.2050378697011,32.7217851244756,101.56245227704964,106.9917833207687,0.48212140344109233,0.8408353028495831,1.0712290588160445,8.712959112516238,32.12939589095604,29.908180814471677,10.75183042766942,0.22907351488041494,STAND_TO_SIT,low_stability,47.53947291420249
7.998225274056289,40.536641108582515,29.69732839992633,59.96037145644209,0.23467031164680316,1.3103996271605838,0.2748665746322662,10.674214755087839,18.468246715654463,2.9227880840016467,1.3344408883014696,0.19729225678887322,WALKING,slow,25.330697437593233
2.8991177214967254,24.07124369896666,54.58168697380862,115.21199199450963,0.78010663286753,1.9527182664631706,0.6100552259803984,9.819721534970574,48.95765337385073,15.054270322865069,9.990400725476507,0.1962286025381436,WALKING,high_force,55.0286528504553
8.899987758705437,65.36393595733807,52.00749603957373,97.55413979370653,0.517830366128155,2.1046380048422835,0.785737008063874,9.511843774158566,17.608235961132074,4.571362821290708,3.9935736321884767,0.21967225291586,WALKING,high_force,32.03520461529527
1.303649996257769,107.54859526966764,54.91071852848831,159.61034452805538,0.7323609164139248,0.8172164722207147,2.026876750126098,7.442203891687121,10.672029912843978,37.04117512959321,6.3205642315621064,0.30766323520835603,STAND_TO_SIT,low_stability,41.1436408325518
4.499784321609362,113.7880921422279,-147.67681135047584,-153.33122721879334,0.8163544730496879,1.4746261890861962,0.8207085223073549,7.306915178354937,11.2866920937727,43.39887188246286,19.656718218968884,0.3012188486839829,SIT_TO_STAND,low_stability,45.93782541544993
6.799500826262328,57.12922869879392,82.31515397719691,81.51316358846688,0.6151950964174256,0.033286745597149524,1.533886578914787,6.629974669997794,42.928086207100925,37.98026545917679,7.5177862763949515,0.2553341742479959,STAND_TO_SIT,low_stability,52.67522859552221
6.899904523975393,43.18482880421957,-49.40152052229056,-102.10594682038558,0.17219275848288382,0.30321877516450346,0.8009083450232749,8.984640176712166,12.806437493097055,14.448968733364492,2.36096971895417,0.11453796449196701,KNEE_FLEXION,normal,36.98414424113273
3.2020410439475127,11.31285324101886,0.15393807344912536,-0.4151547577915256,0.027221944051804853,0.10403902703461519,-0.06088516898144224,9.45269398364509,0.7536101340466664,0.2772179135501239,0.396563397455942,0.6813297353920207,REST,high_fatigue,10.97845435258293
6.398958666070782,35.2672626466836,40.41484766462695,60.51483957641282,0.45018027559731777,1.1683493787506778,0.2878199007457103,8.93136125455666,22.959428942040308,11.103723549474873,6.2878191448671545,0.09024214096106367,WALKING,normal,22.704492518371694
4.798355688982499,59.878825613420744,79.17582292392484,65.7505252383628,0.854646783117795,0.885312420194404,1.556734413066646,8.468031681238815,31.14165085040606,21.21044860541757,1.2606267503282025,0.2902305332931755,STAND_TO_SIT,high_force,67.00427346747081
7.600319507182353,84.88414296389882,68.54340398325297,108.05495838152622,0.8826078919924049,0.750135372104056,1.3795091002182427,8.02043502744625,18.07259558066988,40.55953556909557,0.5942161946617945,0.1490205214666148,STAND_TO_SIT,high_force,57.48902299496054
7.003073931307835,2.0775531970452783,-0.654729499374388,-0.7214797145585348,0.04999606114642591,0.11517912824842008,-0.07220725354628058,9.664236576458451,1.847062404113018,0.1359385813382194,-0.14029665012079828,0.046062286025921814,REST,normal,1.5523880084351176
8.802353951921798,27.67059153961637,90.25084245984426,120.36159701018728,0.8118792784431096,0.49409388893531675,1.5798656075824153,7.284728958887886,31.32924490525506,0.9836128284264763,10.246072021467723,0.14595687615849184,STAND_TO_SIT,high_force,60.56039282562479
2.9035667994618426,69.35941551086829,-78.00959460383555,-124.30167164916556,0.8818264104003933,0.7671649483921137,1.4856896129317767,7.721017813492381,5.177668329426975,49.09913885553225,13.424494253576961,0.2176004703448556,SIT_TO_STAND,high_force,87.65507564107172
1.2030813867247512,38.53325609776029,70.0901843712596,209.83277905575824,0.4451501627567869,0.45242751096368766,0.9743888610273003,7.714016126171786,8.637605681231332,10.2022266546234,1.5278463088447853,0.2529541326987962,STAND_TO_SIT,normal,42.70086648905291
5.601548989407731,4.357553656419434,0.13149684940803033,0.43249520459690943,0.05569903769177382,0.16216993805401173,-0.03771489126700729,10.052998340846639,0.5144598844405772,0.1696569783505854,-0.2411369929622993,0.0529968482797456,REST,normal,5.004019540263461
0.09961831522419363,71.05285895534244,53.957289995659,48.18148875756108,0.4900607671246398,0.2919120341540792,0.9286757462383205,9.669959014695216,18.30944204859526,18.105222548567564,1.76472501619443,0.18074912755728054,STAND_TO_SIT,slow,22.327278611026678
5.098290590994721,32.16585928173713,55.57570611930405,36.919850792022785,0.1315021201618094,1.2372282595625759,0.26771331826301015,9.090284049427899,18.901771018506153,4.0912725765518365,2.4207193705224745,0.24024331742705352,WALKING,slow,14.062823689582265
7.599452123684612,67.96243200781674,-52.803022647743035,-64.0673350746174,0.20301483696093683,0.11600686514422612,0.711837130507951,9.048181215545846,7.265373173801236,12.20751770333297,3.8718256678108887,0.18481384982546442,KNEE_FLEXION,slow,23.855686717829187
9.698337864670705,18.26427373299219,45.87424509752828,44.835301487760844,0.4424443961447383,3.4086555930059115,1.3461632073887737,7.750903398492757,46.17146890003239,22.827602151922,3.2936938689541098,0.25581377456768756,WALKING,low_stability,32.29538259605739
8.498320794002245,44.05453314968233,55.4100159118296,45.65702751397874,0.6056673850458977,1.5129267673363218,0.851768460904401,7.981421438932205,32.73714978796836,13.692729430198295,1.3990578689441522,0.2420790546923437,WALKING,high_force,43.176512022437144
0.8983508907157343,15.709782054826592,0.6491802603622203,2.11729868029059,0.07007462196234306,0.24448992877545364,0.2192027487918562,9.678854181445065,2.706298559328089,0.9404884904537774,1.1827311159237004,0.02390709985155985,REST,low_stability,0.9438844055499152
0.398532218925239,68.91153088209462,-49.43320200924517,-63.528772489240176,0.31452333260940474,0.20171150132055532,0.8955652946664329,8.98568958443271,7.52457979227892,19.417905845518263,3.1601165161549365,0.6230957212598056,KNEE_FLEXION,high_fatigue,27.982209159861803
4.096546696810885,59.175207274980515,89.85422368506207,183.99942523444,0.7398804919024344,0.6951524038485326,2.2717273525739605,7.607024224189814,3.7128446815868954,16.12997038748452,5.41110372041311,0.22809318914774912,STAND_TO_SIT,high_force,44.47475461575552
0.7001830813159607,10.223886605663948,69.29198572916187,52.972300557545715,0.3990181945343171,0.902276619542949,0.15650496371432626,9.36860572570984,28.06386184879139,10.643105410711199,5.860873015583877,0.7602173423017708,WALKING,high_fatigue,58.72362091613309
0.20149982583664325,33.1011063274557,39.283588181639736,79.47281689287239,0.2531638767362269,0.7297245322307917,0.4315630665571959,9.072106679400832,19.880733575749673,8.843443026449302,3.952899018620823,0.2403039945640309,WALKING,slow,26.680456051203027
7.799131826049177,91.5368455422549,-72.43354504426284,-76.71098632258344,0.6907505301007231,0.3934198740760014,0.966457645215718,9.856007637046172,14.573773099760357,19.337703141436997,2.7030874734236137,0.1284129764561569,SIT_TO_STAND,slow,51.8511115384206
9.699429908240239,37.13836009214438,-73.56325188516082,-58.87732094398359,0.5848157437169929,0.3093168705987388,1.3436109253283735,9.543673827837232,22.114797693900076,17.352886627158746,7.1214470755432675,0.24000272361460873,KNEE_FLEXION,high_force,60.89675791991423
4.498820304773446,79.2451692537839,71.36564234903928,117.94110676356958,0.9417278918105494,0.7314077107795177,1.5301971019513767,8.508555346302561,29.312767407790606,38.88013771826551,3.6770170602656727,0.27316118329419686,STAND_TO_SIT,high_force,48.059562303428336
6.09761117842699,80.24119827276174,-73.80554154987081,-99.29080273614912,0.542554675978151,0.22344022305152414,0.45449098251729403,8.70109407444168,17.904482479957085,14.609870384769206,1.6422600347318281,0.3324251354269451,SIT_TO_STAND,slow,44.87799419230549
0.8969688516223413,64.35105727152339,66.53091032019009,109.3583834531849,0.4791062353300294,1.0549006469486129,0.8767424407971784,8.34034196548914,13.541086956056995,27.41327848599837,3.3517611016893083,0.08684125961885897,STAND_TO_SIT,normal,30.40951979400478
9.498465145411565,89.68382254106466,-76.38458765184147,-144.26419873449655,0.3067443727720496,0.25514883008632633,0.6935727037060678,8.403512487675993,16.349794853791636,21.942256287110958,1.852091090240746,0.19887030257106034,KNEE_FLEXION,normal,32.46833973901938
7.696730855461196,64.58838304300797,75.15550132196049,118.06650964581989,0.5381668100875542,0.4998977236738129,1.4782303327207382,8.781985713058623,24.249647764182882,9.333649908230257,4.72416847557866,0.1703066643853432,STAND_TO_SIT,normal,48.08557350944128
7.204023850725874,28.06230061301064,87.0527350246155,62.366967710122836,0.5163209070468466,1.6835834978084152,0.4059166537296795,9.382428598937432,12.51330239742316,11.654663643159159,5.500169081313452,0.1628431021453562,WALKING,normal,27.549012542442
5.398138446909939,29.263059869351643,46.283918222826934,100.19826015433998,0.3614435456583312,1.7525006150444047,-0.13003536778852065,7.873188211091023,25.995874619586846,7.663516364419596,3.4207757796580296,0.19102857990074507,WALKING,normal,29.577106079172065
4.500293696916818,39.157441791148635,43.60275831583629,55.3102695420585,0.42892687870793844,1.0775954266551764,0.49850575735718783,10.989479954998469,25.111998943912017,13.995683619844867,5.111218844886397,0.6607014658561242,WALKING,high_fatigue,56.578599917560965
9.600624316741337,19.29344888786229,67.0470253910165,85.34580239880268,0.1173905357868644,0.2552659319978627,0.4997554764535771,9.772238745956702,13.593853953811806,12.60998456066616,2.2836777779222275,0.6957951408897842,KNEE_EXTENSION,high_fatigue,55.02183117854079
7.402632885220088,33.85443012020824,31.772035308085353,155.8576797036543,0.6035163525613426,3.789669372010861,0.6848422152462806,11.023265060960485,29.00757245972519,19.38976123992979,7.427237918922632,0.14821163532876935,WALKING,low_stability,31.373689561302555
9.402316107374075,35.16859065581444,29.21308548187897,72.53003136895698,0.347345414527265,0.12753604513257102,0.6741843378431164,8.562021010406712,6.855727712694573,20.54797138964955,0.3360832199321723,0.7388855877712084,KNEE_EXTENSION,high_fatigue,32.51673544643737
6.902682001970319,57.15505657108446,55.26612421908982,105.73927887152237,0.5408398310006491,0.5155813036727876,0.9374636959525284,7.583903392496611,25.9007186461715,27.465921170576372,4.397192496079934,0.21592602926571186,STAND_TO_SIT,normal,36.814909295144865
6.798612713993872,24.294549236043146,43.83936355931556,21.240026992417814,0.21798683678768704,0.15206737796750883,0.7188140024381904,8.888559575410014,1.9673139447574468,7.017448397120039,3.234795821774682,0.14757617799953077,KNEE_EXTENSION,slow,12.32838495900988
2.700590976516629,24.383215259429363,50.68823077758797,38.993904986011884,0.18855125351572627,0.11740431898479811,0.29259187379011076,9.263262262563474,4.978668524180212,10.38129939055276,2.7696866284151165,0.16147281466053776,KNEE_EXTENSION,slow,12.889914306850478
5.3032915512175,65.98751511231607,85.98328443980088,148.2386020093571,0.4963058295975107,-0.03895163154345652,1.3686375611329789,7.862621836163852,28.109092235227873,32.06363460324731,2.964922963651041,0.17787417046073156,STAND_TO_SIT,normal,41.485773463436246
1.9985452645186816,5.922935316338378,-0.9304963720120017,-0.1016420133307282,0.043953717030522886,0.008810588388266361,-0.07705097185318212,10.559570602401257,-0.6137673403053424,0.1673361426843469,0.7134645856843227,0.04787486363409236,REST,slow,5.0159880590976265
5.899755821202021,48.50279899438148,54.52301934646403,83.13565699063992,0.09351578578228546,0.14013508775664335,0.3904866780795366,8.892302882511698,4.41648561862212,7.121098406858473,3.55545364217459,0.2182826792387152,KNEE_EXTENSION,slow,19.208298527783242
0.9025527671181492,29.264646846056205,60.90576139620025,65.65035284073824,0.32446332263085514,2.856727542430424,0.6129823745645584,11.617952841377772,43.916677757976196,16.685897159518948,8.680018793416703,0.16466531717814414,WALKING,low_stability,40.603661988159345
8.599914514456309,51.87643202254246,-44.320454794957655,-28.758576020596443,0.12531926417547612,0.0797640394273154,0.5181336386324386,10.548881653104965,2.0542139310390666,18.542050788765277,3.1729842871269653,0.20237533908732988,KNEE_FLEXION,slow,27.22595362584478
1.80041785909283,46.850848722536035,43.19291103884268,39.18740559208273,0.4595766716677856,0.2838795242726595,0.6486759214656695,9.02126557203194,18.27035901498614,12.523286497220269,1.6568401760755445,0.1785698056741305,STAND_TO_SIT,slow,29.55467460715736
1.2983357161960523,14.23705573877941,0.16654533586907044,1.3172634864625747,0.0553657101281249,0.3212398167018051,0.293198847185973,9.886620094964176,2.2861318134107758,1.3593682952632502,1.34241617005046,0.04925667706894441,REST,low_stability,2.320483220932352
6.19521754493489,51.58674360848552,84.21956363308855,118.79418821953843,0.5976916429444976,0.5916333383414544,1.208201180387182,8.459470016397123,11.773515978721068,23.68713415569764,3.874891990995326,0.1558462964159878,STAND_TO_SIT,normal,41.56435403037756
3.2983774073304266,1.461919009927596,-2.239605929973456,-0.8259576881450197,0.17962266591813597,0.08898511225309205,0.03946894626242067,10.66704875207845,1.77095737705633,0.5090174810768556,0.08207951079645698,0.06875997890106827,REST,high_force,8.127143686088377
0.700329647261412,45.380382920230794,45.903478329972494,63.95182462443332,0.25955993957514717,0.9304474081386844,0.6875656256314373,9.68259798348792,28.156319381004266,11.210659815265844,5.49090436894891,0.07647447630314393,WALKING,normal,14.227109017105118
3.5960536632084548,97.87507887244156,-151.56101610681813,-138.49616569270458,0.4668756269004658,1.2720672334024894,1.8966667654959182,9.054618083582142,30.016645787349862,41.636205158909014,18.927673392857386,0.4096780250075229,SIT_TO_STAND,low_stability,49.257766172746415
8.499178499502591,135.0,-31.27733082162484,-221.0643376304644,0.6943969951328887,1.6867355985185721,1.6700076554262402,7.557426543399703,20.8376930232486,44.025312526236895,12.739009058414062,0.20497194777633743,SIT_TO_STAND,low_stability,74.84241814433841
1.0972123296959309,5.362592338606561,0.789291809904033,0.8514823155183601,0.06423011513338933,0.03536018327654073,-0.01820909557793867,10.04177401459637,-0.17656515004052661,0.6076755639200324,-0.030762296506023475,0.09295227954439124,REST,slow,0.9551058879130414
7.798773993961181,65.19737437480099,64.28368440826179,110.26994750852403,0.5204235208368582,0.06483401143344736,1.0882266491998778,8.672015669186404,7.993933207614419,13.457918925973964,6.076806221984138,0.05301334144515277,STAND_TO_SIT,normal,39.962571821965184
0.9989286654575359,4.738883518639016,0.07382287078504872,-1.0364581097459575,0.0568096039539258,0.03154248616406122,-0.08411905500413779,10.05876401909453,0.8216006503024322,0.4337887215130391,1.148960532566367,0.47718269554494663,REST,high_fatigue,11.354403701613782
1.8008769272495533,13.299831003832313,0.29037999331458225,0.5759042536349314,0.16520237200797758,0.0361498945854679,0.07422636773986038,9.989530091098867,0.0944201210569591,-0.1299048995722586,0.40618289337302405,0.050631482445627665,REST,high_force,11.109122727676938
1.402366797182226,44.569332424213826,-28.345262793918813,-114.47187068455852,0.21131450209174513,0.04695588093569585,0.42384562611725723,9.232096716492302,1.9927505343137182,11.891810744274437,2.0627328862292287,0.1821656200659039,KNEE_FLEXION,slow,25.657006903985252
0.6978925794870164,30.858000631508666,-115.40869539445315,-193.81113117536773,0.8458486287293341,1.423438365007621,1.832074606611362,8.00631762545236,21.58637754063693,30.878961316401153,14.159892455744483,0.18675643264852831,SIT_TO_STAND,low_stability,73.84470723608678
7.999388634990946,76.8077054659993,-110.73837182760339,-156.01595703509636,0.8851690838558981,0.6883303975518161,2.1965556544544005,8.600107575738079,14.291671398722539,49.449865434074866,5.8101024514634245,0.11200653265546343,SIT_TO_STAND,normal,39.95730919743821
5.89843340549897,44.487223618515905,67.62729111871174,103.20690074087624,0.5434575794647027,2.026028608959689,1.1127102276316017,9.684053304865072,38.057183982188796,22.128547518585137,12.451935460041499,0.2701760086209218,WALKING,high_force,55.21786470157016
1.0997801260471636,26.737649599710466,55.11746492364824,102.63132371321922,0.39402595400827345,1.5769890853711164,0.647173490194994,10.743492701527353,38.32997986191617,5.90261253058489,2.9476979623003294,0.7110727803569546,WALKING,high_fatigue,35.45944399391591
0.700529238013457,33.79210263009872,58.32755703940987,89.8162397785411,0.47395640305632,3.57360581525332,0.7489633029669219,9.616201834125782,44.34197315976692,15.996715280872357,4.401819077051493,0.34930447184447677,WALKING,low_stability,33.02660466422696
3.899077780844841,5.363398951026191,0.30987231825852607,0.20671866443494077,0.05637873377699447,0.13758710420037,0.04845201911979677,9.953432367988851,0.27980688263710063,0.04737057807416379,0.12550395355609445,0.6748245342828656,REST,high_fatigue,6.497979386345455
4.399336695466806,42.43784364675497,42.26434586055804,31.258965103759937,0.45676915936003215,1.4860619800325123,0.257459182911358,9.858919900527013,28.583972849686653,2.108212229192522,2.7802403176832264,0.23391350757466856,WALKING,normal,19.913643643084576
8.50345693077761,5.632232571121184,0.7212137115213024,0.5127760015006236,0.051460655211860835,0.025006050274409143,0.008161025253079573,9.498259261669634,1.3999828936014893,-0.880863926317366,-0.2462394470713492,0.6159911239317515,REST,high_fatigue,9.303203927208063
7.494697473275302,51.53772450211662,-58.68361701933196,-57.85938042962808,0.33030711832364873,0.1310153835253164,0.3575186478124124,9.407924748496296,5.1308264623167865,21.622108841464993,1.5390172614991875,0.6135468204385566,KNEE_FLEXION,high_fatigue,54.99305486849367
8.697860232172838,9.200580145146699,-0.17954709317966522,2.3992589201366825,0.11367946949151922,0.3224839627852921,0.3116937131547867,9.142180985388226,3.434604604323269,2.5428043176541584,0.2767735369287738,0.09794267592823946,REST,low_stability,7.8428039040757405
1.5987173653998406,56.21125275432865,69.26528019039114,74.86904174527778,0.35043330656920346,0.16348209619838897,0.2136368955911968,8.74544868942179,7.066814435144897,11.303678975425218,1.6240994588109148,0.6749679263405418,KNEE_EXTENSION,high_fatigue,41.808053773332645
9.196613859871299,59.455652205834106,-63.91867836573417,-73.33347369835221,0.6516943862790062,0.3216257871326132,0.8069208674401412,9.343520107788517,8.11250985556158,36.989224772082856,2.5502600436615186,0.30478929078114947,SIT_TO_STAND,slow,34.4762217600951
2.999395537901815,58.876136036940835,-105.3057760149771,-241.20253058042704,1.0,0.6772170694108767,1.3548024177013325,9.291679712306188,12.951266932966144,27.670277225034013,11.30993042191555,0.30904199512805014,SIT_TO_STAND,high_force,81.5039201415633
1.0013283905204202,75.78385860181595,-104.06440607899047,-238.20647729996696,0.6727859630842894,0.7236205682119264,2.8870952830485748,7.7899311709121095,5.924308412334429,33.62323970062522,1.5008103713812635,0.3856917730912923,SIT_TO_STAND,high_force,79.17379055087784
7.299211871078101,70.007782179604,-133.52252905990167,-205.41982450755964,0.9990211558640767,0.6368318918622311,1.519986685018086,8.746172004219872,6.484086451895394,50.852974366143506,11.476971088720399,0.19786273843851443,SIT_TO_STAND,high_force,65.3972902751513
3.899745668924755,65.60825734027651,90.2676161971998,131.88793610854125,0.5818962978031852,0.24159050014917058,0.4941244131042235,9.960908162549583,20.21751719480359,18.81202062040734,4.812642475843887,0.791333888652948,STAND_TO_SIT,high_fatigue,53.42407658191101
0.3054601652069936,78.73830490599497,-42.36441171817048,-121.81004869095524,0.47266026581857823,0.20023409058631436,1.1164109849512611,8.546608485822311,6.175485877693755,23.726380278756455,9.637012618567788,0.2943948557915641,KNEE_FLEXION,low_stability,42.695922524431055
2.9993617766802294,32.45187116878088,36.4999443329357,72.27098105981763,0.2360719387247217,1.8525580412046152,0.6218192281430771,8.38750412430787,13.101741508153534,-1.960619269395179,5.932177855080271,0.7816152111573955,WALKING,high_fatigue,61.5143961332184
3.497328558981391,4.8390196429596255,-0.4799760854560299,0.5245777405372632,0.06259042951732877,-0.020117993542667332,-0.005390128914835943,9.956972461020193,0.24212959786597954,-0.5620528641024332,0.27290652106797914,0.07437260016188599,REST,slow,6.0524040362477916
8.001779745449923,50.04563130325168,116.8444472705949,131.90625178160988,0.6622569715980771,0.5839055729034024,1.8464770545766929,8.226735929164068,17.790087937989227,18.942891828773686,3.76001892546319,0.26412406268158856,STAND_TO_SIT,high_force,72.92684706245655
6.700104366397553,44.95918728701491,-42.49010080912031,-33.3317566323615,0.18295826834852014,0.015906744228403012,0.399915046527742,8.866639250248669,7.738741365445845,12.514616610928144,2.286251161231135,0.17661226677891598,KNEE_FLEXION,slow,25.54211073459297
9.697731009414765,79.3474439489265,-70.55803597219919,-101.19797637231181,0.7891873747453675,1.1068083975957708,2.054518311794894,8.036664399205387,5.799016936026501,21.928758350305294,8.136936884978402,0.8043763800174136,SIT_TO_STAND,high_fatigue,77.36763264292696
5.597002226187263,43.08986145571549,-66.68073698252331,-104.7440087389043,0.6011363333342551,0.2823960220348502,1.5093032667732487,8.950020109298675,16.646895310895875,22.46734312686029,4.565869219763636,0.17241882717538345,KNEE_FLEXION,high_force,56.18039463992372
6.599936922435805,12.197418549398373,2.8388555378282025,2.278910721961233,0.0542386742713729,0.23048235420480595,0.16396200082679654,10.140146687708949,2.7528829011016835,2.6371217083450893,0.8737161293189103,0.09452632270816398,REST,low_stability,7.2769914379102945
2.399138136204736,67.0055133086957,-65.50423059886857,-101.83389563334698,0.2896754607461386,0.12339185003008304,1.1674795507000368,9.421596593397384,6.468941621218735,14.717479085192538,2.7210537630891505,0.23111064979223508,KNEE_FLEXION,normal,12.20812877689198
9.70172107677706,41.74606599557467,82.0348870844714,-7.241399062712967,0.2276707938917629,0.5733604915405,0.5079518631991217,9.457740152748123,22.72572818139171,33.84053687170023,4.088617325925133,0.35643362175196014,KNEE_EXTENSION,low_stability,32.17706582005906
2.90113237551715,6.043419118395826,-0.926179677506977,-0.2854594719392605,0.04243953412999683,0.11982478091902117,0.07818418934494135,9.813540183696295,0.41587013041704773,-1.3320299912286078,0.03859002863738144,0.07091064549579361,REST,normal,0.0
0.10505308816978409,6.571838031974117,23.291521391862936,99.54793400155783,0.26786492802800604,0.1574230966053567,0.6524750343771756,8.531389960966315,7.168867329815997,20.195978538265514,2.333988800097761,0.0692984624690009,KNEE_EXTENSION,normal,27.7311564392395
6.800963803757115,40.99495314569751,43.03258188974299,32.921107128169645,0.3255972762682291,0.04214122048795244,0.8259312415885222,9.738630650226675,6.530080817870689,24.243554520775245,1.7667046926445946,0.4664264159749676,KNEE_EXTENSION,high_fatigue,44.492735895677356
4.699905121505048,85.99684010737201,-36.962800375341416,-124.96107923556755,0.6855933656248682,0.4578401146383311,1.37924429376843,8.036698712149953,11.410099572132456,30.21728954389229,3.826032043989168,0.34057184420036724,SIT_TO_STAND,normal,60.14641823859305
8.699351962254463,20.96945980288274,67.98648567048318,72.0182314205877,0.29069203719107917,0.05536964975234622,1.1658479944069366,8.827739022706847,12.904980078327698,34.41863755156214,7.645238207742081,0.24572245484284852,KNEE_EXTENSION,low_stability,38.01655268991145
2.099962305410388,79.95446030488382,-83.59095684725888,-119.63428641566979,0.25441280621001766,0.6890877107742962,1.5611104567652092,7.340512159362628,19.976687990967626,7.397167643914607,8.612781631610245,0.7200413009829575,SIT_TO_STAND,high_fatigue,79.53674200204551
8.797357396727707,70.46978796359006,-56.284568899917176,-78.19342995867095,0.7164398604555686,0.5440547658804188,1.6713317639477094,7.779487529972842,20.43946130400171,19.785006434246476,9.75642382765025,0.659998172589079,SIT_TO_STAND,high_fatigue,57.9511224044318
8.299876669361588,3.851253891483515,-0.014973106569121993,0.17761204281239742,0.03971515144258902,0.05325038679343172,0.05709262778155696,9.58561125580038,-0.26224197066733973,0.2825700546002238,0.6522907474820817,0.06662181319993161,REST,slow,7.6200793857339
3.399078255373502,93.49356110595603,-70.35243896217453,-110.73356770771463,0.550636788430791,0.1860339084931872,1.7592000788938922,8.420931758467894,4.285138858726734,20.525123181166855,4.893624448573944,0.30579113482871884,SIT_TO_STAND,slow,47.749691274334886
8.798400685155405,7.918308539188228,0.6927414430290567,0.1530716381610254,0.06582876623946557,-0.028892670418929137,-0.0198757716078165,9.7471727529537,0.074601837337547,-0.1784448265198568,-0.20311173748808284,0.049014856473115126,REST,slow,5.179017999527628
2.0011938664627995,3.8063057256009287,0.7952009924784168,-0.8214090686889741,0.039072234237249835,0.076505715385159,0.06730543772178975,9.220541050529588,1.9256787202013,-0.12561215345059246,-0.5039980148486112,0.7973660894182857,REST,high_fatigue,11.858661790824206
7.0014514159666374,2.9235271512713163,-0.23146876528063,1.1366052931666397,0.05304216781953305,0.04835753547989549,-0.09215394525343573,9.228166827642795,0.4271960581778548,0.5322494510621684,0.5407225349890741,0.07489671649957091,REST,slow,1.9094001089424846
7.701023845857944,73.87427511651657,-59.51789105934389,-48.92073011040978,0.954859332542317,0.26461023093027874,1.1876720555091402,11.752810852417772,17.252123137231614,22.975060104772332,8.837171567790024,0.23122220122184312,SIT_TO_STAND,low_stability,60.92308780649111
6.000917961537733,6.589158457253986,-0.35457067456354774,0.40804975699653934,0.052958319070565446,0.08321638386303387,0.051502431171488255,9.652963190133226,0.9777093698277328,0.17060767569113663,-0.45428801590702034,0.45998977217823456,REST,high_fatigue,4.422215408331443
4.298938046990888,5.335291549622688,0.26847619457658894,-1.467372369854422,0.05996527737645024,0.15962120053626105,-0.009303261951636393,8.660936781724415,0.03117931450920977,-0.045030540733344976,0.6026461323749949,0.052038517747453154,REST,normal,3.370487506831658
8.6999535325783,4.758808352644581,-1.225198840340509,0.05540512891215399,0.06112905042325639,0.1137335652335526,-0.04182758281253949,9.478165876514426,0.8746960903910176,-0.2175931276774439,0.17154350198706597,0.01912749594955837,REST,normal,6.0960912261913025
2.2004702034691443,66.56978521403838,-78.61049361205438,-73.626936505223,0.7100871834244389,0.6258819853913559,2.255844938571235,8.967898349171096,30.328923637155217,47.071133232705684,5.525965700322516,0.35054960861808004,SIT_TO_STAND,low_stability,81.97594001349724
3.998223292613646,40.13390818000007,74.71218694353516,242.0355928317499,0.5232280067650864,0.5015916549837036,1.051493011601929,8.727893614855573,23.482377360912306,21.304492707523135,8.011999200528926,0.3557398963375016,STAND_TO_SIT,high_force,60.75879556485663
0.5009907892300691,55.12561174577097,88.98507550228891,69.49004538605323,0.8266342948701314,1.317148827160704,0.650943357759693,9.267483559609161,44.23377949971875,3.0072262495736637,6.068790347649715,0.2601364234279161,WALKING,high_force,61.96639678142235
0.3010987593723128,40.50783987256697,36.09058942964861,64.5051925096755,0.3799485951266103,1.4553895285462382,0.4068259707453754,8.909736719709185,28.63310063214513,13.481430251943245,7.9047075840099374,0.6560192507394016,WALKING,high_fatigue,58.50104096897137
8.199898048269391,3.081869905655146,-0.8491870410225225,-0.6472782136483839,0.10331227511506264,0.10840385691071452,0.0952473467797756,9.679179175022599,0.5902585837078416,0.007925563891248833,0.751857448172993,0.04240528104300734,REST,high_force,4.448396412080079
5.804251223728792,56.966876359501924,-48.26067832682689,-100.11167607414949,0.21194118352965624,0.3534053516179332,1.120649278972843,9.134092470255768,6.385577653437534,19.147151630941824,2.50550867034098,0.6518365398033258,KNEE_FLEXION,high_fatigue,49.91380524418679
9.297601963817204,24.720319476724942,25.27515790115339,46.44763965228988,0.2856348528674966,1.1176679614089653,0.4082449216613102,9.194842340161829,11.682506555083494,12.022134469992004,2.9372825399790914,0.18839193826622297,WALKING,slow,24.682421584930296
8.902200754858404,75.35354933368147,-102.87008675881935,-141.3109411300369,0.1895205894584586,0.17201577914412866,0.9752184271253103,8.489157473432538,8.135379747855918,13.515727076045234,2.4480354653073237,0.19751302536362064,KNEE_FLEXION,normal,22.879141555005607
6.601794106810485,50.241970270295724,-87.33494517301924,-119.16845172820366,0.172621336284501,0.1395398060272629,0.4154200343136443,9.475203830298627,12.836333638170132,13.068805421719691,2.7940192478729307,0.1089640175563927,KNEE_FLEXION,normal,17.95825806657298
5.699957307161859,5.394506752770818,0.851420717520062,-0.6472088465492419,0.08634209178995463,0.08395864517106467,0.12609651293621574,9.461204402332017,0.9594649275118208,0.6369527322463574,0.24851955924091454,0.04335475687425852,REST,high_force,7.4352588849393
4.396566475778625,47.440625427432785,20.182369164738972,92.20613351845597,0.1814376669067786,0.10046505336142102,0.5637064204928895,10.574319835935919,3.306771105471813,10.528665427346793,3.1046214442002857,0.1829901170264779,KNEE_EXTENSION,slow,11.152811248982829
9.398801000434114,46.664492730826844,51.17690867436144,98.2612236366651,0.31320687091310473,0.2883735511411274,0.8635880667919107,9.736876195052355,16.47969293361481,21.25206430471282,4.1392473110562795,0.14804650901029304,KNEE_EXTENSION,normal,27.10095683870616
4.197151963272137,42.9573566034311,-69.99929866549661,-29.202558372849463,0.37931978560617813,0.23637334758809425,0.934412872883739,9.022478082790862,12.799813481037452,16.18529224355924,3.078506974406197,0.6420636560913959,KNEE_FLEXION,high_fatigue,21.008921450508204
8.301755807776113,89.7443994189411,79.20085486651763,61.10738096141585,0.4271037469532269,0.3468429776200355,0.9387441727390147,9.914112046960293,11.988521975626359,23.052197024114815,3.403766429808947,0.21399318459505287,KNEE_EXTENSION,low_stability,29.855103457951078
1.6009596596161004,91.22692913074525,-114.25606414532734,-187.60444758281116,0.9949763990620398,0.47351802039844526,3.268588521496706,9.86944459329098,16.69532196912751,19.463818499077313,7.647572665142464,0.356981246242935,SIT_TO_STAND,high_force,84.25277427953498
4.097692491492521,70.73880769774256,-78.9416317959669,-119.17607319923621,0.778724376465231,0.37247940752970143,1.2043982983886043,8.959585569270601,24.5667183987045,23.40095087274167,4.207281898427247,0.22342375269561804,SIT_TO_STAND,normal,57.551044657225724
5.299920454536425,47.0549959572971,-41.585479282223396,-115.77537256765183,0.4114586220212121,0.1787593198428226,0.5218974352752158,9.017150040873691,12.271564586194833,14.383627477745334,4.438743761562891,0.8240528745559412,KNEE_FLEXION,high_fatigue,37.48289048430009
4.901136888611189,6.512131739743457,0.4123775485960483,0.24483642122709598,0.07382757622850279,0.037496261472731496,0.04876095198924592,10.577010262890115,0.7125566897246883,0.11957791329099945,0.09289573260587447,0.06165902107078479,REST,slow,4.924489931102939
3.5984518490222497,86.82593022990706,93.4950018081563,116.82021109035212,0.7667963140637699,0.15761830168615634,2.1924064214455377,8.067694907633326,26.443919140917487,33.979784431328895,8.216783178547193,0.1287901954256203,STAND_TO_SIT,high_force,75.10206648431068
5.80038465428608,59.333264353302525,-60.34594437267484,-92.25897855382217,0.5343799656349131,0.35929784020666855,1.361095117687777,9.805610074978018,4.564200769566107,37.59766964104693,4.213852451478532,0.23987650707791203,KNEE_FLEXION,low_stability,27.91872567002214
9.19917125177663,55.580019283074606,-48.8234561297647,-65.87475724774113,0.26163325724912245,0.23787026488751675,0.9712405435632858,8.502974000043803,18.206280896685016,23.32881204271307,3.0989549967214685,0.3331598147807782,KNEE_FLEXION,low_stability,24.932026529699915
4.104256965992673,48.7495740400137,-31.369835172695176,-55.43173348756991,0.37331471036298247,0.3697847657153007,0.6507350612401255,9.764719926224796,10.147147648598889,14.619186410183367,4.528377456710688,0.6960370258667757,KNEE_FLEXION,high_fatigue,42.90645688012219
1.1991769399936585,53.421241631026476,-26.20870409588029,-31.17755496240085,0.20920926989060473,0.007786422665555234,0.3139732626741598,9.272774373754611,9.180580117219082,3.6741135070853046,2.560072555260958,0.2038550715169431,KNEE_FLEXION,slow,23.821807320445433
1.701219671768989,65.7905120617242,-46.27611081303186,-52.3964766259076,0.40501460077955054,0.036630762126971084,0.7440181269948053,8.995149122161878,6.205152105631194,17.24460838815803,4.360258608658834,0.715811350448204,KNEE_FLEXION,high_fatigue,52.49126306334158
3.400942500915692,3.9730442189561908,-0.121155143820642,-0.07855804711788943,0.0623829654910993,-0.0013767634552339445,0.024640156852235476,10.36492133036364,0.5466559170997385,-0.26232665454260096,-0.24236558411237258,0.08112411306178303,REST,slow,2.441492055649467
3.000037424452075,37.36393022458645,44.34180174967358,80.67721987137112,0.2799384315784995,0.07756397371117357,0.5214950691092111,9.147821660693806,11.129559870237976,15.721388034051595,1.3354464492055973,0.6681984457404563,KNEE_EXTENSION,high_fatigue,39.085577599460414
3.0968673807279306,21.553890532722285,66.70165835177869,56.32921644783074,0.578063305603566,2.163166037662255,0.9153710007288937,10.46020611527159,34.940215647956016,23.538027880254628,13.279050197646313,0.32342448963798454,WALKING,low_stability,41.045206306008325
0.002880534504877311,-0.7094787519011314,81.26371227517947,143.16307705140343,0.6915317226152426,0.7075368957931614,1.658891836328188,7.076343836151728,26.91949523887384,30.53621956811262,0.7539486826271387,0.27185036990070943,STAND_TO_SIT,low_stability,44.030507603564054
2.9003956299926044,23.868492958721784,37.436998090999545,84.02137044299678,0.3199684126623266,0.14505228169020543,0.7666397859014642,8.052718769405207,4.400750508635681,13.976298899886531,2.493362837276108,0.7171793890859041,KNEE_EXTENSION,high_fatigue,35.03966505982451
8.80082046182254,43.28199070093543,38.08054805577353,84.98914459081999,0.23770224795332834,0.32901663027525097,0.6466625366914647,9.397436513028158,5.742524791669144,23.58455606830705,3.108155542349622,0.6542930377739018,KNEE_EXTENSION,high_fatigue,39.724356415749405
9.803089798170367,104.62769689606733,53.86404692344039,82.9086147448203,0.6163919193815854,0.8399229498453906,0.5818774638798551,8.382153179055951,37.67000812750464,21.471011871118417,10.602831044176163,0.2424442958249464,STAND_TO_SIT,low_stability,70.07213092098355
6.40356385172873,46.08119328462897,35.28180409205633,89.07850391516554,0.338257427883582,3.8676508163680987,0.5500720055963062,9.297659019065025,31.17816843223957,21.09447277245944,7.294407208892307,0.29592897745153346,WALKING,low_stability,21.77831782277014
2.799964856478937,33.23322526601979,46.136759827772636,44.435122044593804,0.40528407919528087,1.2363321176949493,0.2480378840591417,10.328008102336554,23.31642728708026,10.996581875503615,7.651747245107832,0.17287622716404474,WALKING,normal,31.861291961328554
1.8960685116141038,47.35341201955417,-63.54316177263709,-44.803136581320395,0.4538405425324795,0.31199327403777877,1.0813524252357942,9.084862622624481,7.285316285763861,32.252003112276796,1.3610594681052837,0.11750126710621513,KNEE_FLEXION,high_force,43.97178540580523
3.0020899425978933,6.550783714357909,-0.5474457469351107,-0.8887241104302696,0.053504505850787976,0.13885062319720645,-0.04197825575270476,8.862925488937693,0.18805984081730942,0.16170621998249662,0.2615550416938314,0.7383114541069239,REST,high_fatigue,15.324513740994927
4.297998082975848,17.56007305370655,81.53115472219133,104.40398501858522,0.37740774673725835,0.5025306071817964,1.221037105450837,9.927449979827637,18.89891052685597,29.828598738331415,3.1742246556966203,0.21160830869169273,KNEE_EXTENSION,high_force,34.610031421250234
4.40283782917267,45.95580097396852,145.49981634861078,214.74099723878476,0.5780993508828609,0.44828095542131247,1.9502519866143806,9.06443113983646,6.566577068342861,6.45200254887421,5.6952189709301955,0.25735361860613315,STAND_TO_SIT,high_force,60.004691409821724
0.9979421567510359,20.534523700634182,40.544701731365755,61.65942705711272,0.3904400261598329,0.84193380544794,0.25263655913152666,9.893955913983936,17.33066901463453,5.5708410506568145,2.915999852604851,0.2250945189836565,WALKING,slow,21.29874226072181
4.900327342894658,7.4920357846235275,33.61959899688662,118.02259623809395,0.4352101597046115,1.5900243831396044,0.39887489663040904,9.902267368082855,22.66111366362808,8.527861626223263,7.456878088050543,0.7521250612575583,WALKING,high_fatigue,42.58905710408434
1.1017660425275884,27.077801223698078,48.40342114379417,96.0074958067594,0.3822365892686274,0.13822475436993462,1.2066053143441173,8.397414865248914,19.04014763383054,10.839554149223591,4.5931175585966,0.21769301860358165,KNEE_EXTENSION,low_stability,17.505366641156833
2.0973414025541564,5.274581268882728,-0.911286708260125,-0.6625335071227617,0.1724743905220277,0.15349029525323082,0.032128157701092515,9.867591730521356,0.17733246179528353,-0.5994365240607369,0.31913975970564484,0.05379513122325305,REST,high_force,10.39181768350784
1.5008455080230252,59.95061734654532,96.01376980402458,106.51495872151264,0.5405114825600726,0.31295792455345217,1.3411090079202028,7.205312986966988,22.594402203553585,23.350146102504905,4.4982877795994956,0.6823991395374792,STAND_TO_SIT,high_fatigue,63.87746053430716
1.1007851158745325,59.72666255588655,-67.2139183693106,-87.05641555121858,0.3058073445988042,0.08759022061459326,1.0406042920632774,9.618772925309923,13.418922391127046,21.320234338813354,4.116404266161494,0.5440087342745542,KNEE_FLEXION,high_fatigue,40.234666580047886
3.5999263889613675,49.77163257528333,-93.9454223836546,-147.3516698101801,0.7356307285238914,0.538764556344676,1.4696750395980156,7.587991239700724,22.971247199788614,26.50789820186548,5.651727184124678,0.10471604271718105,SIT_TO_STAND,normal,65.20095318045381
4.500161052649963,48.27107954159597,54.85498963699044,44.642918869407154,0.24088961514750715,0.2585867099502477,0.24997794248919608,9.361868740343098,2.2125873580900692,8.86908900864749,2.35661198479732,0.16244587059689736,KNEE_EXTENSION,slow,15.348515548764015
3.2004633258193853,37.5422422247111,50.391814684136435,64.07675245600097,0.30771001967046474,1.7135898998830539,0.6049739494626493,9.624673672474493,21.02034166838745,3.2645579737976753,5.440541094269692,0.827991167036638,WALKING,high_fatigue,50.79700038774776
5.497207032200464,-7.574275090276146,103.08380430976872,71.54386610792008,0.32082661799289597,0.3108387512064916,0.5798109298372146,9.138253542030574,12.67504779187716,10.158187157220413,2.9770492688572556,0.1604529681639813,KNEE_EXTENSION,normal,30.551682887464615
7.29985517532234,7.691273330629529,0.29327202209875325,0.0838985099094025,0.05905958194533731,-0.008002932916236188,-0.0947687595395762,10.674885236244954,0.38800085040325377,0.0200872660159296,-0.18858491884403836,0.06832226121815563,REST,slow,6.10086702186957
6.500662864208073,39.46598495770306,51.50257986717903,44.08937033570533,0.36785089213325434,1.5496664391856914,0.7271969306934938,9.521782449486023,34.242296793542195,12.453463911981869,4.943632966519894,0.1352204008391171,WALKING,normal,42.87786589828795
6.001404825462178,71.28268280079551,28.979967117602474,43.39216030883526,0.6377470743341257,0.21524239002339532,1.7284808570895995,8.313058381620323,16.256045501557246,15.186281315832295,4.70804306818539,0.7617268244591219,STAND_TO_SIT,high_fatigue,68.24477397746303
1.1985467063214015,36.400151009072985,50.37656600116072,98.00914933124379,0.5831703185008941,2.2219845844642903,0.835316783061189,10.827860247224194,32.85896148669363,10.810161512165942,9.177185573262143,0.2062695299570553,WALKING,low_stability,24.215016628929945
8.69881852839711,16.843700661981877,39.84728614801334,80.63134024456077,0.23168362434780818,0.05390310984776777,0.48883941748671245,10.07329761311235,1.5758515557769393,10.493156702806235,2.919446129047614,0.16524227764114718,KNEE_EXTENSION,slow,21.02775175338512
5.7996348146288845,38.68195447488142,56.92934514058216,95.9651138673204,0.3881388868142057,1.5731824738975788,0.7925589143308865,9.585264854742634,21.598682064300746,6.736160432805645,4.477723523592921,0.7902757045380773,WALKING,high_fatigue,46.09077858450813
2.6999281207960775,38.2569926833335,51.8485152294364,82.18261760151292,0.3522638182054899,1.4629282321703962,1.048544793442721,9.428333785551882,29.30054938396055,17.598746701467192,5.700560983736721,0.16278022925257465,WALKING,normal,35.67619922473566
1.2972397315878381,102.44919092393599,-86.51893331010479,-133.10188958827382,0.8406007542499452,0.39861146895322336,1.5560278592609964,8.254500442458056,21.30055160604895,33.8309047564462,10.019883990864017,0.8541809019655561,SIT_TO_STAND,high_fatigue,55.611836358262565
1.0989337232305996,76.974569483722,47.658115861572064,67.64305356172002,0.468299882949793,0.19241555292055026,0.3929708248301031,9.27603387374062,14.328792957292043,11.159313470739981,1.9997846498039944,0.26469439510739406,STAND_TO_SIT,slow,31.328917318613062
7.200355042451034,6.627788784004948,-0.3382647835990879,-1.3548567385384997,0.18368957326471377,0.1935734242589708,0.07923472323195313,10.359917565611621,0.9026609334854563,0.23684437518157508,-0.7821096564266752,0.050565107430200915,REST,high_force,7.8369558045977845
2.60130494972881,7.782229458462424,48.15520327418693,61.67919248233099,0.33154729911426295,1.3670229235570224,0.5941196625050801,8.681187410440117,36.81477217331419,2.4835044445166323,4.27293475783448,0.7068374261224393,WALKING,high_fatigue,37.48381770038317
3.897100918928477,33.396225903834726,80.17443272467993,107.04743899441652,0.9721504060904508,0.7007429202612036,1.6880869774655252,6.6662514007345814,11.036548666234406,37.06465078643014,0.8714228916854782,0.10153516066372988,STAND_TO_SIT,high_force,67.72163666968464
4.700643135875269,24.063608153190742,35.72233104098097,102.95384814377377,0.2558933473129061,1.712697884404617,0.8414978551948856,8.736341183350094,36.4487070021697,12.578578407793035,4.4799459632921295,0.3013146812116267,WALKING,low_stability,56.82110651953414
5.199377153511673,34.35891625772735,37.63795586895296,53.394645528615726,0.2435902444469766,0.9621488414392771,0.39884957538814353,9.019431748208698,33.44124473826456,10.998058415094578,1.645066452877538,0.7834496360415422,WALKING,high_fatigue,53.06550967938825
2.002717031416105,54.72066597527898,21.429464323164662,118.95892824433079,0.2876461717367319,0.3163009880459885,0.2878736161889429,8.447820895251189,5.2266847243960886,12.277233727453666,2.450919726112494,0.27291113445546455,STAND_TO_SIT,slow,23.46709295753641
9.899891191579211,35.19467094698489,51.18631674878634,93.64835830389282,0.2086201778969287,0.5161535029261399,0.49335657177412984,10.186455587984549,4.8684705612945205,18.69292919339988,3.463005689928317,0.534046278505865,KNEE_EXTENSION,high_fatigue,48.49556119408039
1.5002501309286633,47.606482942272386,-80.59769195253023,-35.32337640036066,0.27756199075602483,0.46499881433007584,0.7244082287943256,9.124394563762953,22.114931497008776,28.977481541254264,2.5990758937876417,0.29046200028300356,KNEE_FLEXION,low_stability,32.34523085541846
1.1988343787522366,61.542299376083804,49.01587802066397,102.98837471738631,0.6629194783806993,0.4402473181441363,0.5948580605859151,10.952043588925351,18.495354016094005,15.94151256240351,2.9890723044618097,0.6127151298537613,STAND_TO_SIT,high_fatigue,70.16073524755853
9.30157838190643,41.925724144996735,51.665658939840775,100.81575800240977,0.36214470080085415,0.18511641729636039,0.8421824067080663,8.712319239041594,3.9972928124810854,24.833030330782815,1.9569431267786963,0.1529846588995376,KNEE_EXTENSION,normal,34.34188216664935
3.0995310460798318,26.556623959697234,-56.75086393834718,-107.75472702899619,0.27157880964809905,0.3617102546400403,0.7558536090538193,9.401141480677435,4.104189465338358,11.200388351153341,2.627583706672105,0.09097383549838743,KNEE_FLEXION,normal,35.077111473599686
0.00014378413726589496,76.58229145689981,-42.44482832293262,-58.03989237637056,0.5935035171072779,0.2590135205732523,1.332811358046078,9.319852156938756,10.542037987918265,17.595696950571106,4.521456064258844,0.26279924513151726,SIT_TO_STAND,slow,41.36407078204346
9.195739219594582,79.84468205605089,-92.69018333738309,-124.71614261539847,0.7826757777827025,0.4850110762359691,2.5388360978602984,9.85029217599953,54.20430049387187,23.094916701468872,12.951961478176361,0.2318610031006608,SIT_TO_STAND,high_force,75.48623351920129
7.50496500995399,56.915095944287195,67.47097679527273,12.431987225549983,0.29590346093181624,0.31540013315656545,0.5445043039647124,9.277696560270162,2.0855877895257033,15.020914089813417,2.514938755368935,0.2024692256213099,KNEE_EXTENSION,low_stability,22.179007428361675
6.800981213804913,2.789770239007261,0.3329907674500706,-0.9028435157498773,0.048271975432234965,0.041273382337828665,0.003227405781444555,10.469269756040806,1.0381502725169094,-0.4576758507359057,-0.15650424298038787,0.08606203769900661,REST,slow,7.842151876139567
7.599357464072638,6.529738415408142,-119.26356216794794,-112.15308620042917,0.20558681204634263,0.26975408050626726,0.5283326577663331,10.947208074024823,13.238048723263006,4.8621637493117325,2.649831344893587,0.3338220031648769,KNEE_FLEXION,low_stability,42.78901898758704
6.704216031037799,68.098789634529,-53.959827632824286,-72.56724978896179,0.7726616947300133,0.6174074847210793,2.0104656927143583,8.304691969197554,22.09818886423728,34.77984700063096,9.332616597441385,0.7556359929145521,SIT_TO_STAND,high_fatigue,75.93312485426334
6.600447976467219,14.874210336544158,83.18648138136763,79.86472742742443,0.535282561233571,0.34736732753419197,1.2890965112993222,7.530392841574326,9.074909341307821,26.76964794369833,5.061274132720105,0.1449528336898013,KNEE_EXTENSION,high_force,48.99482767954965
9.800754367797344,87.03511668576995,-103.91760828401559,-104.26881297320399,0.8173789430186881,0.4673452163364826,2.391903698866707,7.403682706266453,23.611427476544257,55.869836372268175,9.173490864427974,0.2763900788917315,SIT_TO_STAND,low_stability,70.31107183335962
2.8026398193915076,95.29082834887323,-117.25253320056338,-189.36366890400055,0.7035031523176375,0.7613519161082218,1.3988698933100794,8.504421141353589,32.23829644261596,26.212662502139764,4.693478610147139,0.18641005320300122,SIT_TO_STAND,high_force,96.47135884988023
3.4026411093215274,75.10087633723563,-91.75249496859632,-115.10676365927037,0.43027191453452673,0.3033126042101623,1.7168440507708238,9.629337444025785,11.398198898595815,29.53183137102618,4.732567535177528,0.2520031820049331,KNEE_FLEXION,high_force,50.27932812269491
3.7988769790841634,42.3123685068745,77.62664725419191,161.14756869673147,0.8497441975306796,0.26698253328780824,1.0002995645957777,7.400998464186127,13.714543703923368,33.24403797832682,3.8299353552319673,0.15067439562696655,STAND_TO_SIT,high_force,58.59890038412865
6.697731862721153,0.6625793786663509,-3.3587086391653114,1.2641920975572687,0.08858899638574953,0.37679963295270524,0.2851775135057917,10.082014895910971,1.9160633748833893,0.6944082305820503,0.5881731612101896,0.11875624778799712,REST,low_stability,2.744165821014195
7.497970600492454,122.34718408031928,-124.74192720274351,-81.8880979523924,0.6117984983865093,0.2420743811942172,0.7742154867731108,9.005457597608515,22.133463830139203,-1.2307596534370906,2.50811955870763,0.156790224195689,KNEE_FLEXION,high_force,42.89828374186459
6.699095916207273,41.25189067620593,25.522613709497197,99.67168170272994,0.3234039784533874,1.522639824619103,0.8978231906198983,10.540926391732322,58.88853837957238,9.940927756507426,6.265197930895538,0.21462509776936678,WALKING,low_stability,50.32493971459015
0.201078023061998,53.84937311068477,-134.37297851603054,-173.84723656047223,0.7945310245272694,0.8821918939828897,1.8621079639526428,7.37197949246775,33.22557196120809,44.196979382466345,12.844326739726757,0.3613392930036927,SIT_TO_STAND,low_stability,68.47860245989608
5.099646112237558,13.351026047644604,4.502379258056186,2.192129269297931,0.0566405358132515,0.3051855164901993,0.08940130921507011,9.959125100463748,0.8422708737506451,2.156356569518141,1.6136562981450622,0.14932108946094658,REST,low_stability,8.646592919829533
9.403045595463489,5.999553494672746,-62.2216693401585,-144.6637639818889,0.49605640944570706,-0.0488683586328283,1.6788802103655756,9.234963025683355,11.534511287258896,15.628625773704464,3.1876823567477883,0.1882424135195739,KNEE_FLEXION,low_stability,29.85999222229807
0.3020241435956805,65.7792699458521,69.58683335239677,46.653282180521515,0.3333440900354339,0.23546292549286854,0.6835524136230963,9.237551704551695,10.21434082018764,14.224080256788739,2.292429339402054,0.1451875104110343,KNEE_EXTENSION,normal,25.65865633901477
7.901052860545091,28.339060060422394,54.514022916426036,48.09820318198167,0.3048654961957277,0.33015552641112356,0.11839158496185216,9.552669983406505,49.44729940537207,12.215967306322751,2.4253890357737355,0.6538474829863413,WALKING,high_fatigue,32.44751630699611
4.699154713958458,78.58446455061309,97.78683439995763,93.16206595238593,0.6315189186772752,0.8219493796815593,2.2105198233351966,9.970422684191709,31.676832942899093,40.80651360022137,10.142730229905878,0.1981321744295662,STAND_TO_SIT,low_stability,43.47429693085049
6.999641809892406,9.907343997489523,-73.70849181449086,-94.36462483367309,0.19330330588761824,0.33023599424443884,0.4581725050241284,9.426657545264023,10.767336696712961,22.018722880017386,6.9380231473135225,0.2687980397444547,KNEE_FLEXION,low_stability,28.734300629197435
9.804223058662622,2.340172921336071,-0.7210760296694473,1.064266149695407,0.04058980617188557,0.0956060096234253,0.029261272357092333,9.657860882930752,1.4919760876224126,1.5208579450825341,-0.02445657810230157,0.5193728933297876,REST,high_fatigue,12.275214502780257
2.8011382091264676,85.98595518101052,36.587964703007565,43.01228604794264,0.39934137758401483,0.2783788370522728,0.8696211392760319,8.454829164893512,9.484169111079721,13.98784507159877,2.279712785303797,0.19631300734187826,STAND_TO_SIT,slow,24.216576612479574
1.003784337660799,5.6736853490854475,0.42182443349817933,0.06450907600037617,0.12205640135880655,0.14170850389636544,0.09954201193174105,9.421616833405595,0.37250309832627493,0.3889455993885544,0.20153427349457317,0.0684266039575537,REST,high_force,10.601545442336038
6.999682262286394,61.922903212400456,-49.75821419089989,-29.825357691670753,0.40353608152412795,0.1617861476694833,0.7113951939790363,9.894606401818262,9.89012045003937,18.864162144572035,3.6960196346357854,0.7069884376889916,KNEE_FLEXION,high_fatigue,29.630757598144818
0.10192271632462666,30.70805586791692,49.94373890853859,62.52431387044897,0.3082220697271844,0.6346769987654693,0.582369256180244,8.919072825840244,8.6742358936686,7.958952737100819,3.7605854361047206,0.1274343879589451,WALKING,slow,13.094060547578172
2.705056712950418,7.571292252411026,-1.0594686611118627,-0.24075468919435564,0.16637676794897274,0.08944877833780603,0.16289278565100543,9.854980605967468,0.5791897312404342,0.04939722009561857,0.10590829582259886,0.0,REST,high_force,6.369649018089729
6.502154535807433,7.282575951461889,1.8765956180499317,2.5837493877554936,0.07948480856431392,0.2747854416429222,0.24702935022519934,9.296641770298244,4.755753973481091,2.0462225768121205,0.998992368779034,0.07197739787747215,REST,low_stability,4.099103745164562
8.100149979263826,42.30058763178354,58.32097928852279,37.802866479271145,0.2575413199506403,2.001993936337191,0.3148019135598048,9.039202124000015,34.690937319072354,7.773367271568793,2.6448899224819273,0.20742038737436702,WALKING,normal,22.00386421624421
5.499295018372732,36.06281311339494,106.76562588346249,102.97662782433814,0.3086401867535366,0.37272272968360615,0.8534833801308036,8.311696723350494,10.370050803402924,32.765402779723125,6.856141960349467,0.28816180659214874,KNEE_EXTENSION,low_stability,27.093558490963247
7.801739150155663,74.70984350636756,-32.7081297352271,-64.26671253603364,0.1983044203993733,0.07421795168077341,0.25318430061563,9.533857939988124,4.701474410655184,14.68328546088837,2.4809413865762755,0.17639077972452302,KNEE_FLEXION,slow,7.349730800747242
1.8028473797486149,33.18186806008904,-94.71566974412343,-67.88503648160822,0.22800149579045614,0.27552602497785506,0.8578411511545876,8.573862651914586,16.276740475317016,13.809762187402663,3.1549133641958655,0.11429404447512781,KNEE_FLEXION,normal,39.133059154111336
5.899595123651086,34.65899999552048,94.84380434500596,122.9217146244812,0.535866692241893,3.0008852958706154,1.0382486062494225,8.397648854282297,68.6450586233988,17.141607382433897,7.805216634188966,0.3355263504998551,WALKING,low_stability,31.14688734570578
0.700285067404583,8.685565092710279,-0.14847569821607767,-1.5731044645558279,0.045542496636683125,0.1496256957214407,-0.010385200092368832,9.730843045561477,1.6554578165239462,-0.7890459554149495,-0.6775563211232952,0.7640906505494315,REST,high_fatigue,10.281070660210112
2.0036341116113427,82.73331645347459,69.24841228369287,104.56441589021657,0.5754397672800315,0.30770454114094437,1.2200120435275987,7.973771890041098,14.574389578346818,33.129700783884424,4.809739021374419,0.5314307787408987,STAND_TO_SIT,high_fatigue,88.43027343910602
1.2970029958205918,49.53966101396549,19.465572161706085,52.80627459937176,0.4472263189315034,0.1734091746857314,0.6827705505945286,8.608374962609059,9.862371161995757,26.409792336599654,0.6564881543270259,0.20283181534272193,STAND_TO_SIT,slow,48.20071806242963
7.796923067309927,29.69233647654544,34.87467802804308,15.674538569013713,0.3621752183062626,0.43367816890151856,0.6899968490213927,9.247078722290572,18.672565950518333,4.556529693294875,3.3121654985297746,0.2364812995959263,WALKING,slow,22.049146376965084
6.401926433732193,72.90161591639449,-124.3560518546305,-122.76890848538308,0.7243622423378872,0.8143038410654629,2.5988225166140038,10.122851656296858,9.589872410751564,25.262910040117596,9.570015766206987,0.22037919286037938,SIT_TO_STAND,high_force,66.2183852024805
0.69959337799136,-4.863741986111458,-83.894192123836,-100.1650866154315,0.40673542132328255,0.10396551013946456,0.888906314216974,8.481991550359233,5.678257788712353,20.697088830395646,0.26588152979509044,0.6045158132590499,KNEE_FLEXION,high_fatigue,48.21879978115827
9.099899235989032,35.84968260384463,47.20669040486305,14.963005160019792,0.3701092478224026,0.4170107049048156,0.21474859809443486,9.574083011031888,22.671546043678138,5.7534260674207935,3.1896141671664062,0.20635827806425167,WALKING,slow,19.531129989135366
0.6982409807426821,4.669542610361103,-0.3386866444609946,-1.2189474954490216,0.07650907183998912,0.14274585099027595,0.021744084987880108,9.816178944915254,1.2226641745838982,-0.6264032181485855,-0.637350696070477,0.04250317074204781,REST,normal,2.616201634624835
6.699644305438997,98.08280678425623,41.94986814847558,110.35249561026768,0.34946372047551516,0.5452316064442418,1.0471063182956368,8.49479226460002,11.14930517480728,23.0820422280679,5.930791228363316,0.24937010835410223,KNEE_EXTENSION,low_stability,42.987042728942306
0.40037657150336015,71.37811365356899,-96.9122866941893,-137.32166346896412,1.0,0.7544824348182434,2.499012995394055,9.43743933771965,15.71730333739375,16.275782175661686,6.920870304977725,0.20841543715314131,SIT_TO_STAND,high_force,67.79708192548013
3.300240465678711,53.76178544153145,-72.53264821611548,-173.67533881115742,0.6032733028130135,0.2729767625542777,1.723395639693894,9.007588920061666,19.915022965586896,14.902813851846894,4.074845425394166,0.2618796223696839,KNEE_FLEXION,high_force,39.57418910159183
1.4967049787122941,10.823243398579507,0.1881443077876311,-1.000550204443947,0.0,0.1904625657522661,0.04195480941224968,9.868486675760186,0.4331090807996426,-0.3536760823604512,-0.35566806827461606,0.5518738919530783,REST,high_fatigue,8.633361475585616
6.999669760699655,22.13733109634669,22.805366062823282,77.9426413367578,0.41221919543642027,1.1416282430899325,0.0709940636604559,9.101106763805129,26.460477301159433,2.949635877422068,3.0209493163177905,0.10454313418586589,WALKING,slow,18.643849909524643
1.00015054368624,37.37898189408009,73.23272137310545,62.69390818487832,0.414820112022753,2.122827673285296,1.64325827521911,9.368784105867707,33.1983394057631,6.744081085475939,1.0977887377428581,0.31919726927656233,WALKING,low_stability,38.17559013493109
8.900160769294072,92.41751866768293,-105.83349336533497,-141.60509630850308,0.754745987094894,0.4681525669415778,0.6254353391546287,9.426740085887921,24.347341116207154,34.207081154998136,-2.5838285409436303,0.19775417862912953,SIT_TO_STAND,normal,62.17862154945549
9.902792183138489,5.863475601153458,0.6158290465566613,0.5211473746065749,0.03827961834965528,-0.03220679896288481,0.04043441153733973,9.691032024594744,0.2937646201799708,-0.20937715035999452,0.07582015039750509,0.07011320099634612,REST,slow,6.189380422740368
8.299880291204609,3.3009840671947477,0.3100626733178822,-0.28208867631084766,0.19837496739401625,0.08345801567568512,0.2585796853650708,9.99254048660582,1.1679322013598166,0.7089074019783788,-0.5278017145987586,0.03249780715610608,REST,high_force,6.446599991906089
3.100417283812974,0.14233730395285524,-0.28721075042385147,-1.945644557594076,0.12913136036775233,0.14180356372719294,0.10159894454669954,9.392960365011739,1.179972558104704,0.15764253005331116,0.30527210952545786,0.08038775351291025,REST,high_force,8.096946413562724
3.0011606678445757,28.179038122209672,83.71266286764724,85.43409385084938,0.5360255973338094,0.4821937212174581,0.9780239325581241,9.115778730294007,19.904119758732932,15.597671775640578,3.7022391644653307,0.18677907904611488,KNEE_EXTENSION,high_force,43.46423830804694
6.0986822644588266,40.13169190235482,94.39452095948315,56.166602594475634,0.3987261758067291,0.49809145166252683,0.33316717389949746,8.537323647376814,14.43384718148795,19.946721327530675,3.5055098487867014,0.17249060621414777,KNEE_EXTENSION,low_stability,37.92255129771736
9.59684876134566,2.50223440656688,0.6434983750635338,0.29699398599416044,0.06399048119860569,0.0068298796505835944,-0.0263836016389503,9.615155769872025,1.542225670741152,-0.33874901373957467,0.39021531635221024,0.08158371005963264,REST,normal,1.3160003575325074
8.700284551802456,56.432710139146344,95.88444230658855,147.14419394896112,0.5379665167066691,0.18110239174064788,0.9576372918630741,7.913425805915614,19.271862299830936,25.650591841438963,2.754198275714589,0.17453113598958722,STAND_TO_SIT,normal,38.779122571059666
6.902892752464688,33.75848869997382,39.24437985329995,79.05113774911294,0.29470870613832983,0.35013221632068536,0.687403109807674,9.836751611669934,0.8273114445395345,10.575657894112698,3.580034783968536,0.06280817059466882,KNEE_EXTENSION,normal,19.24825785332438
0.5997359826987023,63.30278429125654,58.913119263751994,69.09232240706471,0.5846088176492952,0.19393130470142292,0.8943169585587198,8.221216946259418,8.198374232634517,12.500109421336315,1.475348730157151,0.16015991945012487,STAND_TO_SIT,slow,34.37417153966976
7.599959997025307,37.88789132735616,33.56419811131509,30.027466551240263,0.24591302377881832,0.7791572432889207,0.39941162397611385,9.349693337169207,19.347613675637273,6.995988116277579,3.1765086423346394,0.1620823244998545,WALKING,slow,21.75706255962841
5.998401566638397,67.48162642820695,61.71186686538137,138.11518140193726,0.7446052278690038,0.45176811606937467,1.910166946800916,8.931661882422148,2.564225351515428,47.600862555298654,3.533646461239677,0.1595275318621428,STAND_TO_SIT,low_stability,57.67504912573201
8.103250043589318,12.706308129824512,82.53965172111124,117.4817155452831,0.36456766741435004,0.15944755988433065,1.3553265897057287,9.489129463913741,11.237481488360142,15.93490649853074,5.289623107626454,0.1757945747454744,KNEE_EXTENSION,high_force,43.26442198166718
6.29958596452493,53.33609259912828,53.25046493344479,158.1843046247613,0.3852277538113196,0.1836670049108396,0.8083259503574172,8.194616131145883,11.794150915573127,15.548539988287379,6.473830198685063,0.14707231521110842,KNEE_EXTENSION,low_stability,35.484501375298706
8.698588888095898,48.373229709577934,77.09729807982568,64.40869272838512,0.3377289590988726,0.1412486667271034,0.7540881788166193,10.125658844885866,13.95228396078018,23.472120052298788,4.090057600725871,0.18775453248917684,KNEE_EXTENSION,normal,9.579638567514777
9.901140373905768,63.472166528843665,-76.52520808110688,-259.54045026109935,0.8509870489390946,0.904754459959644,1.556073402734549,8.313487169142853,29.901740602678554,16.876768224871256,9.15747753959172,0.3574179454368802,SIT_TO_STAND,low_stability,67.42241697855061
6.997918454761595,108.57735656367467,-40.55047068813128,-142.4714407586852,0.7854888789638329,1.9937298015007276,1.9642469777983678,7.0768621589525855,41.54093379068526,52.899311046430235,7.316320852598511,0.22506614633083763,SIT_TO_STAND,low_stability,56.030427635311746
0.40032304930430773,5.756663846350612,-0.4318340558662853,0.6149931834152129,0.05778620532738815,0.010730317698694801,-0.04278408351368876,10.460793465984189,-0.13266471770562127,-0.035397781579281806,0.21446424578809756,0.14177024389720566,REST,slow,1.9686161569730567
8.703933688374105,46.09857582672678,-57.11510073290092,-48.249360063121436,0.3254843038437808,0.3026161574339353,0.9763924325455436,8.623096770299865,7.65274802787907,27.408385342889392,4.408239106755827,0.180631708259351,KNEE_FLEXION,normal,33.25373088675503
9.906053303183391,34.07683168832074,57.8695320986801,90.7195734871071,0.31617473685876046,0.9002894394817734,0.32051843304543853,8.973638609574545,35.3771855079197,9.883818988330791,4.531115544444648,0.296182167880233,WALKING,normal,22.03480063613016
5.599772434881406,72.79573906696706,70.38481134564658,88.15475431178486,0.7596398719130181,0.3297491791482439,1.8370446885736595,7.314641521823985,17.64809205417627,24.97280086550807,6.621325638358922,0.18175154154420067,STAND_TO_SIT,high_force,54.00659386812463
2.3003914217483645,74.11770230330899,-81.56792009078964,-89.11368585365001,0.6787031557309782,0.89855599197773,2.0228792254707355,7.717359677327075,31.52332905099328,28.942613614936263,19.661045370760142,0.21233530064803374,SIT_TO_STAND,low_stability,78.14536967184586
4.196853170693179,12.489141764342795,23.065195386988155,49.133278476361795,0.12891215234630782,0.7713868623403626,0.25883019444414984,9.293084605529073,21.798901800820797,2.6960081965640317,3.310662148115517,0.11988223665294177,WALKING,slow,16.06585046601757
0.006315512367650325,41.93136157468069,72.10288544407199,93.1289096822264,0.6973218372242628,1.9989251435924866,0.8240052707266065,9.343412455181834,46.364009357878686,16.658740572900438,7.491159500062352,0.21107118444164377,WALKING,high_force,40.241914344647526
2.601930684224486,3.35641644866241,-0.3212849810771182,-0.4449847244972686,0.18565482467909594,0.09339037737992147,0.12889831492893097,10.151065041950522,2.0390753676047253,-0.3419772859888264,0.22561055147392892,0.05804630782713232,REST,high_force,2.8685958512801744
9.701565755600745,70.25715291483118,47.919371602035646,59.181427786479205,0.45353860671692015,0.34072231786469215,0.9533423382720226,9.023921438409433,13.213034034911077,14.353545986406186,1.1143461452822232,0.26566781559274244,STAND_TO_SIT,slow,46.2262791003229
0.9990902828590807,76.96441562407162,-77.2313783974718,-148.53122495399884,0.69281017911691,0.9015762620453679,1.627958077325823,8.333612675959492,17.453313671147885,34.42653676771011,3.5088326700027035,0.2796773396096028,SIT_TO_STAND,normal,47.378873099230596
7.199083710818345,25.591920677692332,86.91671536596075,165.60249334278743,0.5105841765151222,0.2916213264530745,1.3019143715170112,8.984394926755627,18.482846320215035,19.178693462475664,6.136730268990087,0.14428309489917646,STAND_TO_SIT,normal,52.74824296781832
7.601696742808633,39.492476917814386,63.33015987776214,122.57843863346666,0.7765053402012349,2.186766108383528,0.6039812429128242,9.846301153725884,39.72682510839963,13.416692709641906,11.752767207815692,0.20698873083357258,WALKING,high_force,39.41174761533666
2.9991467383557238,50.60605716578478,84.39746431272216,232.38968092774454,0.7172393527088438,0.9666546210726064,1.2424052406019086,8.07508556372249,2.0532684038122864,32.67970413541878,8.177657688056708,0.17072643251917197,STAND_TO_SIT,high_force,60.856770038055785
2.5981813855951232,38.76592694694751,78.98966411649982,86.72657468222839,0.23175176020985597,0.1519784141495991,1.3353492433013203,7.830623539233738,10.617756033794914,23.03146165855843,3.0658420933737016,0.2661627081442716,KNEE_EXTENSION,low_stability,31.999835788857315
2.7949054196629963,52.963921248267525,-115.25092116542389,-174.87508725848053,0.6537717725915801,0.34979281579425364,1.6539080965822621,9.760656132320557,19.80427941188789,14.173688645101798,4.8921526215155815,0.2170884341529447,KNEE_FLEXION,high_force,61.68954510160552
9.401638438567753,28.865030383584376,39.96756783975816,27.327876912726293,0.39291614372636896,0.30181699301105724,0.8642077902508215,9.808568586173527,9.657152612100596,21.848564194411832,3.1361010551165966,0.23601750703536387,KNEE_EXTENSION,high_force,55.02791081581653
6.405206735553616,11.529604520530961,-2.0708620737378514,-1.4299760883510844,0.029837532795401932,0.08157913162071204,0.04614660541425201,9.021890743415177,0.9495102722247238,-0.451718298005552,0.4105546397353945,0.6428586165711582,REST,high_fatigue,7.120910128494186
5.103985610025199,36.50381426012831,56.744437143986495,1.7048987183019408,0.27334311488618024,0.10814623336272541,0.7104917451647006,9.252838686036723,5.627528945009694,0.9393591411094538,2.266944609217933,0.1443833752332303,KNEE_EXTENSION,slow,16.789585779115495
9.299903873625224,98.85923580146769,-107.36053971616604,-231.97532091855155,0.7812712558311694,0.21618218719254614,1.2149729418520805,9.0563175574472,9.95989611326237,19.863837971166753,2.3291463166930257,0.1228998980107131,SIT_TO_STAND,normal,65.36973300497806
7.102366168351982,51.10304824962166,-137.72433721555234,-218.89833549972175,0.7320717964879527,0.4091060706626465,1.553464620014188,7.159764967278346,19.68916200042239,68.55066785054608,6.565042082837408,0.33677629345274906,SIT_TO_STAND,high_force,58.698932329938394
2.3005820071680025,40.719716871052164,40.67083251512366,70.47040874283722,0.3269941451856319,0.23287011455710963,0.4294327646804384,9.230021099407034,9.206516450294403,14.081218355714054,2.262008134762907,0.6736513308823996,KNEE_EXTENSION,high_fatigue,48.16629214101664
8.003805621354315,62.94638956636628,58.898657679209606,214.33455831871672,0.6085809599455599,0.34535864810928235,1.0832386770392863,10.540997817661403,30.71441278986939,25.036755662108206,4.925737915313732,0.2421976754781623,STAND_TO_SIT,normal,45.17548007714175
0.6992362111756478,69.94185352136058,-66.41618258963933,-223.30485708364242,0.8647196700909159,0.7384118196769817,2.006850788505844,9.53483390957045,24.56290020663006,57.449289184727725,8.710851280583237,0.206695026188111,SIT_TO_STAND,high_force,77.21711723432738
1.2011447902160588,3.8666232730522605,1.1115749954615928,-0.01600935970814041,0.16814566962217614,0.029790607095873875,0.09543101914642334,9.845707581681655,1.2426374226307169,-0.2674625190582598,-0.7704862304280775,0.03633848785581978,REST,high_force,9.148537126595436
1.1996280866456281,4.966676644939027,-0.5949833763953742,0.03342283722003275,0.08476787793799563,0.06921983721713854,0.005036397767456567,9.824969689290672,0.5160316299035366,0.1301840533017244,0.2812073400430063,0.03998510512486168,REST,normal,1.5432534761696974
7.197750499476809,35.69965218883779,59.781093130882454,43.658840637708444,0.22955967570556135,0.20332825967963827,0.5839810543915639,8.89706480857,11.672998789252143,13.395771288674172,1.7937312587417884,0.7068797159187091,KNEE_EXTENSION,high_fatigue,44.32828268339037
2.1977807048119824,5.709007381639185,-1.4113592153481087,-0.22408779842213514,0.059238041973805965,0.1008740309467234,-0.10253175218659615,9.466686136418733,0.46408320365722294,-0.00392859422373205,-0.3981420216860437,0.505733064785392,REST,high_fatigue,15.326232089935274
8.794781203217203,63.738098023581976,41.70711202892644,45.79628288069649,0.5161842878538231,0.2606915363955417,0.663185038460369,8.914868596749404,6.450248324682073,19.936940263737974,1.5656466068907924,0.18571974895076246,STAND_TO_SIT,slow,28.352030433940723
7.899713713121555,66.25754092258829,73.08810742082007,133.01027028577914,0.7381974346006897,0.36507025083178946,1.278768773685603,8.418657505244495,29.750167826083953,31.411246725831372,3.206141041947278,0.22145288258324602,STAND_TO_SIT,high_force,57.60765441523683
3.900972351146982,18.388246599100906,33.86298954573553,68.49097035841929,0.22948677526135883,0.06807560428682759,0.2365248867004535,9.166911789816576,4.255846928985406,5.43871729562886,3.0430147471359263,0.12187418286403298,KNEE_EXTENSION,slow,20.202269708705597
1.9002274924307685,19.168414418716626,-89.28522879463243,-118.7906160044544,0.28746315209632267,0.07181001307970816,0.9292535842570334,9.431367321535548,17.158765374185183,16.089205834778866,5.950548977213124,0.25008264650025563,KNEE_FLEXION,low_stability,31.388784603068686
3.7056976502546246,14.772249979847068,48.87876947889079,52.28191575721569,0.3520660379839923,0.6654987023515573,0.460263793850696,9.542005085830173,23.65194180243727,8.429407244421643,3.052485770851412,0.18024696932440662,WALKING,slow,25.72554748848115
7.802066872539206,62.964116249828436,-96.50597856538191,-177.64863065539294,0.8810444914535782,0.5370794751859048,2.523574016705967,8.636425290146915,20.53765121221164,37.561133690606155,13.143410153600549,0.2948490576874486,SIT_TO_STAND,high_force,71.7240482867393
3.998364580044912,67.90748591932318,33.928785287295604,33.774948072551815,0.44739411876887947,0.2940968870876003,0.8098249993262882,9.029758842872694,13.392991310098694,3.671085903294344,3.515104874893498,0.21958423803234092,STAND_TO_SIT,slow,29.41170853583787
0.8986396352569294,40.464959186835245,67.23726429942374,67.36531398753759,0.4142118098813201,1.334082091864069,0.7498951463046014,10.926890262482777,23.604336349921514,10.656061863320486,4.8779545757561875,0.15729993792820768,WALKING,normal,26.378373747527924
9.697082538749395,21.50190249507112,59.33892594876199,74.88762951433432,0.39009942559963584,1.6901744587739609,0.5236223365501613,9.107793542342327,37.90093315671292,8.23502924773611,4.9246033233541775,0.10919959032699568,WALKING,normal,22.359411495777458
1.2018290410447217,16.83937083318581,80.5067485217356,73.71697402605734,0.5153645754035157,0.33684796843444925,1.0228399130355792,9.103051135066345,18.222611400304412,34.143168887155944,4.530307426578641,0.17389485884507105,KNEE_EXTENSION,high_force,40.97133611850307
3.3966690590060917,37.61162914503947,30.913210138584343,30.4681374203205,0.14970165134622843,0.02979049772928355,0.3118708147591434,9.757446785238999,2.3551829623854483,5.288238878264576,1.3268691649573368,0.11298838044039611,KNEE_EXTENSION,slow,16.953345519888096
6.398018062443758,106.24821814917198,-22.807258987598573,-95.92053965118527,0.4018656563992556,0.4318888946094182,2.096444975534648,8.567388894862052,17.26955515293015,31.919568061985213,2.986625824945923,0.1312864727789999,KNEE_FLEXION,low_stability,24.11521519416865
4.301165835424182,51.528985072171636,26.466822586267085,40.828930275321994,0.14744925005546888,0.1519753693362916,0.5047299107085499,9.551800678469393,5.214813215211916,4.541859962290003,1.794979254045813,0.1657572532183961,KNEE_EXTENSION,slow,14.88686341306274
1.801994603496618,38.14270139065307,53.02995271373686,32.401352635922926,0.2899524077968942,1.1791547145601537,0.4576046851128618,11.007926400837817,27.023743042862407,5.937022512778741,5.085304984222939,0.14094372753739057,WALKING,normal,26.544878411638607
9.299455869649089,27.982693780256945,86.11647978646532,99.46054223006604,0.502265346490676,0.15156836720966244,1.5145983154293692,9.423314532447446,20.251293435280253,28.066137948001877,4.523782624505908,0.22451992477383692,KNEE_EXTENSION,high_force,46.59314554295748
7.302941848905012,61.054628494892206,74.333185274386,70.5747732958382,0.5446706857403276,2.1258234601841592,0.6043141029464134,9.196242969437366,38.080825376047535,7.6367705312191845,6.81176944258145,0.0899234853851535,WALKING,normal,28.71399658937267
2.502058502632659,31.850420130496833,76.11757158819032,63.38965111607528,0.3604881238071716,0.1025699153810183,1.005160945955873,9.479460384916168,16.453675281046678,19.028812839150834,2.3861481430753853,0.23771153357656868,KNEE_EXTENSION,high_force,54.99143600872046
9.69903231268288,92.20841209760691,-61.39560400758678,-147.3251865625437,0.7704984055584537,0.6857911129737779,0.6211180008038262,8.718200630105116,21.36326041518339,18.725931357043976,0.023083721218527732,0.11862170627654789,SIT_TO_STAND,normal,59.002646550603096
4.699005038001735,75.81520865024339,24.003514279841216,162.87141060734368,0.5790153153418139,0.2565782314646306,0.5906809396825775,7.7031171022291,14.491459227504517,12.816564637176274,5.121380165048682,0.6873201772806722,STAND_TO_SIT,high_fatigue,72.5902182790589
4.8020368101622575,61.99519743623517,-101.09133539278695,-63.69909044109301,0.6911288508055244,0.49185295960765274,1.7610527637613942,9.11930616218022,21.973603060564695,22.595606923001476,3.125358753949104,0.7599444258985777,SIT_TO_STAND,high_fatigue,82.36634013694591
8.399747716640755,58.56753535614748,93.2502411262606,160.21673750982526,0.44213325074406434,0.3829363506339783,1.7246245453515314,8.773274558090502,30.367726164658496,19.553753654755713,5.936592916135971,0.12427599043808134,STAND_TO_SIT,normal,49.575624801915325
9.596350005307286,46.103780810494946,63.974822166475874,128.4805231889641,0.25615292340632656,0.16875989863866014,0.4930285700737991,9.718675850677204,5.8244715186115,14.52436066167949,3.724615904702681,0.10120959778032906,KNEE_EXTENSION,normal,24.074575766871515
6.400734706296363,24.285856135131908,57.713753708114574,67.74247791664958,0.3906215154459442,1.766867575126906,0.5764099911616494,10.366795847082377,15.806283370698296,9.060407474133191,4.796896363828868,0.7739385214658571,WALKING,high_fatigue,38.30379531825139
1.8020814732867516,113.81110328511987,-100.7574779093286,-167.7570713203715,0.8125407801411603,0.5063041410137284,1.5735712032073528,9.292087294435838,28.42288993416665,15.917118609270076,1.9943244226198842,0.12601320767272978,SIT_TO_STAND,normal,53.64320965933719
0.8001632633658704,33.31308729535316,29.215024335208575,109.82587193363977,0.2543439540949953,0.05002664539388836,0.565865942381732,8.998621336538768,6.86744304392149,7.930196692706119,-0.18966008539049828,0.6234201894797581,KNEE_EXTENSION,high_fatigue,34.48576385684667
5.800070741228696,3.1794497102027592,4.112078159202957,1.207489993995246,0.11128720535172976,0.10763037984831852,0.13248022178083096,9.297547110526672,3.024680861129524,1.4473816074066665,0.8519712279275976,0.12028676339207783,REST,low_stability,10.564678228506605
3.6030167215365694,40.406240071680294,75.00220163097391,78.53873031286655,0.6532736576668741,1.4795323510158018,0.6027733171552345,9.817459381512343,46.296803023580864,11.697909667816829,11.612825134421753,0.0816857813689404,WALKING,high_force,42.3022003526127
8.402686256161758,63.83465869822422,81.56663601647179,166.12920802063215,0.837844480250785,0.5288937803250073,1.0911765459504308,7.7448331856345645,18.35344840465346,37.66985747692837,10.196946283809968,0.20629280092579863,STAND_TO_SIT,high_force,65.44246917403164
0.7992357144196426,76.92833298406421,41.55250455363762,10.43845235482494,0.513326423170334,0.33138285300844617,0.6641740095149767,8.43136754859806,12.95166305209392,22.668590670553876,2.5026349943161543,0.2806666052589849,STAND_TO_SIT,slow,27.249080716987343
5.902630473257489,2.4563324864696017,-0.5432216056363826,-0.21363794427261923,0.11551603858411191,0.09777165272243352,-0.0012653047011173283,9.64347348414427,0.8343990890001532,0.45005376303335004,-0.6711611523078087,0.053374951904563796,REST,high_force,0.0
7.101105127788533,52.41722872320282,64.95676557916948,73.86919420033828,0.6783885724013066,0.281349706193603,1.4223181333753911,9.22732995814819,7.850140955726991,18.9371519548819,2.7500337327821835,0.1071686739215763,KNEE_EXTENSION,high_force,49.08086455330481
4.2013521713802335,28.192040026543676,43.64532623465456,45.45672725163185,0.22110244430707032,0.06156785880747264,0.4805416297285274,9.605960039229004,11.021740277781097,12.998249449759221,1.6333936790960053,0.14799529447077128,KNEE_EXTENSION,slow,17.83891236553319
4.19964864725375,23.91236565699854,110.73394838155406,135.52253091970067,0.5948755534435041,0.2563180221731299,0.793453875522959,8.71259881216803,8.826306366940774,20.811992677066215,3.864703321089742,0.2098245211822804,KNEE_EXTENSION,high_force,51.45465257203824
8.30263195489723,13.193321355515799,-72.77506168542557,-116.26509425257466,0.2517363296596897,0.593493829278699,1.1985488193828349,8.904761864596088,17.52470271353157,24.831331954562796,6.905972619406086,0.2190252487578312,KNEE_FLEXION,low_stability,27.2083076785169
2.905971186075569,70.27129064655453,-133.92366855404194,-159.79389298944272,0.8212530411003157,1.104264049192961,1.2746173477477298,8.265648197944865,12.26469729656626,45.962175290884055,7.041652118841422,0.21438053415907002,SIT_TO_STAND,normal,43.60033258765962
0.8012945824817747,76.52084553858737,-82.72778756675962,-90.45403861431718,0.3795160773216376,0.2678546248555954,0.6177312449576342,8.694770201476754,11.242331229059769,9.505702899177539,2.71632098902038,0.7098611947525938,KNEE_FLEXION,high_fatigue,20.915431539009422
6.901168274202111,29.740014282964673,42.87554794595672,72.39365038383986,0.5044314799140205,1.1861129035527547,0.4608979516141714,8.840754056697902,28.565028374456265,4.984741224414744,2.324020240633608,0.6177304420725601,WALKING,high_fatigue,48.434585254155884
9.00018447245677,4.236896957380721,55.900990261708536,74.14941276682923,0.26629280529194277,0.2914995980214829,0.5686482255809111,7.636512265435778,4.840493892624883,2.5164021184759076,1.7884706712041343,0.639266194532066,KNEE_EXTENSION,high_fatigue,47.3398227071789
1.90118875217114,42.93499279442493,66.21673410779565,41.129533469398844,0.14097154884185595,0.8820312446603689,0.7536080304806914,9.459396172890223,48.55946069969827,10.778760846759127,6.573558651234758,0.11495006897152421,WALKING,low_stability,30.69181845955951
1.601134173909358,55.51694297487326,54.78155800495204,180.35326486749221,0.34586662694384895,0.2909225721040191,1.0082205001255387,10.21377957869858,19.899016686929155,38.22907724390671,1.8952333736495828,0.19943244529449172,KNEE_EXTENSION,high_force,48.07264735647304
2.5013342847037556,100.41297465858136,-78.96608873065652,-62.57365303472769,0.17706715114070457,0.3921046855558057,0.7265179026216797,8.301924807495304,9.918362813125311,38.65932349766017,5.196225746309922,0.22566421378813126,KNEE_FLEXION,low_stability,44.81670599764439
5.601849966494645,5.017847986597296,-0.3180852721038197,-0.4180164662893969,0.036640826765106,0.07703836913510761,-0.04014132579073707,8.952255897479592,1.2270730435387591,-0.41373896811436583,0.6347042470221178,0.5835319977554657,REST,high_fatigue,2.9112647982565942
6.202080652464439,9.086918280074526,2.962653850942415,0.1295325790598887,0.07378086907491756,0.07858296343910724,-0.009473349724156858,9.265157610779287,1.3383822575205322,-1.107470546617668,-0.026619638389644467,0.5944130870121556,REST,high_fatigue,8.58306455610186
4.399772455384584,52.143933971369556,-43.12584276277484,-118.13080808238654,0.3457506555987648,0.5437511344944175,1.4794920988173208,9.062324156201202,14.914106759970146,24.849395897183566,5.10056831765862,0.20388190785518462,KNEE_FLEXION,low_stability,40.04098493431345
8.801423957592954,47.79443235241366,33.53183404388604,67.10297015321319,0.1502025066209204,0.05770645506261357,0.24800307184147172,9.969330878043264,3.126117824682776,10.317065621377191,2.003820673033962,0.13516466214547318,KNEE_EXTENSION,slow,20.878563847321825
8.096772820376081,3.6947939824527998,3.072700960438183,1.6819663483952287,0.05762731799576701,0.190943736630006,0.19150388181197495,9.753685398034843,3.826089354598178,1.7853772372182104,1.4033252196581607,0.10641429113911996,REST,low_stability,3.0307326427775343
9.101473623011747,47.44291354897178,91.05999085431766,133.42414805169554,0.9106174458401161,0.4590822199275894,1.9009005416793905,7.215480821737344,12.337863323857759,40.74391051904689,7.366813838407129,0.33243924381663686,STAND_TO_SIT,low_stability,68.39948787721204
3.2022478070608305,38.55849469752052,57.70977425268637,221.24532255261144,0.5387613150002214,0.7454608345207545,0.6326279657745811,8.377926778968607,21.35648901362879,41.980186202687236,0.33299504921473233,0.3221053483969544,STAND_TO_SIT,low_stability,49.079245953722385
0.8030742630077286,105.81473304897202,-59.23791572451972,-17.723810468291774,0.3284425898988964,0.29696487106726677,0.6959068508845333,8.836330994304605,11.120181820379381,7.496504247006471,5.266983889712053,0.19032491506643198,KNEE_FLEXION,low_stability,24.752427273341077
0.6006100874686903,44.206461991526275,88.14423285840607,139.7838866073765,0.6087767207351746,0.3689555516789355,1.7508839244352763,8.307539861341256,23.104878104295665,24.986654994462505,5.667307030484834,0.10824582723751078,STAND_TO_SIT,normal,40.14904594940576
0.5014150586159934,44.30435404756835,27.19903243810087,87.99160211045506,0.4626075327804021,3.352494468934753,0.10201256250419373,7.9722742327902045,27.306203913192753,23.66635405421521,4.858217764513998,0.2282555777079847,WALKING,low_stability,37.320426047432406
3.7996660533090765,39.3378216860255,-13.051562760033597,-47.34470916158235,0.32760234159812823,0.3028707103981272,0.7767606043008946,9.437192041798795,1.9794975179725727,15.020263262967504,2.4906650834784076,0.6710026286574406,KNEE_FLEXION,high_fatigue,43.07722066152733
5.599709859162158,23.53940957721701,84.47877121980883,79.29285231907349,0.6105824224102406,1.748379031594169,0.7702986624952931,9.732385720931752,34.55940338810068,16.0924817661148,3.8634046299634233,0.04483662137395539,WALKING,high_force,44.30456997466919
1.5010360249088206,27.952188167863305,63.60695377045879,65.05353336657083,0.3630347991931265,0.1893426126592024,0.749935400260972,9.396676631182597,19.080029741067275,17.187221936134772,3.5135086092172134,0.13830313026551733,KNEE_EXTENSION,normal,20.472134603193517
5.300270035286933,87.11794303041144,-118.51214132778526,-189.58032993908137,0.7826830692883819,0.4238509977583842,2.9864598337858164,8.386641240801426,16.04151286142347,33.41433561611823,6.592297032381132,0.21521962159402497,SIT_TO_STAND,high_force,67.73103700759404
6.89604820622975,34.703428786611646,80.55831426836814,41.6381205185129,0.23311503668662914,1.8018533560616634,0.7571247793337343,8.868922917081097,0.2754787960059064,5.347087065051642,15.639486659915615,0.2994655688477801,WALKING,low_stability,19.3751692930467
6.400134673144868,62.960996673861025,-74.25675014972467,-110.825730992826,0.35230631464013834,0.1746880995480945,0.79198027205442,8.238586467953324,7.0885821013349855,18.82104725436775,3.1748671580958865,0.21808743764856217,KNEE_FLEXION,normal,26.449353867755896
1.0029354145062606,48.27311799225118,-92.80251366947803,-139.3672980398428,0.6427943491359621,0.6064007455592283,1.076413905310714,7.22236407175563,24.03004574548692,24.721141504133293,10.28123617912831,0.6772018240054284,SIT_TO_STAND,high_fatigue,83.53904958415873
6.001524898812709,42.77649556534005,-36.120213386068386,-141.05810883770505,0.3261214215826384,0.5802603311975998,0.6425370515172418,9.972800853190655,11.38120830369585,24.514040927581522,2.891848917596217,0.33751562534708857,KNEE_FLEXION,low_stability,20.202808622276525
8.702964089103695,60.73168712467087,-80.67866381019353,-76.13412077318307,0.5895762277298161,0.3775221723588172,1.306553956238139,10.234167526194257,6.411273428114871,31.222492381449815,2.793347866666293,0.1650560073205218,KNEE_FLEXION,high_force,58.41387999844743
5.795883498759029,59.3101242386849,53.8971379412179,40.00292007168061,0.07052949632230512,0.429855290911065,0.8482889784160439,8.910063299024019,22.12581838916495,31.45493639091762,5.189210965014006,0.17547733045403102,KNEE_EXTENSION,low_stability,44.00696215909991
7.299595299758507,81.41487205763005,-61.11980112726439,-92.66844173109637,0.46540936334660143,0.5035150570274183,0.9113954272789657,7.912605267447747,6.037648344306587,11.22955125472106,7.356665788032249,0.21285866953777158,SIT_TO_STAND,slow,51.02420804667064
4.202803731255266,48.5229755372561,47.37243768485732,80.52730276405612,0.3488460967800005,2.1989718051052085,0.5727598198520084,9.014187844480107,27.588183662415553,13.096829099240727,8.508045916353623,0.14883134290020536,WALKING,normal,30.98276155923488
0.402634263480563,38.067593924131906,-60.86875182361405,-50.862793185462934,0.2609503857206864,0.014120526098389192,0.33293708084590845,9.625665577975813,5.076205487505405,13.630658394016276,1.1337100361778973,0.2016221469634264,KNEE_FLEXION,slow,12.228235228864516
5.4992420065103165,58.16982123874133,-158.00122556805587,-129.84826213255116,0.8387355264524492,0.24340773815220612,1.1766117337333144,10.589894970999158,28.170344339486313,47.46454425159628,9.256146213871725,0.23860902961037206,SIT_TO_STAND,high_force,61.02654532393913
6.602025447959443,83.44259022500022,137.37423594612156,104.69905166736216,0.9458640737628375,0.5239223181973898,2.023601112122905,7.070550713174599,21.250879333619388,44.61118621867669,12.929316369837718,0.21802453247758524,STAND_TO_SIT,high_force,72.32754735515313
6.500685049094545,44.38569177220191,95.76051388350481,103.69343527112596,0.912401913709384,0.5958200409292418,1.749241465944111,9.271464059581096,30.464891016525204,33.00169847243135,4.204348365279044,0.298886002187651,STAND_TO_SIT,high_force,58.31035370972583
8.90001331453318,71.98147310860652,-137.2440558495281,-125.98986143728071,1.0,0.8076253607421406,2.57437161481406,7.951395535242232,5.863102044682246,34.822154867585304,7.952762694223569,0.1743416010032646,SIT_TO_STAND,high_force,75.15323236755268
2.100949907314118,47.527450076034384,-41.18649409622466,-84.29383672403323,0.1562335696314349,0.05520606166403981,1.0587774443695968,8.850215177193377,10.22537536387979,18.962856966814616,4.326250251528562,0.47165498518696364,KNEE_FLEXION,high_fatigue,58.504492961517286
2.700386222232805,67.71366204344723,49.343816721320835,99.79904985769853,0.2618376572482673,0.26613575890383423,0.864801209990179,9.467461344752735,1.9978212234299688,7.098562197878398,3.27903150469653,0.09998039307520032,KNEE_EXTENSION,normal,27.27524596809843
4.302936775216613,99.47474183845395,-61.20343102187741,-214.14020037649394,0.6717513183004205,2.0438004174368714,1.0009014952906197,8.477412360967067,37.404167358644614,22.224247887561727,18.39023389390256,0.1838518103394628,SIT_TO_STAND,low_stability,68.22607156908222
2.501143594194855,54.875388355539314,89.7118823980717,103.24508139795255,0.5824572638410266,0.24709293252861012,1.2528796273075968,8.83296219571014,13.920604986345252,28.564609290018215,5.275630915723892,0.1581980240883578,STAND_TO_SIT,normal,48.48173100551722
9.397654629339858,58.162964970124435,91.17153334933383,82.4662161586191,0.34872900125900175,0.35120563825058837,0.8209350268061997,9.278932771502328,9.705772829670934,35.98193822438235,2.5748107167190173,0.2309816918130153,KNEE_EXTENSION,low_stability,17.045586347193606
8.601522343487755,28.317060942460415,38.518416608448206,64.58341566593512,0.14901702538266579,0.18224820283635831,0.44320547718574055,9.312723493829573,1.640820848270497,6.9842756982943826,2.0925466573760225,0.2502267213609783,KNEE_EXTENSION,slow,14.865645265633301
9.397525932238452,63.64373351116585,-40.29515158866964,-79.33920006019719,0.23506874745600295,0.06764223448122521,0.6018172059452948,9.482014670099938,5.623289811553593,16.308345010651497,3.250404214415299,0.16348945645578633,KNEE_FLEXION,slow,2.5247329967269856
2.0026064733456894,70.14899134637571,-62.183320530400955,-67.83179534192814,0.31866932109298635,0.1645294038771845,0.4324497993129405,8.295638333024083,9.31793552996265,17.920109837282503,4.59147843973383,0.5569806905066634,KNEE_FLEXION,high_fatigue,38.0902786818594
7.702034998057563,46.41167065131263,53.820279150417015,67.62175229855121,0.34277019507839473,0.3040912587914508,1.1275142454222802,9.601462352444539,11.956135397258237,10.760188925633324,2.4193148084851037,0.1558210467472645,STAND_TO_SIT,slow,18.931751676680186
8.602540346021906,82.22602176500698,-93.509323821379,-150.21226470727265,0.9793613762594742,0.6764082913084146,2.3509379394435044,6.304551940429858,40.136298330889595,56.56536453408533,0.7103081200118114,0.29161957807509,SIT_TO_STAND,high_force,71.40098776435143
3.498657737856579,5.34235240344832,-1.9387202887613992,-0.7896478738811462,0.08163133989853509,0.08999796352278973,-0.07434383450401515,10.36573809481892,1.0749819588064689,-0.8128996231043859,0.22059079380501173,0.5185508512138591,REST,high_fatigue,9.708114137842504
2.697408445108985,40.28932945006369,77.78196232408361,221.47400319647522,1.0,0.5472531161938385,1.2956003411370323,10.476308007901588,23.176818017640695,27.436398604624564,6.452084524110363,0.26207480715712755,STAND_TO_SIT,high_force,56.12834876331707
3.6984586414806557,2.047429626531114,0.9013580796249526,-1.038346290465184,0.09001425544736646,0.05504286963547324,0.12862585482370692,9.179775732337909,1.457021521726527,-0.0378138417172425,-1.1054950371045416,0.07301679498304117,REST,high_force,9.983825326649134
4.698825983854758,106.70730578158566,-59.91499188475653,-101.72781952442615,0.3311459174624697,0.34920200870228596,1.4257296273826272,9.449114827939745,14.356382368378709,40.12256149789136,8.704841052906078,0.283855536203146,KNEE_FLEXION,low_stability,20.937549084571152
0.8979267542016708,5.512883721038982,-0.2684625065365608,-0.15104762092645999,0.032988631706258105,-0.005515091143647213,-0.06880150820598899,9.658773856159831,0.3662563135351937,-0.4073115502627732,-0.27415683290750925,0.07112196727162488,REST,slow,4.9193152269319755
7.399131713693986,63.17350414636526,-84.41658600587357,-89.74913584745616,0.4139640186297309,0.25576073614276673,0.7240238784956082,9.34578984533932,4.447107500854376,43.37675682007935,8.533794550805696,0.2106967983673925,KNEE_FLEXION,high_force,49.83861359561742
6.299660251032841,6.041212385878697,-0.5931564091571246,0.8514377626805928,0.03458592863047268,0.04437413875976275,0.15294686956415196,10.188617354665025,0.08436148959342432,0.3380076079304071,0.8059492523111008,0.061433517384219455,REST,slow,2.2376721370184525
8.801794388836067,4.457417612803688,1.9863056393420238,-0.15511673076996843,0.1357183457287292,0.02566677086822949,0.10160320461945291,9.478740880797767,0.6160969251451492,-0.4933496543029971,-0.09373616882845444,0.06201490325769517,REST,high_force,5.816058543907654
5.201297131675933,5.85655089155658,0.5018946599318672,2.025604685830317,0.15521563428284277,0.16448313605760884,0.10069429630611153,9.74559578108925,1.4500919956045941,0.8786570278729803,0.2802465070273014,0.06554256918551057,REST,high_force,11.351317434368093
8.30429333045145,65.06522097338264,51.072956095225564,130.25732157799956,0.212907821969773,0.2574558965247014,0.44477050488914416,10.210132050520823,8.912295017295474,9.35412582700849,2.862691239933243,0.13869105233885656,KNEE_EXTENSION,normal,31.544745240826654
6.3987401041333545,41.36937043096108,52.931354432828,188.51588103959293,0.6529762676607516,0.47700432980099094,0.8695869878641285,9.793722202349393,14.615205230944378,14.264614980922229,5.7203909653540865,0.6240140151937437,STAND_TO_SIT,high_fatigue,80.00902963716908
8.798754275637316,57.845123800335806,-109.67527083039279,-160.8192636312238,0.7963868495274823,1.2241985000980455,2.0958168104764603,7.198257912097611,25.829354898715856,14.837270057549942,2.8041447403938493,0.3249132734470962,SIT_TO_STAND,high_force,67.07493347590292
4.400160432079378,54.889357991522246,110.14952699233467,68.2315071235528,0.6438121549313237,1.660646329664941,0.926298083222798,8.281225689433148,45.43902677406715,8.180618738410105,5.743253981923097,0.1744136123339465,WALKING,high_force,50.479110814957856
0.6025061744010974,79.54769223374241,-107.09852582939097,-99.61135700918258,0.861814828914245,0.9933391842511742,1.9838264988195367,8.401854145647269,28.59028599734105,45.62568577730269,9.027946224015418,0.2558079437081633,SIT_TO_STAND,high_force,71.0338799958885
1.8998700421425554,57.42618206578135,-74.62053309064437,-69.80852524526605,0.4212431297887059,0.1137607303140697,0.6722935296068079,9.042792106528795,6.2953431423609505,4.729479880314414,2.923001205527534,0.7386634483385136,KNEE_FLEXION,high_fatigue,43.84262773337744
9.099302911966555,59.5695253784551,-75.80733691549548,-146.5386070349723,0.763927414637064,1.0050573101709235,2.9808828896570154,8.166094326160097,16.4584603148964,28.449577518004684,15.966369142355877,0.34610509510393833,SIT_TO_STAND,low_stability,53.112786478019544
3.2969389024670357,38.11134281046799,-93.90235930442272,-102.88987502245311,0.39241404490987186,0.11925158521166479,0.9891499257545825,9.274257689568007,18.093881958810375,9.518031131094233,5.900217669239079,0.16545741714788778,KNEE_FLEXION,low_stability,28.159138196910796
8.99693463526732,28.353490551417227,63.40897921935481,61.630853107017955,0.356803420989804,-0.08140424215190348,0.8646305329434681,9.43494100337347,41.80472049873756,7.250193368655152,4.756648055312494,0.774202772370353,WALKING,high_fatigue,58.926060522578716
3.9025824052212994,43.334706427252485,75.59941231251959,62.67244183672313,0.3974156726163196,3.4603057011624228,0.5885767228664784,8.534702807941041,65.91849823529041,24.846931753852626,11.24978699835543,0.19205045397519568,WALKING,low_stability,22.560088377984115
4.8985877255514785,63.967124952747504,-44.84559547623209,-102.2446499644117,0.6101622763505478,0.16841450217807835,1.0680239027570995,8.187749660152287,9.186662344872484,12.250368427144233,2.493739583198376,0.32019067855154537,SIT_TO_STAND,slow,36.13250828102551
2.097194148130989,68.53927677996549,-139.94517574743224,-182.1700564786338,0.7318729321495395,0.6077387107861989,1.4221828889830634,9.825728063373585,26.908841518968597,35.332132452786446,3.940578231338417,0.23532194200604784,SIT_TO_STAND,high_force,85.91962320883256
4.302595722990554,43.276038571941434,112.36310922294548,123.14569479386779,0.4895111232080278,0.7827969519362309,1.5821194595872048,9.744635849657843,10.90062344968636,29.78963168107305,8.474115381475697,0.10780264915430032,STAND_TO_SIT,high_force,51.94227672393363
-0.0025855854449924596,62.62300123314925,-31.697492759777134,-57.957175691784784,0.2993893533405836,0.20853876321030898,0.5163652893457458,9.035665466348147,10.65711028814139,14.381220543935648,3.1573193072659995,0.7379113588160912,KNEE_FLEXION,high_fatigue,30.71766363639555
6.09898704577023,5.35332897629477,-0.573511241950143,0.2631474905703685,0.04668726130309777,0.10554220924368253,-0.1541517010116419,11.059414140584872,0.8758646577190112,-0.3992325703899765,-0.35687374765863505,0.6566838001989269,REST,high_fatigue,8.794428963043378
0.8986480939720277,101.10798799875663,-134.32378645416443,-141.2571591209874,0.7634068612078934,0.40044847834560454,2.088640343836613,7.4615507056258865,29.41489643666615,43.154870592001345,-0.41739930215471116,0.3328109591537039,SIT_TO_STAND,low_stability,70.71165885611731
3.498260611227343,96.34655539429521,-72.69353246934743,-133.90892626369103,0.6890836047873957,0.6494646416721084,2.2095950776781055,7.95866806650905,13.04630582303521,24.427956017338246,10.386434486764637,0.6993101610821981,SIT_TO_STAND,high_fatigue,78.48985688483744
5.700819502439247,6.138141555583623,-0.30506499070351456,0.41984850978059707,0.04292708015938395,0.01667044101135693,0.0063377911631509526,10.35358595903022,-0.2377991950958359,-0.1318686933535843,0.8221630240395515,0.06951170214057914,REST,slow,3.113680151261221
1.1006432438186515,38.91568221655105,76.0809148331415,158.99887649436457,0.6668073062174823,0.5208223288494408,1.4888200603122725,7.007126203393549,10.005718581557344,23.754637500547446,4.582739022411844,0.7131555590894293,STAND_TO_SIT,high_fatigue,58.16373947334827
5.9013267065405435,74.91024877320514,-48.52813675089307,-136.49278582991124,0.45040851150694444,0.25097200516625146,0.8685557347037364,7.930561850639387,5.722974497468425,32.0265068752898,3.912719143021516,0.17542645202567564,KNEE_FLEXION,low_stability,36.368765713838975
7.7030522416175495,29.320266744626046,48.513118101815294,22.367590969765253,0.2931373285190789,0.9325636484496392,-0.1040683298822715,9.418026542835664,15.037179353645547,6.703230911549034,3.6845575589100075,0.17575919887508273,WALKING,slow,15.306398467857981
4.79689122621472,40.89107733503061,53.867835125611265,42.6195943620165,0.3428846819494811,0.10070539875646242,0.8627325819875897,9.406287829808422,-0.6536663275831912,17.68659825435635,6.284580323289727,0.2963383227217905,KNEE_EXTENSION,low_stability,33.541377705550566
7.198654838971921,92.62328530857765,80.75037440933268,82.97249075000079,0.6635537600531305,0.529352780703029,1.7424646530066885,10.423849662117847,13.164399631407694,32.04792728429903,10.610970128918698,0.20277053256879074,STAND_TO_SIT,low_stability,48.04530961926925
3.799930687297174,3.64195087500049,0.8109831645331276,1.199087643014331,0.1632311553617341,0.02332782206096396,0.07491949440473059,9.512679365769769,1.1982566630318856,0.16143052019061324,0.28376234156828045,0.057277740076431466,REST,high_force,2.6548025026966986
1.7007578219286823,47.43600202551298,27.857527227323125,49.57675169629507,0.261311241531052,0.31288936920845833,0.53544300817642,9.605739703595516,1.5608755257483633,27.724701116175915,2.6401309412733704,0.7347397471172238,KNEE_EXTENSION,high_fatigue,46.928848411375405
9.104838275047381,50.825200304982026,-83.8322510769099,-125.8137357165953,0.6300082794159363,0.6839515008875403,0.7198231167277913,8.195177686634837,20.966723016267732,18.01138743011847,6.5330897325240604,0.22485656472797164,SIT_TO_STAND,normal,50.60041336561048
6.999847334745194,8.620992748860168,0.5657675873291161,23.59489615407775,0.34446079764918597,0.12592618059754265,0.1342988237866932,9.000610591596157,14.143741245513716,30.59276710330868,6.759687637185395,0.1686992271904701,KNEE_EXTENSION,low_stability,52.97526760625216
-0.000487056083449723,4.267330406918717,-0.22314444643073789,0.27454808513223394,0.04615120352714775,0.04289364947137992,-0.012968234444559686,9.375312856843511,0.623847746373351,-0.5080318134141646,-0.2868740076461876,0.09100507486067398,REST,slow,5.797963801404691
1.4990633552533716,2.7583302467034763,-0.29675889067944106,0.7523088141797878,0.018931058711032265,0.292959541326847,0.07917342684801416,9.35791138334999,1.959268395183971,0.8245486684893263,-0.4184040949401997,0.08566123262297302,REST,low_stability,9.464196307635488
2.3015391765092468,50.43556512216253,-63.55551159039799,-118.22926373687996,0.7554465249982703,0.7883094971942594,1.2613521988084528,8.591952237660042,18.507279538995892,29.420898651870793,13.732088660530414,0.2390077263306421,SIT_TO_STAND,normal,36.816886837498934
4.603923442483408,25.37227264600753,88.04970997452426,131.87550102808527,0.4328858817632274,0.06626872366968581,1.0018114475350872,8.669569813135382,8.618909803166177,23.842029355050773,5.328237129106618,0.11398437027612111,KNEE_EXTENSION,high_force,44.03312918240718
6.698266479501286,43.68843998834998,86.02787497436692,113.1011684769367,0.7093851841226776,1.9270234578617838,0.747155581246578,10.036148032560815,34.41357638422201,5.308451635438068,6.5728551558471775,0.235472449708208,WALKING,high_force,42.09549593085104
4.3980241698482,87.6037842241311,-59.41043086524199,-82.22638314884422,0.8564834260977295,0.6542616565985443,2.8279485226018117,7.345942359455701,23.224122113949463,15.963333107383528,10.226746279407418,0.29393928482174003,SIT_TO_STAND,low_stability,52.39436788144445
6.102411081128961,3.5952808045110802,2.8550202386533314,0.5890695359313403,0.17236813677588592,0.14876320993803518,0.03092227031872899,8.945795582787659,1.2020383022345233,-0.08067164357812026,1.243324555231271,0.054884834864611445,REST,high_force,9.699226032192426
5.0987462196434805,44.92179647379741,-92.00374234211043,-132.4952500453118,0.5052992096990007,0.4220468459253068,1.6575361134062019,7.137209715309451,14.69397625377817,24.640776837002804,2.379084263582168,0.688358517074425,SIT_TO_STAND,high_fatigue,79.55081949220386
3.3994285202046943,60.643839153441874,0.39811261234097417,10.55684626040889,0.21032770011482108,0.6026814217465877,1.027310521018424,8.541345322751912,6.529580798776395,20.795747430558905,8.52226518303003,0.3435197085301176,KNEE_EXTENSION,low_stability,28.101590209061264
9.504985477733277,2.4782223093033355,1.1049480885823844,-0.4213210766934758,0.057864225865029144,0.033549431763616196,-0.060538542659122487,9.982824560403902,-0.5665108863319496,0.5286095151114475,0.3102090592139068,0.09202183674828587,REST,slow,4.916405544248975
7.499261646924521,90.06550622867209,120.88405884570153,114.26180053978698,0.7814104858806862,0.7988275378654821,1.7639111510804675,8.341624718921999,18.36313086706624,45.682844921832825,11.976163214954832,0.23436775476500918,STAND_TO_SIT,high_force,44.28657643361211
4.096995790645918,51.74679941608513,63.82478600174324,101.13226813572767,0.09278783426090167,0.6426305599652637,1.042334448470088,8.12433069271786,7.500170458151798,5.480159852789834,4.012909717711153,0.18545953622654998,KNEE_EXTENSION,low_stability,37.82439717513884
3.4989036759234895,75.41295502659337,114.81053477341509,185.2026277138482,0.9732468261295704,0.2094253374900583,1.3004185790243776,7.143406395030967,36.26967614651082,36.365678340616405,5.260891671827429,0.24908579514059892,STAND_TO_SIT,high_force,70.16575524681684
7.897324912613414,4.846978906595333,-0.14413495175490862,0.688019754939532,0.05645779964019425,-0.05061017637285929,0.019803086772467268,9.445094140922384,0.522032554997564,0.19020073579188027,-0.1998400018159703,0.07443807414024181,REST,slow,5.036788431142639
2.202296825544191,22.148041770333172,30.352648869743636,45.681510397286964,0.26076897660035503,0.05642035891332446,0.5473501127086645,9.24389085572543,0.8971980804513082,9.036855754949697,1.4586778755994005,0.7944341397517637,KNEE_EXTENSION,high_fatigue,49.47184612778071
4.001138272883735,2.307025614862917,1.3200313392296332,-1.8191965401461463,0.105974088397503,0.12803481085989343,0.1178055253409408,8.449511294105653,2.1086030918993766,1.4529788511195652,1.0314059543901053,0.09730776583812013,REST,low_stability,4.577745654159095
9.899458771084555,63.527467254086105,-105.5610564583386,-65.7482480471719,0.5983936313418122,0.5317866597919695,1.3603666260357958,7.892291288158073,19.35104533608574,16.598165007125093,7.560049823692463,0.17113675024927966,SIT_TO_STAND,normal,35.19628151764013
4.300197820849672,58.8989538703052,88.63232640108562,151.55919236898117,0.564103622691257,0.27435317217590083,0.8949331691942198,8.638638556580378,16.903219417805033,15.82732995039453,-0.5159163343970855,0.057608553711493315,STAND_TO_SIT,normal,36.71547166706767
4.80284969124163,35.394814238304185,49.14918971039816,97.75356545512969,0.7191535803168934,2.7769756110428205,0.739343631420819,8.05797599953267,19.900324833771652,11.037120216000138,6.610376897589557,0.18929522417839204,WALKING,high_force,53.44595719635092
5.50123765633226,39.48561693179191,90.35491892811393,93.42842088204706,0.41754740788836636,0.08263169421155349,0.8122662622658343,8.26981886579664,11.920918852908251,15.114765098311816,7.540959529196963,0.11442676158372062,KNEE_EXTENSION,high_force,51.05781989980792
6.19818492660596,28.986272981838813,50.34771274338358,64.15119197066213,0.34760938147516623,0.6973663098746743,0.37993290100377985,10.189704096079476,8.351501067112789,4.80755191244276,2.606412852118248,0.2015221961838516,WALKING,slow,30.39756654941134
8.000553101714885,1.3236907923012982,0.8679363826400587,-0.2729564241987227,0.027982070896155703,0.09513020098170898,-0.006053902004945555,9.75260616139131,0.346551792189892,-0.77745711404039,-0.24823558328710021,0.5658028102639858,REST,high_fatigue,5.7317742012704755
3.8021048046663064,36.9179742190598,-51.45473553929273,-33.679215418215485,0.2700987617279643,0.05460069799767805,0.3591058300588747,9.322753645334323,-1.4436224309388699,11.047696885137238,1.4927718275359687,0.16943707818831624,KNEE_FLEXION,slow,19.694724446595202
7.1049244374900855,50.80601466597793,57.98751906090284,72.14818107567532,0.3424953565390594,2.4803383583478085,1.2998007582413658,8.265678794367455,39.97027474774292,14.6329142109925,7.975707037207785,0.18792151714458336,WALKING,low_stability,38.836970991507016
5.300747233320105,85.25929590781709,-68.3470524557958,-141.83014921364278,0.5105118636524366,0.26180924092910657,1.2124898319198858,7.661358932048801,10.765852371165204,34.120317038584524,3.869428309855208,0.7230965499555352,SIT_TO_STAND,high_fatigue,77.83559885191234
5.200126179123726,14.308662812806862,49.820798828537676,95.33706215035815,0.3347040678915329,0.20882287137941571,0.45520924883148334,9.688019747142874,1.075147317382882,15.367846380865782,2.888559214269361,0.7057924982272791,KNEE_EXTENSION,high_fatigue,38.171166525360924
4.8963622172092185,44.51251485152121,56.06622518992901,55.14405538598372,0.3759240319342929,1.8254207565387766,0.4776170998112658,9.305640865609666,23.52015558948529,4.633693418140788,2.7843827910996692,0.12186260843415089,WALKING,normal,26.005227792323552
1.9987579913408182,42.51911793121045,-90.3643346276663,-133.24936199893685,0.4490296168759363,0.0815035570315365,0.7676521406058862,9.486234239323961,10.259964360892804,23.740365732743058,4.0152461105775705,0.12431812563051457,KNEE_FLEXION,normal,19.769334630684778
0.7991076980728437,43.315184774751444,70.37027512992526,56.694053428676064,0.5553605712191837,0.327462586839662,1.6330754755987662,10.144742202629189,19.175133230935852,19.550377370759577,3.2449816467447476,0.1379521903322914,KNEE_EXTENSION,high_force,38.40365710810149
4.1987866072618605,36.5925798871474,83.21428740470965,79.9286683588097,0.668536658720433,1.6668703998563899,0.757140103839367,10.084696356199526,25.67788614440775,8.173407836658926,4.382909730894426,0.12051981562530388,WALKING,high_force,71.57520020510373
1.5008972084572614,31.3031869496973,-53.54379403837806,-51.50416926057976,0.27968960790541064,0.2669977108597538,0.5053463904828925,8.134199081906443,8.760489471974289,17.377169194153137,2.3663950633468898,0.7359223713483544,KNEE_FLEXION,high_fatigue,31.88522179827961
3.7008681098608185,23.619435533062557,32.62145134996332,97.52400198995741,0.27000860981298136,0.015653429761963156,0.7586819478544148,9.76624358498471,2.545921661551731,16.750296472423482,2.3743143300153062,0.1124473087859352,KNEE_EXTENSION,slow,18.92669586436656
6.601115601936777,2.9222798550571123,42.96532289133191,92.30730437115534,0.3076101689531058,0.25234778315324774,0.6719651326555341,9.281013137972462,15.094530054846182,15.09233897675667,2.923469340523814,0.08336183556332691,KNEE_EXTENSION,normal,28.034254580047204
9.200702434756455,49.99464250066852,-50.04241255119768,-151.07339548776125,0.4787232243900574,0.23170708824696762,1.505889554323408,8.653597967171683,15.420223546944312,28.062498586459743,5.701684483643645,0.20869306061588774,KNEE_FLEXION,high_force,31.286460587228596
0.9004819295472244,74.7075500454468,77.27143126963357,72.81826290116668,0.5971010628859864,0.2601697339398718,1.4178416144797383,8.063837125770647,27.278580663411137,28.021978914074346,3.0887727459189573,0.657743571453701,STAND_TO_SIT,high_fatigue,59.304519136937444
8.999273286538847,34.24700425974677,59.37409471345587,114.35625106783687,0.8691041538599148,1.3461899987631667,0.3807875303294712,8.289011009580728,43.95141759826507,9.697495884610085,9.83485234863037,0.24794760737588495,WALKING,high_force,20.180328173337475
2.0011877760544663,43.318994719938864,-36.304325695551135,-55.48944440941049,0.12714620065419743,0.24425875505703054,0.39678567376037915,10.206900356245207,5.5879396073515855,11.18738736202818,1.4545504739569226,0.12912334285256027,KNEE_FLEXION,slow,21.117764279929272
4.600516334336988,104.35066851878365,-78.42196546976318,-131.4492311470612,0.5607760889610955,0.37911993455631426,0.9328762622713878,8.754095495277701,18.264991726689875,13.44340160358446,3.4412437381869716,0.6900020905910053,SIT_TO_STAND,high_fatigue,77.99769514358562
4.702892208219886,2.496359954979403,-1.2317637313509857,0.6239960337038966,0.15692784238241558,0.04643160733854409,0.06192777016423212,10.624603650443087,1.7222451420414697,-0.016825801899543268,0.49098403642616867,0.03308064516405319,REST,high_force,3.496821699135456
2.9001404865214173,19.924733278672463,58.543857725797565,120.15261893451543,0.5759542028428516,2.2197893707767373,0.9575963126215847,8.374196732711077,46.23721514645792,4.161062681445632,4.616328990336588,0.1382434933576956,WALKING,low_stability,36.258292838310076
2.3979383839061517,75.33736019362664,-79.14393952069202,-44.283938420205104,0.5524193101994607,0.24122136773253589,0.7136260171177933,8.213701392460404,8.523919008071191,26.92701981497211,3.9644417295618597,0.3165117949555276,SIT_TO_STAND,slow,48.724884701272956
1.9982108095601603,41.673317150542786,63.87339728166573,115.30257577512404,0.6134058222296969,0.1324895452174966,1.3646393307389633,8.835983256920185,20.10173095547503,9.716829422302705,4.143684347246997,0.20094484684307756,KNEE_EXTENSION,high_force,45.089968653529304
2.5988089813617705,19.895488828379715,36.446800871265275,84.71910076550206,0.2634153264828183,0.739142821566314,0.19651244474764012,8.38102192747956,24.43376074235306,3.8862805558043116,3.777624553143961,0.1691544450940841,WALKING,slow,9.586774919847244
4.699512500106129,8.680272879197974,2.468913772227457,2.176498418093231,0.09048320684375265,0.2555501056395486,0.3281130170720719,8.390269721762,5.009115703680767,2.9377238515036956,1.150903876924565,0.10126521097423453,REST,low_stability,3.069574520775086
7.8025624611275255,2.051467201134635,-0.06566415432214379,0.4975326633788266,0.19109977209946508,0.14391205934529128,0.010191755717861685,8.878087359019872,0.9044845658269037,0.4429952456450268,-0.4228853440615447,0.05463093650556641,REST,high_force,11.931288502494553
8.302311294605683,17.28441514685249,67.1973046320756,47.46905284299945,0.7080265585368972,0.7302486814669259,2.0066817624799302,8.878741387689796,27.106582492237898,28.277073425305232,-1.1353271265396976,0.26775516763597146,STAND_TO_SIT,high_force,52.1350870744527
7.998974656929894,93.46097765945089,-88.46274972335083,-79.26629653806368,0.530622872476879,0.3103485673345032,1.0420729688525254,9.789564819655483,15.054539216540665,24.672866938903947,1.907034206723649,0.23444060750407592,KNEE_FLEXION,high_force,42.67774816474667
5.501331548532047,30.078818941721423,35.47407230153933,44.73611184986369,0.4304897330543113,0.3828692626373994,0.47465976313877595,10.354366648602195,18.639284674769975,5.288087291532046,1.7817980441623091,0.21156262775529455,WALKING,slow,19.074324343893775
1.2988278110768368,66.02662755902489,-97.27832746490066,-84.25323998138835,0.719064619790486,0.690766404665995,1.861963005031897,8.85041638280677,24.146527003425962,38.13310557338795,9.049922269941005,0.2873874049917861,SIT_TO_STAND,high_force,85.0191184319266
3.800889884284132,38.2107685239338,65.60825928152921,88.7315152693297,0.4934228178120289,1.9292536256169686,0.9036452772943268,9.38692671206382,34.65321148108257,-0.14091910372722377,7.764676831190908,0.37359569990851665,WALKING,low_stability,3.97239203375927
2.400561074509699,24.886705943974032,24.327548222617285,47.59634333527799,0.20553811892369536,0.15229719791316862,0.10795288812182227,9.5500548413247,2.113444090189907,13.189706046850421,2.296589699137958,0.14672973632309272,KNEE_EXTENSION,slow,17.813323522684467
8.800745630157582,25.407955353560425,95.66200912661886,131.6616106083757,0.15347336962425157,0.02703183909800882,0.5042720729029476,9.160180600483114,11.575947151477092,29.833695576535224,3.645630203580466,0.18480569475363243,KNEE_EXTENSION,normal,32.705503883018366
5.005542871387912,48.91073074514236,-72.45933668323916,-76.48492431003572,0.4771638263419133,0.498772072194538,0.9062396430729672,8.943547587751677,17.82168492188128,33.58454280894383,2.4902482876402425,0.2608376803794822,KNEE_FLEXION,low_stability,34.402128894459935
0.8976960432786422,67.04378747638005,79.27002375500697,113.37520141446713,0.7164715728654836,0.5779358497649966,1.5002336347919984,8.648611105226049,21.02785199579079,35.93938431954223,7.578089618262823,0.23075866960047156,STAND_TO_SIT,high_force,65.39949654153344
2.296641862724387,56.871454417704115,-71.3784724276533,-90.63073054755637,0.3696091895511241,0.06318420706754369,0.9853438718403095,9.739627107275243,7.357980989541894,13.43545586011218,2.524632884525376,0.12597952775330676,KNEE_FLEXION,normal,39.52752904424189
7.597937680007708,32.498364114967366,72.47108987251615,50.81972051734733,0.3728867752354655,1.5671283686185946,0.3203902766591556,9.094480112474422,35.65226225654768,12.399943741123753,5.273700499579956,0.6515453547850241,WALKING,high_fatigue,51.77334430259823
4.501531483754873,3.3127334841545673,-0.14939914489713071,0.5308097408066027,0.0669900116856044,0.0490898186960098,0.04507169137232091,9.408023973690783,0.8413888875514308,-0.8156374579179436,-0.2965002541978114,0.3652826271661832,REST,high_fatigue,9.20008926224309
1.70101293430917,31.843815320027584,49.95400719024485,43.512279172967595,0.2783904579484122,0.7308915681673241,0.48916305879507677,10.040683848155817,12.495483321588738,10.129909033395451,0.5488233205839429,0.2628986719358975,WALKING,slow,21.708056391790393
7.400415179805585,38.32779614299319,-97.67834522647013,-76.52989188031833,0.6533955698644709,0.598059671504879,1.363449348656658,9.438536843291706,17.45671119584223,26.411929639052104,11.683961788796024,0.704416575234,SIT_TO_STAND,high_fatigue,74.0870460305868
7.795845183789072,73.77740820872529,41.10496856338112,150.80182713833364,0.8178363421280386,0.7423363371127498,1.0661866575790975,8.39883999854043,22.484240630976373,48.917017021631615,2.4009153881321645,0.18041014344452933,STAND_TO_SIT,high_force,56.86615425937147
1.6986077415504264,29.188891894088272,66.74588404190791,119.35068066435934,0.25688170984399034,0.16772812984812216,0.7083420272164668,9.547353628229965,15.181168460884914,25.55305927900002,1.5158430094383828,0.1351340757189443,KNEE_EXTENSION,normal,21.774666149105173
4.399645188259164,91.9464896001343,-99.12805903426921,-198.8120600657013,1.0,0.5062085326848225,2.0963829668807414,9.549993836298217,14.619039754047824,40.39639370212602,4.923515789616023,0.15709087989634007,SIT_TO_STAND,high_force,85.40789776518662
9.499790417226574,32.889775838651474,73.5227800796503,64.943974866489,0.2822153968858988,0.05039825911252119,0.7312326043500874,9.40779078750445,3.5439230528683243,18.390833844164955,1.7930538359368677,0.6174277230905306,KNEE_EXTENSION,high_fatigue,30.42216803604863
5.199101872929549,37.22059754009956,91.14475005218851,26.548850210537854,0.29515371234249593,0.10031019267518627,0.8609111733605617,9.181039371611021,3.6505952910962574,18.06362723037148,2.8903588905221236,0.15169739837058438,KNEE_EXTENSION,normal,29.552428667382163
4.700215658294882,43.79906948115175,42.73169084496836,38.42516208879274,0.3303747918956744,1.4667156215733965,0.5984415811509685,8.569636808144393,36.996666564052205,12.441311773846328,5.406938130666026,0.09379448521735911,WALKING,normal,25.585769683735954
0.9999837811127533,53.890119071838306,-100.6155505074791,-140.6850904841671,0.5036087022809593,0.43586457022709874,1.2611320978938836,9.523884077555856,19.991751035076877,23.60227926055775,5.199546990794898,0.1090045158301802,KNEE_FLEXION,high_force,45.744107726473665
2.299754945005375,62.12170040841434,37.7780642634401,60.02728747843383,0.6121930553925103,0.19536913894225397,0.7047559278437413,8.134931213323892,7.249249562642051,16.60280388582988,1.761234008587359,0.14653463114627913,STAND_TO_SIT,slow,33.41623068591419
6.300965270998912,2.900231711896208,1.6077672115717205,0.503713013491865,0.13050386342634324,0.08925135507291435,0.11268349294572033,9.534296761236561,0.8327239381378637,-0.0696460427921359,-0.6619192949404162,0.055723898851086334,REST,high_force,13.782109265690684
9.699281004315402,119.27318898197701,-73.27406023808068,-75.93970927344735,0.8987569795823961,1.0677438288024046,2.212712043469716,7.794465485557783,16.67416999853107,29.81927418434317,-0.5632979277720724,0.33184453228602856,SIT_TO_STAND,low_stability,75.53567980048851
5.298541634271782,54.49504365395731,-82.76478247011529,-51.85035383467246,0.3986302512250507,0.5533762147394475,0.8089814871235382,9.964032076528651,4.460196524624813,15.701700698829162,9.008676310938581,0.2589178642946784,KNEE_FLEXION,low_stability,44.839142967807256
1.498932308693958,32.73914665473276,66.62196622859271,131.88864141445546,0.4541293033942639,0.5401801092341609,0.7818506683396061,7.743375286223198,45.045571215940036,26.644667258150715,7.227160494168551,0.26086065010666093,STAND_TO_SIT,low_stability,39.2416732579917
5.302194372148313,9.237500661922448,4.855663891572083,1.2997729366986583,0.0702797781282839,0.29098590537043295,0.038571055648776026,9.481999096404419,3.024413439462989,2.0296989089325455,0.17469755885592578,0.10952554535508696,REST,low_stability,7.6661847223269435
7.502729151310446,97.91154506657318,-68.15850589879719,-83.92422810347944,0.7710858227195913,0.6235455944718881,1.3388505659346472,9.288275105606672,5.724275569860844,33.82593785959269,3.8641632364751937,0.19930770758185848,SIT_TO_STAND,normal,47.31826905491407
0.7988752632341537,1.7474785205038976,-0.8072772997395224,-0.5556977851693011,0.14228945748495203,0.06517681971752262,0.0812500293156643,9.34628059850825,1.7094897134280642,-0.5423905837004672,0.08633942643815037,0.054589129488893245,REST,high_force,8.500205508900077
1.2956619041591757,24.235600287382464,60.848348179669344,49.6781247767915,0.25028849423491,1.001369913693462,0.3028037386208273,10.73986243971414,12.991522184251494,3.146764529294561,1.3098116221897096,0.24786591874563155,WALKING,slow,26.073774399015086
9.00121717936233,58.34198604125271,-46.8605120536051,-88.53728121016997,0.33651958525592895,0.11054356961684775,0.16452557039820523,9.101275595083703,13.068161047617162,18.3773475412406,3.0215421734419956,0.13123614554442964,KNEE_FLEXION,normal,31.588534365146863
9.899177773662,79.72409716283343,-66.23191596847711,-87.62116315208004,0.33179468423008873,0.004982707942274805,0.6678463255034609,8.742218921384096,16.858871522387943,27.90580724994465,1.2278774346706312,0.11181469078547399,KNEE_FLEXION,normal,23.56022148760413
9.800940926112188,71.7857577215091,-74.47004045541381,-38.85521817739941,0.7751818903948796,0.6216512303999746,1.7926194306159917,8.026071367684084,14.864210257149706,33.57168866533183,6.786224019678313,0.7251132739745954,SIT_TO_STAND,high_fatigue,87.96036828731677
3.499305418191349,83.63920167567863,-35.402729503331074,-32.452939956273696,0.583202202707983,0.48455474874474364,0.3893007743108483,7.6877069088797985,6.964349468247377,22.349722953095,2.3338999973176473,0.3009793208795094,SIT_TO_STAND,slow,31.62690774846284
7.999636512775984,37.373352164292896,63.25069489292459,96.38267109043326,0.3031692377651712,0.4782891639208915,1.1809321057562963,8.978415119447329,14.736858384458868,21.52985674166965,-0.551844234956612,0.22361433024634045,KNEE_EXTENSION,low_stability,15.91322574004441
7.800838050752882,14.75089506858012,-103.66967707366062,-44.36147494638733,0.20150388694440088,0.13873431381010448,0.7033683888369147,9.230738689267616,8.035219365536271,27.153121058632685,4.032207376172382,0.12372740339822569,KNEE_FLEXION,normal,32.125386208285896
5.699922923476313,7.865655475549321,0.9827877444969929,-0.37375142338530765,0.05082687314796096,0.06880082738958125,-0.051374790879265664,9.135103818202246,1.3352656618146521,0.2091592407392417,1.1221125920751427,0.05822343836031926,REST,normal,9.418860716568723
8.30050792433467,34.901654268740366,-46.75885204543817,-91.24945593599816,0.2333851939021828,0.13963594223631992,0.9109885417399365,9.634242301078203,5.421627838433885,15.875644311135932,2.25718069102528,0.6624555758057757,KNEE_FLEXION,high_fatigue,49.25342099956002
1.1027346376755005,46.29433985164026,40.77499690101293,31.53260408353993,0.5622009545832443,2.430116178066131,0.7251814466361782,11.225809903337778,18.35556962447788,7.894002709305115,13.36611714911862,0.28328066080691583,WALKING,low_stability,37.73162340540243
9.496770465900825,29.01090076153613,-50.24794116682057,-71.87749240589874,0.20557150835623944,0.0921454150195889,0.7973519077866519,9.198259155285934,4.3856796369047,12.574810870675437,1.4865807002642084,0.1494419321686678,KNEE_FLEXION,slow,15.444974999267071
6.098535287437971,41.55152212136288,47.67351498793293,62.704666293773315,0.4429631170992066,0.9094874153746767,0.22866856512190784,10.081322484539893,30.496113729673713,11.495362736623527,3.5789080826548987,0.19272759791665384,WALKING,normal,26.306013012305645
4.2988114796236765,42.25830411858053,63.72167880442843,95.53489125142437,0.2387370974286072,0.2807974897695785,0.3684743814716978,9.088291339982034,3.5281043656120907,25.61862948735897,0.257524756380406,0.6176382103035284,KNEE_EXTENSION,high_fatigue,46.540583469204684
2.8989225762069024,1.9403246646978158,-0.33282847782472674,-1.89191155191478,0.1807535158912477,0.006810167048994886,0.10273525914209966,8.530461295136968,1.2437349781699718,1.1432356704798656,-0.020113157124925864,0.08836328789257539,REST,high_force,3.993629448920382
0.8995092912482393,24.216576290410714,26.102200136491593,89.9014699276445,0.33532029217439285,0.1444632842622909,0.6631333765195782,10.146978319621073,9.51133060819993,21.65029803215963,2.142110067015025,0.1417971526875553,KNEE_EXTENSION,normal,25.50295887989551
2.099830912934045,8.887845187713673,70.10777801292731,212.08488824284527,1.0,0.24711924602131546,1.9149614385865583,7.756561005529298,24.397973347825637,21.72300687687681,5.642358584898449,0.17287878948167645,STAND_TO_SIT,high_force,62.78997108528479
7.895242438218474,46.39471651009258,-17.95899594317664,-39.391970879006415,0.251377020527093,0.06555965839431926,0.4698939866572426,9.768980410252068,8.107269483060668,12.530365189575011,1.6366684322593679,0.13267800073693262,KNEE_FLEXION,slow,27.286706824687993
5.002944479523751,61.32992961083373,-27.89267860995648,-143.09295794239975,0.5051039171873211,0.5172150658721446,1.9893649849419184,7.022228258401559,26.55789242250779,14.811663190537137,7.641942675132738,0.6208520857842925,SIT_TO_STAND,high_fatigue,61.73531343993417
3.3995101841865787,89.4777825992616,-88.27755736301161,-204.98885247434745,0.7983113285263053,0.5609319357145958,0.8794160978679709,6.357931647447445,23.878081477092703,36.17139211322758,2.08597249880462,0.28054355458048924,SIT_TO_STAND,high_force,53.60901914029605
7.097190964214858,89.87143739760101,-94.96539920664553,-82.65696869515966,0.8653603474570177,0.5096135088157555,1.4901221406671006,8.038642362272634,23.112087315522373,20.628853794810187,4.772524084450039,0.15632403653283797,SIT_TO_STAND,normal,53.81028493876229
4.896775496251408,18.77568382862932,83.56665111406916,65.13060041732822,0.26502746247857917,0.3936910070452689,1.107120987140124,8.668549963488658,3.969392778613326,22.499928154008757,6.818541524194377,0.20907029781975164,KNEE_EXTENSION,low_stability,35.47483444984886
3.700976113031105,86.8577034927799,-98.54851139160868,-165.94275754769254,0.7472251389022643,0.6751617995309983,1.5606922475202807,8.007799522706327,12.166148387837826,27.412222891721647,1.1503053833162125,0.2510594746900576,SIT_TO_STAND,normal,57.26273302956846
8.898320157085019,36.876257002653915,52.68272232616618,122.67234111028183,0.5197712857692729,0.7776482287890122,0.7542887539626969,9.785140446569292,42.27015672344869,25.782954707683096,16.72002496529901,0.2719890385492771,WALKING,low_stability,26.704580459456007
5.299752195251916,88.29829293301202,-76.88963028427273,-144.13553200046593,1.0,0.5757595852758481,1.9020421150469566,8.364333435920326,23.960791124158067,52.66862597807414,4.3606277958343425,0.1842126018699392,SIT_TO_STAND,normal,70.18912983235384
0.7009166692672817,34.34222803891088,34.353680606565824,119.97587565448812,0.6285104165722761,2.722485865016003,0.9007528979024454,9.880939937120454,35.98338508527671,9.58118185685663,7.14214940707725,0.14441150259372376,WALKING,high_force,41.77579941729677
2.3977727256886983,4.401767375541219,2.164659667451363,-1.173848829272597,0.04663135900350192,0.10513442714060714,-0.026776083480392062,9.713971169809916,1.5463712922013793,0.6246751494864892,-0.8189072547699526,0.5672200199984163,REST,high_fatigue,16.336753388064388
6.901187109389811,4.85246520536251,-0.0417020913360026,-0.004862137029224511,0.0650693596841121,0.06562816403891686,0.009452472622016329,9.82940432238064,1.8309204146850697,-0.025823719311616547,0.01610126499809366,0.04845287640358292,REST,normal,3.909250129079603
4.90223683343214,43.20485475353869,-81.671712065761,-103.58370788947478,0.34361825761999426,0.39914352772788475,1.2570536130693815,9.419502783456139,21.92319538249905,14.999386454241503,4.723990333594942,0.2585352857570592,KNEE_FLEXION,high_force,42.26387433260123
3.501496108844048,18.35835470655512,50.517535827650576,39.16944528757823,0.46563257863075264,0.12346533773213604,0.6610697902032658,9.679773802950475,10.248811445996116,17.56457440110118,1.3277124199138268,0.04897987261053194,KNEE_EXTENSION,normal,35.215280598277886
3.9009936482452217,29.5655454222391,64.61358097184875,32.297807399507,0.21161345800013434,0.39797924784940736,1.2166613120883514,6.950621752158186,-6.8436832865006965,20.634578645302135,0.09368774872088126,0.17998734438955508,KNEE_EXTENSION,low_stability,31.66507213624195
0.5998452455148064,62.958983717855695,-89.17786155116274,-78.25443244222424,0.21106394049111776,0.3843587598523159,0.6100128867189334,9.188607304100033,6.247489250016626,11.689479938667528,3.119491528828072,0.6696185274085515,KNEE_FLEXION,high_fatigue,40.99505610188755
6.299838324552363,34.039839262672835,55.5023725077995,42.255407987655,0.29090967020705977,0.2728177351994019,0.6207562720665913,9.096909012713718,7.739245505095736,13.750568684039894,0.7910797578467728,0.6518363134576135,KNEE_EXTENSION,high_fatigue,35.69614749368354
8.103094151170197,45.950758592077335,52.816658017008514,95.41793970645269,0.24177997532488107,0.17714226372831152,0.42060078717971655,9.178831675422806,-2.335495361670525,21.26368437891913,3.7351027127725835,0.13050760093338057,KNEE_EXTENSION,normal,27.577579602716224
9.199734058537215,47.76369906111809,-69.83356250838796,-54.82322189023473,0.4014935785842263,0.406830490920376,0.7979626766237639,9.014765651722811,9.543885272623035,29.173945314668668,1.5483511183435072,0.13674275633088143,KNEE_FLEXION,normal,28.32476026402662
3.9992986910355275,29.944533754152374,74.68680795733736,86.2306226456914,0.373178034294821,1.4785371735323878,0.8202357328472855,9.616792669989481,28.453605343468727,16.7755130990314,5.1061604540726675,0.8566698844580994,WALKING,high_fatigue,61.826664380697984
1.9972730910823742,38.54737687393264,23.41173524742494,49.629684287985015,0.24995855206676604,0.2911201750734469,0.2596939964243609,10.138538622090833,30.948776076863332,4.352071924184389,3.254884962704567,0.12556194772828744,WALKING,slow,30.20125453205503
1.900578125202316,37.430514656649414,60.14817307009379,91.15394139161276,0.2941605437434449,0.02221285456751816,0.7864092483448222,10.137767857811662,7.131632691613748,11.427537963629005,2.013804316059816,0.2171984818739873,KNEE_EXTENSION,normal,37.92527002414367
9.600058526843009,71.62958470051476,-63.03516986996538,-85.43563201008511,0.5436798373419713,0.5336772332805562,0.8351656391743195,9.307437667049463,6.646542739956621,10.475627633702523,3.047070243880058,0.2364691632503537,SIT_TO_STAND,slow,32.512040088530405
6.699605911713621,60.465976515838626,-79.1277883146816,-88.85372438809284,0.2550749540574136,0.24571404649207795,0.5996371606159313,9.096887496131247,2.9002285144572237,36.949438568861055,5.080926845132156,0.12317731676956614,KNEE_FLEXION,normal,36.82245668340124
3.1994689385784403,75.23184505187984,-152.04816836571038,-151.15292858545808,0.8700116928363143,0.39695812915213613,1.6410123242062105,8.43965451794063,22.270308333859937,31.98015171462887,1.2099588857641346,0.18346849841013335,SIT_TO_STAND,normal,82.61011747279755
0.4984233951388606,75.34584156734208,95.43466823334366,112.29966938306548,0.4224212864757778,0.3777114728808116,0.8463226499825526,8.666896660403319,12.734681198735,28.857392601769156,2.018507511842527,0.12910543415142223,STAND_TO_SIT,normal,43.92570672301143
7.602371436203707,51.95269586812226,82.3238776645752,104.37732345664448,0.5423878894788543,0.5758639871026416,0.652521590325723,7.769709691972211,22.119019403621007,26.52904687356574,4.2662012062313215,0.1559159384326707,STAND_TO_SIT,normal,39.61031087111913
3.001779834306213,22.187729610550715,-42.64665861499734,-81.73571549180411,0.261425207672316,0.1798985301716896,0.09772224911423286,9.608503065806055,3.5584269347343174,12.932595778792209,0.438137109828171,0.13802478528402018,KNEE_FLEXION,slow,23.4180905149883
4.401974663342302,56.892294607427466,-78.14101971889752,-62.95285613113843,0.21453793520667935,0.0433364643504965,0.8358348159021372,9.627360556313766,6.791228124227384,11.029962535828615,1.682629723064419,0.17154643622722926,KNEE_FLEXION,normal,25.529075569739557
9.50256826294269,79.28832200611575,-124.21305950858941,-124.44842164923722,0.9264741798138498,1.4009437051449656,1.4500317545522712,7.391859698708132,32.41147473900129,25.250932499922275,11.005202276427934,0.39463177276016875,SIT_TO_STAND,low_stability,62.40387430484489
7.9023164453375925,1.3850612359158063,0.02748224133467096,-1.1095199369557063,0.11249491936614485,0.06545306371026355,0.06544301937967545,10.135140044229978,1.5928717016708376,-0.49238694364852403,0.5133347723779592,0.06699340504896988,REST,high_force,6.202406794901233
6.4989213412967715,50.73852261919217,-81.04540745522229,-69.05151170876795,0.6196832251577007,0.2878495647637673,0.9767192660264773,8.604723504679248,14.08940240672276,27.263647362756995,5.295074293562684,0.8359762793317762,SIT_TO_STAND,high_fatigue,92.20663295458102
0.30081859783293585,32.436109742999555,60.48985900292007,160.72758607655123,0.5238309947903925,0.49146545182574813,1.2035395539353861,9.13359937025272,23.894212139735206,36.330761016315,2.45114917608944,0.10758327461394047,STAND_TO_SIT,normal,27.847889623174634
8.200622760748075,16.135487857951922,-84.5994382303959,-134.21738763754917,0.6101137806641193,0.2613954095897952,0.8403045075077417,8.561761006985535,23.003886982531984,21.488851076718394,8.580387010295652,0.22259980808827992,KNEE_FLEXION,high_force,49.81308192747217
3.8020252113308386,5.585774487298414,34.2327872909047,107.44961886206457,0.29893862295099566,0.3265051249254278,1.0259049642982536,9.06780322558826,7.499568192811833,24.79763490255968,5.43521990915971,0.17193365128097943,KNEE_EXTENSION,low_stability,29.779269895576014
2.297691569181732,22.11164155979151,55.18690512422709,47.7371588233648,0.40479414574999517,0.2601484372246929,0.9840280362918802,9.13297559003007,18.121965870173977,15.9752652582602,5.671631506007391,0.2360303643152509,KNEE_EXTENSION,high_force,46.22197913540638
5.299345118744878,40.72083582552975,52.16539927921572,56.25790475280975,0.41907227318282003,1.45940946749446,0.7872977888871482,9.19802593703803,31.39351022772107,11.685201057035618,9.267840574862223,0.2515181720501551,WALKING,normal,29.634706163367106
3.401811551817444,-5.16589004080785,49.70266288027382,142.4971440012493,0.252301432556026,2.32859486199302,0.9284019680776325,8.557681926530435,52.10644315322304,6.02526694060457,17.49892807360418,0.2253665474638885,WALKING,low_stability,48.10177597426757
6.196869567065072,36.75640487494505,33.64088649649314,15.091235700363313,0.4971854010237974,1.9534930102099446,0.35832238343224604,8.443778668011294,37.133045482016485,3.93579662893996,1.836612746060518,0.7093721419877795,WALKING,high_fatigue,52.99216210410039
9.599148242532735,23.671857917118036,68.24686369022568,110.13996754425655,0.3260330021014344,1.4031332795974358,0.2894273838644541,10.023933063435766,23.681795490011325,3.979192897262586,4.342530918579246,0.14108335115754217,WALKING,normal,18.944702205564056
5.100381757407403,35.08932345612312,-58.20998258012819,-34.7458940510545,0.3182516522975275,0.34439342565287817,0.9777046512461793,9.898387995903112,3.5375821336488356,7.377016328304796,4.955761560882166,0.780111214344819,KNEE_FLEXION,high_fatigue,44.99184305918434
0.19925469429307896,46.36419672866074,46.11318712131509,86.9056160277396,0.4657055452366574,2.7862801492762364,0.8691211305487616,10.714355889771605,29.44476143670278,3.9158654720072006,3.8196181938655105,0.24349305569823393,WALKING,low_stability,42.80526484912506
3.6020743939265114,58.631588109248575,-35.43782309136361,-56.318697130832184,0.339063667315046,0.1069308849993181,0.36659748574384804,9.058738721786446,7.420808631254174,9.602289817540967,2.3236220077611454,0.18611426807902454,KNEE_FLEXION,slow,24.993110486740402
8.500234803941277,31.84336222163949,68.3359330916992,72.34376445150626,0.2343165412436518,0.15989417117220606,0.5924766060714804,8.571241395842156,18.413532896959786,19.935810634599473,2.3193497587971934,0.6036790856648886,KNEE_EXTENSION,high_fatigue,35.81247820288213
1.902439976161535,23.66075618828262,53.56725617464654,173.3972032920744,0.5469934697590586,-0.005765349186725929,1.2348100183969422,10.037098049766117,11.244517174219009,19.865005834396943,5.789566064395522,0.2103317834385822,KNEE_EXTENSION,high_force,49.16954932659945
4.0012400344281875,2.8230854555230476,-1.1163828102465359,-0.10122568828560623,0.03359261070455803,0.0896154366587941,0.09061601618614137,9.498559864028671,1.2691227686750814,0.6246209672379335,0.46975404377715324,0.5537453758308174,REST,high_fatigue,15.388645972278013
0.805181371672123,30.627470893819055,66.59189089875603,96.87437507615762,0.41633100543653423,1.2834248821822647,0.3941119479560264,10.166292087554005,21.52034924528494,9.199428768394398,3.870371800603498,0.13664605549508368,WALKING,normal,16.749365167310813
7.5988005011017625,4.281718184789396,1.5802053675497623,-0.7629655048502632,0.04846946042334768,0.14660962305893135,0.06697596409299401,9.021130094003247,0.4515075607860804,-0.004184488708689481,0.5489592767023954,0.07638026395482793,REST,normal,2.7140766250692265
8.102547219571226,73.39652287699546,-53.929404584163194,-49.301276861099986,0.2787841711268185,0.14126192638001425,0.8243240344058096,9.58701577436618,8.861512486235402,14.297852560047412,4.122754327616373,0.6295972535984736,KNEE_FLEXION,high_fatigue,56.952591654128085
4.899737211788848,34.242009827682246,32.72881094507687,56.21539918301688,0.222404684889775,0.20377567524008797,0.23634994100047665,9.329520722841558,30.318065337919965,7.017519856367226,1.038301494204573,0.199853478708737,WALKING,slow,16.416275624629606
2.2034424876749994,44.429155032078654,37.250705819478824,61.09119792338328,0.23134877836331866,1.6622949967860987,0.6540775397925567,10.288904473079603,30.992176610043057,10.147741026950007,5.488298812543358,0.09437582758881446,WALKING,normal,40.419182031950044
8.698562711604302,81.61604123684442,-84.53789593376713,-194.994105278198,0.6569614209099576,0.6417547569950115,1.658578309818214,8.76688363106709,12.829339295987973,18.070358640357203,2.7669047927287873,0.6465098250855345,SIT_TO_STAND,high_fatigue,100.0
0.8006767520129897,18.65630426974659,-24.846199821589085,-90.77786112667516,0.4765902490501869,0.20187951008066474,1.10999333757374,9.782923646744935,22.44601106308851,47.06905648321771,4.599812952737101,0.1466803579119038,KNEE_FLEXION,high_force,45.83840945685564
9.401204816820384,43.73836406923546,-25.031654121901127,-82.63741085992595,0.7635722711191849,0.1911323356619875,1.4811091407507304,10.489135490090243,18.61418335681762,31.878610419703843,9.068453962778118,0.6488812369700045,SIT_TO_STAND,high_fatigue,74.2280297956474
5.399119976468088,30.00079850467407,41.534070036681754,50.53712171954588,0.3045721907203683,0.9099279832253415,0.154182913631281,8.975068027227195,32.06611079505922,5.2544594553774155,2.0485162804211354,0.1995094589097283,WALKING,slow,24.853309856225405
1.5990221002604754,29.481017615279203,86.70745777882355,41.5953033074477,0.24954614864900398,0.6672622101333284,0.7120598803298471,9.101522406656455,15.926070815267787,13.887616705562658,6.346257763421507,0.2755307895815623,KNEE_EXTENSION,low_stability,30.549090316888275
3.8038715741196243,75.74615769804879,50.341438288680024,105.21120747244967,0.32919414476603404,0.41997988014278775,0.9751318773607612,9.02527224960667,23.716384888900656,16.895555485425927,3.143051454550391,0.19370551720173196,STAND_TO_SIT,normal,38.49597884235968
2.3015810877589638,45.086703000702926,-113.09843382208558,-114.83802959611324,0.5690127328493784,0.5114160481944457,1.2526631255160947,9.799793142534918,13.152593588833629,43.05631902028539,2.5531803406830647,0.8221817680899889,SIT_TO_STAND,high_fatigue,74.45517734312978
5.097672086097185,66.49789261456526,43.64859686470606,48.0091927136531,0.2788688289933298,0.24286672575790516,0.4720317857449556,9.133592926877448,1.2866849146864965,27.570112178772423,2.8972051272660413,0.2709757640054419,STAND_TO_SIT,slow,43.64594848116123
2.996081216391488,22.437862113856845,37.32547239360254,59.27383818773108,0.2558985085667058,0.710423165246278,0.5313758790711901,10.110986123036774,23.27048447366415,12.065502661783757,3.535525431635529,0.2542179978163476,WALKING,slow,30.69660047024219
4.099941207234151,61.12572351162905,71.99572260938757,73.71709118366314,0.2996213191931334,0.21043699570348962,0.746560199887955,9.003720997152916,7.020164970575491,15.91110613547892,3.3835163339185717,0.09596201476934355,KNEE_EXTENSION,normal,19.295619656775965
0.6988210762630708,68.87025338515484,73.90417042804852,96.49920417348945,0.538885966243283,0.577946332691036,1.12432335414929,9.02912400628375,30.298693210852118,38.99711626190272,6.962752953075857,0.20643877308790667,STAND_TO_SIT,normal,43.292135668282135
4.100850368394849,23.29219740036637,52.891132550638545,84.7205368136232,0.15350456307367782,0.18120484890378716,0.5967578401471357,8.608659113850585,5.444172271560645,25.23914041212588,0.5913743815266781,0.6125828627611106,KNEE_EXTENSION,high_fatigue,41.604945865697374
8.199765104249456,6.456603275084078,0.273382292347895,-0.0328841281370725,0.06677350007835661,0.10017055754305543,0.013576380044246251,9.795871546015814,0.5085701244180492,0.8982072460431159,0.5357101375243021,0.5411281893847032,REST,high_fatigue,19.81796364784579
2.6980892644611534,42.542503197144015,90.84177228470702,74.77840672791946,0.4512975546047259,0.00461935486403435,0.3825050601456235,8.683559782402579,18.689356933006536,23.210609284199965,2.992996596934223,0.7691322714195015,STAND_TO_SIT,high_fatigue,56.02296426071747
1.3021507156626053,89.56199323118443,-63.86120419465891,-44.75721640240532,0.6789549249359975,0.6495407443188499,0.9469547879445871,8.849563716024104,15.17349161423406,22.620994470317154,3.1880458701361847,0.34349844074143254,SIT_TO_STAND,slow,54.06386282346011
6.296024664285149,49.13558818326054,50.71829148901631,55.30921133620232,0.36575868483199986,0.2443666908573374,0.4345450584959076,7.954443156964892,15.861656865560839,19.153110318334253,1.5741568487735065,0.1759345480191508,KNEE_EXTENSION,normal,24.21929119867377
8.804395368289994,101.8613302242631,-82.97604319896692,-139.96373103868297,0.8697813758696225,0.5227236321912349,1.226424272101569,9.164952491113615,37.21940331869018,38.00160234266781,5.730772564347842,0.206718926176138,SIT_TO_STAND,normal,54.21315402887315
3.7980812505415167,4.413924875721702,-0.4064760045030234,0.9839004315382032,0.0980638545541037,0.04716244180027322,-0.0247340885076733,10.739431989787889,0.8073343849756868,-0.4875681962416446,0.061246061787696836,0.6529890549599914,REST,high_fatigue,11.669929056737594
1.7031309352695048,45.749656361053475,95.26387748455731,152.77994099228772,0.7980541344712954,0.5828480491066024,2.2515276422009873,6.49546918422327,16.013251462544595,18.304538536979756,0.6578954857033958,0.26989845243931726,STAND_TO_SIT,high_force,63.15623939087716
4.299773524204088,73.9235393095429,-53.47516819523796,-50.037923880144525,0.3851715588196055,0.23298318934141926,0.6274050297571634,9.491512304981883,9.759826311527274,12.206595672567808,1.3024966976153534,0.6934797171908292,KNEE_FLEXION,high_fatigue,52.998436974498134
5.5979995827531965,30.203418338247953,99.23559139821414,60.94805240482578,0.5229190145806568,1.2204860158268251,0.9522619027661464,9.584802079642076,38.554286441419926,24.682447890622413,8.208066720072724,0.301575770122546,WALKING,low_stability,35.58814816208904
8.300223175812485,70.6014862388631,68.24252650840789,114.79270909014161,0.37136714315018393,0.47155526989778557,1.3076302585242612,10.975742359090855,24.14327504313875,29.727673942506023,1.7515938350881912,0.6454118655180464,STAND_TO_SIT,high_fatigue,60.06269301275301
6.601434696915218,7.241238760560255,-0.21824314765358796,0.10327562830970617,0.043543536436986795,-0.09117535137755817,0.025481831331440153,9.478616867997987,0.12891698483856262,-0.4380355750071334,-1.3747985680791415,0.08060013077061881,REST,slow,7.724916488000426
5.899035535042595,6.874342687488569,-1.1847538361753691,-1.375350257739928,0.04738416929779249,0.09905105493591325,-0.044758867093314315,9.383713262066669,1.1655815696332108,0.33023195774233266,0.2054751917341929,0.05889453636390467,REST,normal,0.7469474895212906
1.102214290015308,27.452488702932417,44.49015989383698,46.108165095755695,0.3473480279104062,0.4949215983696635,0.13307649915922506,10.553470251416693,13.823220680778146,9.26594490819666,2.3765693728514017,0.16787922930541382,WALKING,slow,15.252555090451686
2.99943079342503,35.28046417350673,46.14212387263507,68.44146461445774,0.43897965332855005,1.7896277160465581,0.682049345582016,8.344009535926187,27.20019879976372,12.408400706592582,3.2851819589770415,0.2203974441298689,WALKING,normal,29.800716442100814
8.69754562305131,29.609489997703005,50.829913141596215,117.41183630673342,0.4324164263327728,0.13909020877857775,1.8147958871210788,8.768682439367428,12.858152683228514,33.42344390928039,-1.207989985393713,0.1389055106073962,KNEE_EXTENSION,high_force,53.71608887945081
4.896881233529389,5.1084205140666255,0.1567332460664713,-1.1703339403985284,0.07771245724865423,0.12353299084422313,0.033284326665203576,10.630302597683022,0.4962115712433829,0.4850218997760874,-1.8211234039399857,0.058750244972397406,REST,normal,8.090586209458193
8.29991722971066,19.653527678379163,7.53352914008009,44.97020751254764,0.5500973397199261,0.6443818424481301,1.1841704403527435,8.180120348536315,24.28919805709361,38.74049868529586,5.19095737554782,0.20310846218560252,STAND_TO_SIT,low_stability,50.52692249060485
1.099505111539798,64.67291242543693,-106.8010099212784,-164.10703643682513,0.7364025355573485,0.40944356693989287,0.7478791813663814,8.350041954364782,28.831755622491468,31.061071749426223,2.1083478584856836,0.28296077049870116,SIT_TO_STAND,normal,51.30177811034861
5.80407171456249,46.227825988616665,49.69645913719215,35.82282469244156,0.23918950261770452,2.7302555505398813,0.7296418568412119,9.252704865603423,43.08108209408543,18.54741210408537,4.303144351679327,0.3378708440960596,WALKING,low_stability,19.847394920819326
1.7001706984688572,87.82500265385426,-75.77659148154405,-95.30319813459025,0.7833660477365455,0.4998922097675601,0.5363391813279399,6.926081635995311,30.31021313085244,25.793928904443195,5.095787682645106,0.1501035770871348,SIT_TO_STAND,normal,58.62929738956863
4.799656870979568,6.582205401466016,1.0658172783175746,2.906785075741156,0.01790315469946365,0.15332604017520166,0.035254668610792496,9.294386099351113,0.8193523985494117,-0.3551284390894089,0.19129818406187124,0.030887496651972043,REST,normal,8.057131079725288
1.9025754835657802,22.623307582822605,62.39715443807702,153.9050510741554,0.6588640150269565,2.6896927954833814,0.7942389584420132,9.680856259782091,22.193905443157554,16.856670879280564,5.893251174835742,0.15773387123590016,WALKING,high_force,41.86867355683216
8.997569651265417,59.98351370877782,-35.366153022397725,-108.31353852942311,0.2669871430115448,0.31428396017294963,0.6680929696454769,8.170418578358092,20.788249897806395,36.32692755871896,0.13654013890775857,0.263722915528701,KNEE_FLEXION,low_stability,36.54290918104889
5.201116470591829,25.90862180019121,27.89743343489922,72.35269575911495,0.15558529640017163,0.04836303724821711,0.40498338731878997,9.666008621578431,5.190232670522406,8.430260538853686,2.72347841433079,0.13301058234686347,KNEE_EXTENSION,slow,17.704529051087103
4.601480073681486,70.3528944782508,-112.04879222953653,-121.39912969690543,0.8270763766434761,0.10561525890617925,0.7466808064727172,8.095584027352587,13.468617785866144,28.19321634010517,2.102199884418148,0.18389942983676782,KNEE_FLEXION,high_force,32.29835483999304
5.899202735417411,101.83047290191091,-36.28148207601161,-55.74315438696639,0.3501462503810509,0.28642523042886303,1.0612275733123575,8.020184942090795,8.290170312924282,21.679385403904373,1.5314911303708325,0.21929810670070837,SIT_TO_STAND,slow,40.13620794667559
3.196006615910451,44.1907104744949,44.388024346973026,23.789476850209198,0.2904568271167444,1.08675989391432,0.31233505064943307,9.898995356613842,24.74949424610702,6.680984099397586,5.460602053665488,0.3239567287362668,WALKING,slow,15.10441915244762
3.800856856759496,70.58303335926304,-59.9057484710024,-263.79805234022655,0.7235211419036157,0.8038323538550409,2.619362812839267,7.9044777294525215,12.524011815662334,17.55074293461847,6.435431588139029,0.23023682867709966,SIT_TO_STAND,low_stability,64.58290656504923
2.702759646436439,44.76529441556612,-48.18222009987778,-32.689710755409926,0.2923420038265533,0.04309176113417815,0.3444596638069339,9.330446888132505,10.177052356485147,17.729425357693774,3.735831186412572,0.22362473743554837,KNEE_FLEXION,slow,13.868103393027415
0.20186226696531306,14.92861440698811,19.79286642588696,75.64103562319637,0.09468915048851013,0.08520751694724436,0.3837933136526941,9.34409335392247,4.118642112458563,10.692674866473677,3.2433767954010007,0.20418982367895874,KNEE_EXTENSION,slow,20.305209815901016
3.5976862432097287,60.13192463870999,-87.91079467257164,-159.27515052884405,0.6863597769323427,0.3415903377604318,1.7346607920284267,7.487035275105219,27.887298500562448,19.574748916081035,0.17719637435950308,0.8365605737266927,SIT_TO_STAND,high_fatigue,79.32622715600107
2.5010479019083856,4.53273610026174,0.3563865886824841,0.23159088661092844,0.06756170574239248,0.0825762381650722,-0.021972922162810948,9.069009324714576,1.6555895107291656,0.015348198564972335,0.9417071202694318,0.042711234954710776,REST,normal,4.189534611988711
6.50172251645173,51.35201908506353,48.66352425625751,132.9846284671892,0.3418771897144836,0.1990906618799,0.5874882989063301,10.161692472157197,2.743029591421953,24.90235778760336,1.9439647522206425,0.8049066996443259,KNEE_EXTENSION,high_fatigue,31.016189900019242
1.9006833817719164,6.7036745686380685,0.15432677445333323,-1.3823669417496751,0.17399414562985005,0.14875977253158373,0.13221437214093326,9.866401624868818,1.094532498499912,-0.6053999229278677,-0.49437884635752943,0.059453661844772264,REST,high_force,9.417353043065903
1.8008665747856347,2.9255316463334857,60.84235609917702,100.59812729926577,0.43710791129375254,0.3758189097595311,0.5445740169302792,8.002679621421564,18.749058687591685,25.880186428400584,2.473649505063925,0.2930900479583833,KNEE_EXTENSION,low_stability,31.605655215071877
7.598995749742119,6.053555389498069,-0.8442325949020043,0.9294709594270261,0.1600106496426361,0.11243734975974598,0.20553880256642998,9.996513595287626,0.9859572804015373,-0.44103205443335997,0.20173909100029463,0.017083976558219728,REST,high_force,8.3502802636177
5.695848324814694,73.2581731573117,-41.36874589420309,-31.595698783948734,0.2420582908974582,0.07220688418693567,0.5670881116666914,10.0088293623239,3.5943009729068467,12.032132672868878,2.704505928232864,0.19315203713723264,KNEE_FLEXION,slow,10.752509369288227
8.000001856188751,97.08319118893563,-74.89793375020527,-92.38557440729839,0.4858356218434707,0.4234662653933267,1.2092973482170195,8.634413861879327,28.70254604422963,23.080760892371035,4.625449923958207,0.6624179654849962,SIT_TO_STAND,high_fatigue,90.82951267548165
3.4987483568544415,76.04563106570393,-10.08619010499745,-145.87024940965821,0.9311419752674683,0.8652438654810503,1.8804562883803504,8.152122074804582,17.005678995106763,59.11144522484121,6.543385073441909,0.2575702286542169,SIT_TO_STAND,high_force,56.76497565142634
9.29634995321969,77.34322761675166,52.417907126535766,89.80800112112959,0.45970793113427755,0.23127454788269491,1.5596203580957613,8.920727371826292,23.143793070349982,25.352665500447625,4.258354521324687,0.18008720285376975,STAND_TO_SIT,normal,56.21873802568017
9.899549667076766,24.399958973659174,59.17316082056758,72.53014199567205,0.27370480342207304,1.3699060459959134,0.6392040847016728,8.795587641573903,37.80680342761641,3.66403127513553,1.7379712671569185,0.5003557198678922,WALKING,high_fatigue,37.14055584296106
4.001179709982866,64.16954184519295,-12.255984291314672,-29.113721000063016,0.13552200662636077,0.10015611868055016,0.5785298807421932,9.644066753622406,7.245515963970958,3.886263656016518,1.5938219763027683,0.19386015456753403,KNEE_FLEXION,slow,25.920039379283764
6.103169200379607,12.971728567134429,-0.39428811754911,1.4511410457576543,0.1093754336055653,0.2432217948205386,0.1849929021804222,9.69930562846529,4.40418824466808,1.1642100228587327,0.5344761572459125,0.053750159662521245,REST,low_stability,3.1386778819047376
5.700212421929005,79.82740166430901,-62.8654866002126,-139.9306762119491,0.8368455225189204,0.4882427183518918,1.3293393580767026,8.15999809978592,7.287435690060222,41.599060087721824,2.876593354987387,0.8206675113602728,SIT_TO_STAND,high_fatigue,59.803312322880174
9.302554621293826,78.03454275033003,64.41526326321969,27.215981133407784,0.5770199499835517,-0.006329002302140556,0.5640544600024341,8.563975350083005,14.330003668562465,26.199639833544417,8.330507755837973,0.7434174487567154,STAND_TO_SIT,high_fatigue,77.41356250226995
7.097116964870524,60.73529363708547,51.757739705633874,47.727219980750725,0.49988663878238093,0.27063249744425133,0.6179788507393377,8.424154834858646,7.182204730632936,4.007215376172929,2.7671755964968026,0.13323663961819748,STAND_TO_SIT,slow,30.26932647747651
3.3991870382301554,39.670708345342256,-60.163537434894685,-115.08366251356227,0.5160021759183604,0.5714526076101967,1.30228890469866,10.349302533459472,13.909663567466405,27.505706551216335,5.313881769942289,0.19347533126402958,KNEE_FLEXION,low_stability,38.88772927940356
5.0017706268996,47.7893344416484,15.805433705593131,75.45892999334625,0.37037913431707187,0.0987328475832535,0.3555723859591724,8.229201388810534,4.6419541496293935,11.843336324113686,2.8284988620874167,0.2630146226529698,STAND_TO_SIT,slow,24.460647995120535
3.4976673214974032,64.24010496148674,99.59738892735132,134.17225341582736,0.8471345402484863,0.5702171893399566,0.662026882100125,9.136898786344938,23.603822144991522,51.07023248435176,10.014361962333956,0.33831824238103136,STAND_TO_SIT,low_stability,43.752647638970174
1.4020229239817696,92.26816466398111,-42.45570061374519,-74.41272818548869,0.5131189513704172,0.22645661421882105,0.6961475760749413,9.209531401613344,10.237724647002063,30.9760819983044,4.3419450726217,0.32663723963804536,SIT_TO_STAND,slow,56.848979644467775
4.60110550404231,54.83488768458254,96.3944621881222,99.16972777578661,0.4541249580644604,0.6675371012267282,1.017649039379805,7.487984046728932,30.983101832240056,33.2716499200224,8.118794872302008,0.26433180036054066,STAND_TO_SIT,low_stability,47.23825512239523
1.7019478067261467,53.7846158707728,-89.99584481349459,-96.65229252713712,0.6140326840326263,1.0457648983319894,1.9991287458115543,6.283933756884697,32.30241102056734,39.68134145296504,8.126537044440264,0.3318696889704424,SIT_TO_STAND,low_stability,41.866422772659355
2.8992192420106164,41.575092942110764,33.90567172767092,44.32974492903803,0.21415057265813506,0.06348926331481032,0.41224278694938166,9.393931472682114,5.253298024812603,7.450106737795422,1.987654424326036,0.1216164381204388,KNEE_EXTENSION,slow,15.129203713795615
9.703347948990544,5.096637513932071,0.8437987300701607,1.2605701735222334,0.1742583550106813,0.20963957097871735,0.04582663166764052,9.626118473382887,1.5624551412372236,0.2950893494662381,-0.3593201865120968,0.04205938400842551,REST,high_force,8.616067046754372
1.2963950424068045,80.30701294016926,-30.62248325394795,-145.4717516030967,0.6637150668965458,0.34851059462386547,2.05400901014038,9.351059687908228,30.586219326046646,-2.475362491420575,5.402074502331075,0.37686114880089616,SIT_TO_STAND,low_stability,77.86053465224091
3.701081002623056,29.332931832761933,54.774763168141035,69.7526183038614,0.18637019080964717,1.138006848137392,0.5713711050278784,9.855817879710486,30.911268760071145,12.45898716153939,4.224939628157368,0.577608640836642,WALKING,high_fatigue,55.74759315540649
3.998835292801077,9.127219310154578,-0.26466329874125033,0.20382208583423206,0.16961899015922455,0.09912952018944036,0.0939918146098386,9.02861805186145,1.1241658162772612,-0.003271530524287301,0.06806939797734421,0.04176647775321877,REST,high_force,10.297086577676328
3.2004655499835133,72.80999172378145,-56.575131847076605,-180.8518216465406,0.7366122032485006,0.36879818115161717,1.0926275998042365,8.954658020430577,9.012227493739385,40.859979484099014,5.936834512155633,0.6942872089055807,SIT_TO_STAND,high_fatigue,79.55871746534497
8.204966847800163,16.666093436170136,45.461503469531806,97.19033833658985,0.47773266925446217,0.9083423851176741,0.4258992435310336,9.94791590873519,28.833139760573175,9.834182005664339,6.496450891846531,0.21010869157154483,WALKING,normal,28.32921245819357
0.5985044580976469,27.353910187703338,64.46353789922676,49.501220335351924,0.3363194732376986,0.22389567168550628,0.9070093244800675,10.4545202441554,8.960434940870869,17.955786632944882,2.5766118832624323,0.5244086843014363,KNEE_EXTENSION,high_fatigue,24.455099772422763
5.404028832217014,65.99327055604051,40.422364119267314,102.03548969937916,0.5204802957026389,0.2906693148276864,0.8813460112271252,10.138012263127987,18.181830853853548,23.631527206883774,1.0198186615032625,0.7465642710489115,STAND_TO_SIT,high_fatigue,50.22743010552267
3.4006488068838823,85.82460375854777,-42.84063557010034,-249.9158913290368,0.7730189481296063,0.3895605359509129,0.5458511106566132,4.638874028582839,31.23647888599934,59.05040163589195,13.96238352331405,0.23172855676654713,SIT_TO_STAND,low_stability,62.500089707258624
2.8989667858661106,75.91961757272472,38.52182067216376,119.25848067613708,0.791799260176502,0.5492608793730146,1.8170747844079265,10.36054420673758,29.227945971426667,28.6428253330833,5.034374151771999,0.11854643203090894,STAND_TO_SIT,high_force,59.963141000409166
7.202411038417313,50.800570707067855,54.177393721798694,82.77915170998914,0.45491007834142044,0.2310642906585383,0.7591200127596757,9.126835138956121,14.820272488829968,11.389153929285142,3.579244470352116,0.14352559029346743,STAND_TO_SIT,slow,32.18499683913556
5.000784514154143,12.62932840538179,2.051982200339118,0.17506734625946832,0.04165919591799821,0.5041948156692262,-0.05039181522709127,10.247117582899014,-1.3170760250175775,1.1923045742635785,1.3194538713762216,0.05716499101260054,REST,low_stability,7.122954682110301
4.497883326607869,11.219567826117492,85.49887644711572,69.48406021923896,0.442463131573026,0.471370727235054,0.7428079651285915,8.440116004662718,8.60175160130974,26.58780496010748,3.5119360069504104,0.14391373280914635,KNEE_EXTENSION,high_force,35.24127943492036
1.9972977422813416,63.58845689507925,-62.32480303147945,-129.6808067963405,0.956357964916944,0.5362887102734036,1.9025250580915622,8.5676092355261,25.136179629026284,46.33008925923789,4.430158081412913,0.33787048375776096,SIT_TO_STAND,high_force,67.5760498651108
4.901268759308992,9.125704190053256,2.911923525716705,1.9904598488205998,0.06137551532686308,0.38928124901564487,0.18069803905421905,10.399802838502945,0.33884614706102417,0.7628423476378492,1.307619039628659,0.1383329909077498,REST,low_stability,9.008990701352175
1.7990851230847054,77.04068986034656,68.43244313654482,122.66006434304622,0.4764776721047147,0.24573141394699,1.2492753201016225,9.28152917314666,5.464230230958901,28.036524422172796,5.280270172840255,0.2587309633845455,STAND_TO_SIT,normal,38.82897755211874
4.699005454267,16.939236235799463,88.89614608822511,56.690969077519256,0.18498435726628543,0.23436941169016828,0.8459560449340563,9.495126782763572,7.916972170847196,25.015327151722257,3.2508977344134506,0.14518956719424678,KNEE_EXTENSION,normal,28.24345266450418
4.3000573962181585,19.358645909209457,24.850540586947123,32.95736721077466,0.28969744312501844,0.7096109470751566,0.374596367374523,10.198885797211387,18.40084199011187,11.733203938844865,1.9491901648764145,0.3146752661662932,WALKING,slow,21.12304640369128
3.4996541132082184,-10.0,8.388402539472814,139.98209180336457,0.40004550371927666,-0.0497107220564307,0.6711728045330941,9.540451870685704,3.160105784904079,41.76025082448828,4.514755082878612,0.30833664830378676,KNEE_EXTENSION,low_stability,30.57958026513182
4.397981825379341,23.422941054278088,61.62115806949249,101.48654710139279,0.3517436147949358,1.914283935149581,0.3902517642831069,8.015734525121564,52.74491548372538,9.623377087869693,5.432873233178729,0.6774032640709279,WALKING,high_fatigue,42.751629095675206
6.19716457129944,93.13601454026738,-103.35089283324066,-116.50932064843316,0.707965459647798,0.36135632276963187,1.8171504097303848,9.34656617843637,4.613966773040471,36.21502974291023,4.465164731770031,0.7143893138578858,SIT_TO_STAND,high_fatigue,74.85448010974368
5.701354752591951,16.715225676045108,28.57989630502281,54.35881175493753,0.2849192619954622,0.6698378596175706,0.4333477480537881,9.827982995616049,29.108809046132627,5.313232977024068,2.9342992305073903,0.2501555867168824,WALKING,slow,13.085778943971146
0.2018458744985099,48.43670916936158,78.29025314254405,116.10973170938824,0.44522297500903724,0.321863122501437,0.46630562106839685,8.853263859421261,14.665794727407741,18.806445845627803,1.4252455551968926,0.19194013998637924,KNEE_EXTENSION,high_force,34.737671519427714
9.297805931436315,9.396258011007866,76.67847687623916,71.5302512406162,0.34392664677002927,0.43117926124914363,0.8720174500780805,9.044188081525624,4.06138493977651,30.447352670477635,4.2409602693999995,0.0858121162109079,KNEE_EXTENSION,low_stability,32.86612825223122
3.6009219559525754,84.6358356353369,-102.8236703418361,-243.28314204243645,0.880175690564899,0.3378581812250354,1.7049839000746083,8.064173495667855,27.674260538461418,30.449564003917548,10.070279092190608,0.26659835150941213,SIT_TO_STAND,high_force,61.361594104105976
6.699948263545281,53.84357486740313,-62.282871800864484,-90.50709194561534,0.23943812986971993,0.07490766804312082,0.7859821057267948,9.03758009022278,5.537391969825678,23.788924171432637,2.348826165363752,0.6274363786849397,KNEE_FLEXION,high_fatigue,45.37237891123007
4.700386790968723,24.702306186574486,22.248900334922755,35.02437175674129,0.21334822713240623,0.9745097235364154,0.360068539213603,10.437971321655905,16.54668583773676,4.646022885195924,1.8480468302979045,0.1866495230454083,WALKING,slow,13.306075993041311
2.504727206814681,96.25203435559234,-51.22652208316645,-37.604217597378984,0.5916480371944921,0.6117824590771088,1.1193063578136724,8.720369193286512,11.344369879614804,23.049034125674098,8.171546073720732,0.29959797569823343,SIT_TO_STAND,slow,49.58637842172388
0.9997980379977143,61.674213539714216,-51.24719934666553,-68.32153426534968,0.6226206094107086,0.4570627933122423,0.9770790760186489,9.564567421292821,11.507638187706881,13.540389501041714,2.958887551567748,0.22858730107979713,SIT_TO_STAND,slow,43.482527889677826
4.998082420441536,28.721070878005122,34.534098228121046,56.151734699048774,0.20104161962388592,0.21009037527838317,0.28443541994208993,9.90627833704722,4.703070170826401,7.229079104303646,2.1844881353417125,0.2020334544000442,KNEE_EXTENSION,slow,21.64481798454798
3.99690126099973,8.67469454547251,64.41473242117324,107.53765012984893,0.7147155158073345,0.25184950748773055,0.8826034952961407,8.272613765306165,10.08177140522233,17.20231884931607,4.347772246611189,0.7508421264227093,STAND_TO_SIT,high_fatigue,59.96543995813296
3.8034746998135653,25.629830078191542,73.29828742344914,121.92044364199648,0.2934127632772825,1.6945088475243189,0.10873196357095125,9.565525374871513,30.120211164125855,7.9188763749994715,4.119750809895722,0.17515859387545624,WALKING,normal,9.357773351436038
4.803734690335863,57.45431787410648,-106.8387415314861,-125.5951359392157,0.7710201643981763,0.4640949044357999,1.6109597089857883,7.371581044147834,12.297981003295705,30.907188413797318,4.957078114537998,0.28408010636898035,SIT_TO_STAND,normal,44.17657643193311
8.299751066591185,50.50229482813811,72.22133542396398,70.65888893129998,0.40550987066846367,0.3093787734469115,0.7908298280402153,9.40831083561766,5.1002525821867595,14.801791279306268,3.322624881123735,0.4983384601094013,KNEE_EXTENSION,high_fatigue,34.10285907782404
7.499051356787176,49.624584628088506,-70.28980867015818,-35.5129375237292,0.24356271617567185,0.22866252736279535,1.1783275099808683,8.321258710176371,6.045589340235486,16.52698324014348,7.313307139332377,0.25914606515402666,KNEE_FLEXION,low_stability,25.27979069015185
0.8973449603835728,46.825605690310766,-112.19900377353594,-175.66744844458782,0.5817158971861376,0.26995246482829754,1.0733807310937122,9.161025879468182,20.118550090399086,14.716093368114196,6.907113547064719,0.2761765165085991,KNEE_FLEXION,high_force,29.27208530472192
3.797669167426681,8.006311529694782,-82.75416054069005,-82.09148649696436,0.29339154777589116,0.34911885899935774,0.7521163118802346,7.114199240848044,14.45750141290021,21.81532081998497,3.609794674835269,0.28654467383836774,KNEE_FLEXION,low_stability,31.77485221901811
6.201047412366583,59.28380361375493,-50.61957549692609,-49.665023683067936,0.11869530470705747,0.16009567256237822,0.491393057984093,9.597845379567206,8.095766668360252,12.137421908760537,2.4452658580685553,0.21338080002070514,KNEE_FLEXION,slow,22.369351429802006
0.100164527775779,9.164411582197637,70.41870193134945,129.53538773539373,0.5766439497163577,2.071910547425948,1.163827264608276,8.522008139528722,68.63845920870608,10.258275661098613,9.572442279637498,0.26212070039617597,WALKING,low_stability,28.101652598227602
8.600744706506253,19.995973480324885,81.4699930660365,105.6249669441946,0.5682375574485787,1.7692349101215425,0.044497293197813016,8.770367936283373,44.08408598426694,5.10127952602588,8.1895891259691,0.16597813267545847,WALKING,high_force,48.813323151245264
9.402036349482605,55.923217221434435,58.209262928800776,27.629050345074663,0.1984157697264338,0.05711526430225163,0.37983173041986323,9.239690469705868,4.274157964037567,12.763436064761995,1.075069183861587,0.17974297036429027,KNEE_EXTENSION,slow,22.548389928347447
4.000957864662426,22.568723833307097,-44.63255160224247,-102.40962601444328,0.2829259520771367,0.14338828782577043,0.6417665980119985,10.159896770797022,16.40411221296864,19.791447614362006,3.141620349099314,0.11204702240104772,KNEE_FLEXION,normal,30.621756572717388
8.798099329236328,27.315726351904843,63.07860045193593,20.999562778505727,0.7547788706127017,2.2696987325478637,1.072167238152891,9.788824946126331,39.373780085412875,3.3451702216446177,4.17019140389947,0.25323331973787155,WALKING,high_force,46.36712428743559
8.299327992903347,82.58702140344046,-43.466109113510356,-63.35730113124037,0.2192104181259554,0.1453691456041952,0.4119413561919774,8.734511144925712,5.815009353355382,14.175608996624097,1.4857341547899465,0.11500642145386872,KNEE_FLEXION,slow,13.811455483630208
6.802061139995293,41.03083372688212,-45.00637315766905,-76.09814793716433,0.3150210409326115,0.014230848970817375,1.1831117215819,9.88226407244502,4.626884583622898,23.637531626133505,3.1930942832569618,0.7011143958068314,KNEE_FLEXION,high_fatigue,49.83481194957493
1.2966960593512478,79.92528621979145,-82.46797686319876,-108.3623068980311,0.3438613062042091,0.2549629148888016,-0.06431307741050418,9.282467149345601,12.36613828856727,24.762989817192864,2.224006446194349,0.11677484049011022,KNEE_FLEXION,normal,32.39152736315968
1.3968057857611633,16.582493999456847,89.77757303688831,143.80041188100589,0.6864520842295786,1.9017567514955314,0.21765480050586244,10.133776297112155,40.12858488073406,9.288692250173376,8.399914186790673,0.18615446309745415,WALKING,high_force,46.39670082276422
0.29738528082768956,59.962187670678404,67.66935476426488,110.2010210789035,0.3140946167477022,1.8277569722044156,0.8465083560803911,9.13934752336147,72.29298063580572,13.579155628931733,10.135539933680032,0.23239530627740862,WALKING,low_stability,44.28815780126138
0.7983308254691032,56.61779876967201,-61.95118018318619,-66.4599907145446,0.2686227252961509,0.37187109699500026,1.2860759465484024,8.111251240799076,6.474602144664325,9.824448934815054,2.3752815090776145,0.16566213181361547,KNEE_FLEXION,normal,26.7899603694589
6.10299939520994,30.21712990330736,67.03266860642461,62.444964128267095,0.5929461755382974,0.19694559455909788,1.0856726589897725,9.605920974331486,15.422777981946401,19.277309503079845,3.118269497012289,0.20966429988737312,KNEE_EXTENSION,high_force,38.4369704664326
2.2968287932508,5.292659515814573,-0.2158835547740334,-0.9015536304338193,0.05376180932274529,0.008780500029335708,-0.05155223147963993,9.183157365834386,-0.38092364451912164,0.27271802295579295,-0.9220582536760914,0.09557659434242063,REST,slow,3.0431182399171313
0.8020222820642253,68.5742108786181,46.61825681621029,59.084949818500874,0.4129977312970907,0.5748710849703552,1.9644310987298481,8.086665600482293,39.2028002299559,24.37681068054565,4.84452344651027,0.14333765534002574,STAND_TO_SIT,low_stability,46.33377188782767
8.599469397393914,83.45133409213507,-84.49608738329266,-24.84420274026082,0.5012093987131896,0.4976263278464458,1.3032473429498634,10.415095660051552,14.376208818241475,24.146961333614705,3.4999287650379207,0.11592605296351945,KNEE_FLEXION,high_force,37.56879990358992
4.701002389336828,52.50117510503977,-44.65170747361212,-84.55569404918276,0.2555947485909858,0.16414081815443102,0.9514304452018592,9.418569128868619,4.854831729130281,7.153635761249908,3.2345301542649825,0.17269821484603803,KNEE_FLEXION,slow,20.923298320648506
1.8028807901072,31.84015150811446,42.04618444674638,34.866662025356675,0.260270955543228,0.8278442655581525,0.08218965263079768,9.677783591060864,10.835027538776453,2.962746635975735,3.956396486922315,0.256935040154197,WALKING,slow,12.128425632719722
0.6026193675733335,2.2144584383597317,-0.1259032877709061,-0.24353608447557717,0.04367694884270898,0.1618181322793121,0.017755388465161125,9.96322480584838,0.8977475936549126,0.7329495736982238,0.07781992194904502,0.5753626956251969,REST,high_fatigue,9.887557858446
5.698443333455291,81.20230342936496,-58.60412983979927,-76.78868680050684,0.6581801124010629,0.21621958253653165,1.4379466923716948,9.455288159210237,9.652897117971603,20.023186390137642,4.920542355834728,0.2826841691919385,SIT_TO_STAND,slow,43.41382901831247
6.800285683885065,81.64301670630613,-74.67081959992736,-132.36992071482268,0.7405154453585022,0.7069334450412398,1.7132263445200195,8.700391747770032,33.7250516665477,28.24904318202295,6.946328511591161,0.2319262017971047,SIT_TO_STAND,normal,51.322834367869
3.303169408831474,71.36778848224371,-22.09509743188943,-66.5358734330797,0.6628588993830785,0.4861030525967082,0.7643482303807724,9.696770755217267,20.39031027934241,8.51647923102052,2.8896489846197997,0.11806358724199081,SIT_TO_STAND,slow,59.12589182793043
0.5035570159975185,63.60439210784157,37.69718719810304,-5.712675715877172,0.21367600072895712,0.11475665728533511,0.07512536368875308,8.439858853529204,9.867338968477874,15.488669186514715,2.7591145936708688,0.5981651401776887,KNEE_EXTENSION,high_fatigue,32.70613918024546
9.69965326628923,8.11228590693691,-0.9619350035089347,1.8447600042478338,0.04051558779972563,0.15930924199532925,0.001106625983380136,9.407706104859692,1.002071740274849,-0.17954876057656602,-0.2941946746863286,0.48650599661972327,REST,high_fatigue,13.514005301141461
6.09814800785529,95.58679023444164,-94.47340556078447,-122.24371091492816,0.8388595929115472,0.4640671057827345,1.5891249653473465,7.558909650716472,16.001466238623138,45.209398655971796,5.32263222769019,0.14734705232737427,SIT_TO_STAND,normal,46.92491152570771
2.496954082472011,1.950240927668086,4.014717992197497,2.064707496012954,0.07228280076931223,0.5190772245797423,0.0618066016712774,9.352983229258792,3.1054009943450884,3.5199486707513543,1.0162038019178983,0.052068348463772764,REST,low_stability,7.8434096019133275
4.2009541551818605,3.8815680692486243,-3.3756379793236353,-0.7322577222985663,0.08168945719688679,0.2621984099945596,0.23849619521025223,9.243489183617035,1.1620877764674624,-0.1523315227702577,0.8157737264691235,0.12236885820770262,REST,low_stability,8.269460144764917
5.602599259018631,22.484124953768312,-43.71445408963784,-131.83176911410155,0.3318059430268568,0.5358254589415415,0.7828420812586734,8.230839459325342,16.434510555361385,17.56027394212045,-2.093613517782396,0.30008755444895907,KNEE_FLEXION,low_stability,34.78221806420535
6.5988668902086465,47.841213649166065,-80.1664048975811,-104.6463128854263,0.4808250722440998,0.24714067776685272,0.2376140566562036,9.691340065880862,15.325209677868973,7.301292173548656,4.660064718024949,0.21086774538420547,KNEE_FLEXION,high_force,42.93350929461493
8.203192067196683,36.515576708589116,61.84266402657863,77.79233548687435,0.5149760411876613,1.484426708521107,0.8999056648912369,10.538775563884844,29.045348319167495,11.542111452457098,8.642126248813641,0.15066661752633526,WALKING,high_force,30.909522689054008
6.7029670324119435,93.74394200017984,-86.73637798419387,-97.3435809659084,0.3217556675428818,0.33156425244897736,1.062364773465577,8.049188739963581,10.154190264097316,32.73304542551122,2.4265436002885163,0.28411417574571884,KNEE_FLEXION,low_stability,33.65547560945343
9.900909063743738,4.699743678439568,-0.4262097858262646,-0.4443445970828212,0.11902426630791067,0.05228555222347948,0.10035918887789451,10.35406499084206,1.6459345793679803,-0.3838421779519827,-0.16803104330733606,0.013060076456187467,REST,high_force,9.231106108014613
6.100988518068519,87.81467952863296,-119.88684591309072,-132.81134139805442,0.659169488659652,0.40986876658071153,1.4565854269147738,8.824160272888003,20.799669167057328,6.406304374875945,9.234575134757511,0.8151750688600089,SIT_TO_STAND,high_fatigue,67.29940709550456
7.29918218328622,17.93973365089519,-65.53516164730408,-143.56905696861443,0.4095078134187515,0.4989646831582287,0.861734042147691,7.848628952166895,15.683895968732271,12.270119244253278,5.327534898221831,0.2282971473145006,KNEE_FLEXION,low_stability,38.378534515889605
0.30267473528580485,7.607527509439976,0.602623486780773,3.1009721990073897,0.06711259611963102,0.2813665799715047,0.11991079429167074,9.420545857050426,3.0701020680404634,1.592886251476637,0.31948141845012373,0.0843599250339399,REST,low_stability,4.647129520439647
3.696203801493331,97.62454695224793,-118.94084059079385,-92.58942548151974,0.9303555734164868,0.8637415585084659,2.5244034231177186,8.495303680710029,30.31325529157725,45.243068537173464,6.444824873633012,0.3354047458166084,SIT_TO_STAND,high_force,71.6505050088017
7.097363333126892,44.4706621510751,39.02214836603908,114.46754744303392,0.2572040158309893,0.15162788945624744,0.7309702667918316,9.03501606181299,1.475008995127831,16.322024124955995,4.70710537270764,0.10856902546957632,KNEE_EXTENSION,normal,28.325466571301124
5.5986614970855895,71.54497979819337,36.22880173644942,44.452635564474726,0.4387853969271674,0.042521025076445534,0.7228109810583944,8.386307603353092,8.602337846567423,11.102807074688894,2.5579343807029225,0.20295529513348348,STAND_TO_SIT,slow,21.14151727929746
6.40156666293804,27.809294317892086,40.10548629631453,43.6440198059677,0.26307924868077887,1.0725435133340941,0.23603625356525892,8.848415612722798,17.842408582652318,11.465468583102256,3.237973314491614,0.172057917239432,WALKING,slow,19.235270108973403
8.99782064058044,88.50525656578341,64.82608583852993,58.71318016072991,0.4588348782718162,0.2260670066508691,0.9676956153517281,9.213685654247156,5.959891371667374,7.634466368809845,1.3469805234235888,0.3162445520977233,STAND_TO_SIT,slow,42.08073671932083
1.9992346794782716,1.6251855025847801,-2.745883891117586,-0.45148390795989285,0.15099087467158667,0.05471870253057409,0.10837905344375894,10.309523142837541,1.3396975014334833,0.47190743866157037,0.339071927152853,0.10069985492199662,REST,high_force,8.456901117641959
2.601832508057044,87.02059820341717,63.1277267970863,87.48383758707105,0.45423434264139473,0.08813379259688672,0.9485087053230894,8.472941023936198,9.580221124931487,16.196049311083375,2.371170640251164,0.2515015856354756,STAND_TO_SIT,slow,30.053690273046968
8.801896593915748,82.75055053163697,-44.97133463886023,-77.27912941217863,0.5617494736741915,0.38630075228973254,0.9194920877611191,8.258108688711385,8.016239448456426,12.678151264231749,2.712233590991806,0.24293865795528563,SIT_TO_STAND,slow,31.98875258011493
5.500285919511072,73.70418443331934,-62.59296415292394,-132.07311307637855,0.6167439399689965,0.3683927474689205,1.7979293106021697,8.178456477119605,11.504585543475025,22.15707898608467,8.804583620813982,0.7194198904241925,SIT_TO_STAND,high_fatigue,67.29505925713867
4.901912780532684,14.407968361832717,-0.6175309735964005,-0.8814383636947012,0.04380588837489028,0.12779004957902876,0.022275169332894328,9.473856303849084,0.7329992890891931,0.2596458807752639,0.22408781296406668,0.6671767216587465,REST,high_fatigue,12.573480680318013
0.20158826081987818,67.6700161312354,-65.4574468466177,-54.77841082582721,0.23888105585478916,0.34121837762084395,0.5619496304335153,9.539327674981099,7.086137202604755,25.09421678135803,1.925839716387827,0.10746420296223419,KNEE_FLEXION,normal,22.922005845956825
1.5991963620087215,44.53258518041457,18.651752273021483,26.536814178085,0.16703493053641147,0.09821193578347606,0.45409256332051756,9.736916307608869,7.70658563577645,5.154173918472276,1.6052752311189915,0.20023594647392373,KNEE_EXTENSION,slow,15.598499941377558
8.400120936896235,2.1791037094884897,0.429169770501834,-1.1108027146156396,0.016310107788089327,0.10052250573461527,0.0352613143570616,9.275699791162815,1.057822066809955,-0.5538086298159763,0.18840603844745318,0.05220791451224437,REST,normal,4.968083970145421
4.100888422058274,34.98381180999574,85.40776715913893,123.0423027488971,0.36148664775947265,1.27248766085078,0.602046269613422,10.046554574702132,8.996692427322307,9.916757662790259,4.416114342511677,0.6933525139051203,WALKING,high_fatigue,50.7225755152648
6.100534440196395,23.84118205740684,58.256426747430076,48.66682759703375,0.4067005730858137,0.2379155551757216,0.3614835335466904,9.178340366486355,13.901500845564957,5.4190352900302345,5.0615780048433425,0.678773430674679,WALKING,high_fatigue,59.12810379827237
4.101310133723549,21.80336431211159,21.551549795951935,68.66337073122583,0.3746996690561449,2.700704551443048,0.2631579586812144,9.795435362248451,42.423872686400514,15.744755346813673,1.3695835267447791,0.21118008256419818,WALKING,low_stability,47.00617466309892
2.5988119830634893,57.63812985489095,-32.311085364883034,-173.74909658995514,0.6377131923369337,1.1886682151627017,2.0762067552865813,6.94818588715669,17.15518257103613,36.94408893159009,2.651300461071447,0.3258991812774732,SIT_TO_STAND,low_stability,51.05991798170949
7.800476719936474,89.18783932652003,-61.268970776903174,-91.87638287239788,0.2855542263433975,0.2819032314620118,0.24366397171894805,11.187316116884489,5.007544002053549,25.51208519040812,0.5076258167965635,0.28869338390907767,KNEE_FLEXION,low_stability,53.225649992674775
3.0007880952244226,50.99102189109545,-86.65941508654217,-72.72243380772106,0.4314585722162516,0.2796829668484021,1.0506389046657143,8.160333012017542,10.042223978635413,7.811613519491973,3.553518314102009,0.7543176330603779,KNEE_FLEXION,high_fatigue,36.80582178374391
7.3004772734573,114.63570548238208,-50.20239322843182,-173.29628557770008,0.9257823082952318,0.3488011798080697,2.004293562513255,6.044536783387024,13.301990514948752,21.29265872997535,13.621756809147026,0.30867983493661844,SIT_TO_STAND,low_stability,53.75064262702351
9.001657422812258,7.823480409541962,-1.7250182731681871,0.5576942729168342,0.0990992640762901,0.11490333463921015,0.11046383875774757,9.933975011657878,1.7886728917390038,-0.12703960099889094,0.031828523026791594,0.08622535363118239,REST,high_force,11.379831045887578
6.70266171996294,87.90203933187979,112.39391344238821,167.46603516583346,0.6824148560488962,0.8190993397143257,1.4949665065953524,9.472980245020368,37.29203020582147,28.803206035285967,6.934779603187599,0.2732461700638216,STAND_TO_SIT,low_stability,52.316048913499394
5.400169399883359,40.92752860395009,70.79360935400697,114.24927761804513,0.6464846057372968,0.44556507993581956,1.9302086168643728,9.228663626481895,21.433797772598975,11.708016493571773,1.3050293339802959,0.2622795233466212,STAND_TO_SIT,normal,42.258204679626665
0.4008256526143129,32.47602363187814,18.20221049337352,44.88435155396378,0.2504756613534317,0.39127960496275266,0.021333479549703487,9.224215002212656,11.143802339797448,8.248262485078866,2.79667091941364,0.17999033941513742,WALKING,slow,14.41853968995742
3.1956608994916142,65.1283288362539,-59.43284664529597,-47.85442953329517,0.29304472898412837,0.3180337325943941,1.2742597817394532,9.218143759772387,9.980086138732865,20.933290299189714,2.9221060592722905,0.14050188634916738,KNEE_FLEXION,normal,22.203410432765047
1.5989027100575819,40.27247948015785,52.85692048412608,52.80746182880934,0.2769838070733855,1.2533549249806872,0.7675257795727954,9.871716008677854,31.028840362576837,8.939485005517108,6.229007685145114,0.6745076222077144,WALKING,high_fatigue,35.898076361507805
3.1978072648224356,30.63594873985338,27.92681056103249,78.89461877469898,0.2588557505353717,0.1499859302652123,0.31273239806715414,9.299536115163713,5.712328906874353,5.588805509786319,2.0424172764800246,0.11722276915906135,KNEE_EXTENSION,slow,19.01373590855537
3.6981131320269847,56.47578999453054,-52.46943963623829,-81.9968626557118,0.22559984552804968,0.5453407187823366,1.185677263628534,9.185343543943757,6.130963876227661,24.82714096563795,-2.357065031849005,0.3059667276541243,KNEE_FLEXION,low_stability,48.884103006234696
9.80220364162111,101.10563182147068,-86.40172298073959,-96.82481654317574,0.24664554318893206,0.07575443035822332,0.7335607268633674,9.235512070065642,8.794588112808032,17.108379283241796,4.095860201711949,0.17343481512193576,KNEE_FLEXION,normal,40.08441393528315
3.700019784798109,70.5757592126301,-59.1551392256158,-102.14731515572416,0.3561620509553164,0.17843135109377928,0.9308979518242864,9.35890608357989,7.660999895287839,15.890486242153715,2.8346360404946385,0.5441313509089136,KNEE_FLEXION,high_fatigue,47.98515073935531
2.1018214159026,22.63114039127277,33.10955461357487,131.88361912526273,0.4078169503323757,1.7976080954909854,0.6827629017699207,9.275517324926083,35.88337178440086,15.654034012671936,8.681639894489273,0.2756734424107226,WALKING,low_stability,22.37590937496701
6.900094519841899,30.294186474310873,-70.679080965704,-67.17736296889345,0.4113317170224277,-0.01240858198549148,0.7587927074894726,10.110069697325981,5.8718064976928455,9.188860692576649,2.4359943099348107,0.7364455907017265,KNEE_FLEXION,high_fatigue,41.35132689238157
-0.0005966172063340973,86.65835876894779,-70.87555224012615,-176.61780900622668,0.5526423968830951,0.4643325272182463,1.986187765167227,9.69456664347488,17.903943176876943,13.771792054771444,6.6441199534561175,0.1788750223761341,SIT_TO_STAND,normal,65.62636993626879
0.3016173208795395,51.970451991178294,91.0815739458787,183.79796268366815,0.5250481029334707,0.7818962100220643,1.9435140160426856,7.48030239589533,30.443966518542908,48.95133957856331,6.403780826621291,0.28371143175723657,STAND_TO_SIT,high_force,60.088918136111154
1.7976092820514038,6.393101974776683,1.6022950923850718,-0.15548798741067227,0.07063493440600528,0.09950655662135327,0.04500128956015933,9.484895553727098,0.8541734703383972,0.1374852285446619,0.6799971636815028,0.043263360647188144,REST,normal,6.0561034154087725
7.700429974813717,53.35795715416119,82.28985798213334,164.08132924219876,0.6395701692427054,0.3971565274310839,1.5815864939010773,9.278808420773517,27.285377426064237,33.68421352717814,8.906169518762429,0.21000214809336348,STAND_TO_SIT,high_force,60.03374965360781
0.7971937980112447,90.50340031555271,-83.39083877246911,-146.33066230978972,0.7134661319507414,1.0588591892960362,2.1068006190759223,7.831032450709869,21.414329508213875,44.300731133388126,13.166230202079747,0.2890683971311111,SIT_TO_STAND,high_force,66.41769835609922
6.004412788545315,48.18113396674043,58.35461137113579,79.39072834194869,0.2994540787389619,0.17015500793188693,0.7625843481076943,8.818711221820342,7.121851538361223,19.398654559608918,4.396866984011309,0.19196119689030228,KNEE_EXTENSION,normal,34.16597270618666
3.5997897005782926,89.62166335367536,70.50222419586932,111.78878029670618,0.3450712196010393,0.34820552158590184,1.2376133975869668,8.411428638008047,11.100415444031567,20.15492535588867,0.5248798952019885,0.6748402466149593,STAND_TO_SIT,high_fatigue,75.52844251244183
1.7992028418270773,31.49224694561311,100.93097982095368,90.81057688324758,0.5759240958369224,0.358013161564286,1.5082519155715886,7.484182175956503,40.08726358227908,44.97586667976585,0.09883317188359714,0.22258715930119147,STAND_TO_SIT,high_force,73.5195137145102
2.6979963902179764,90.58823566591563,-53.85639625423516,-60.46077896434527,0.7280036641902102,0.5825519213419318,1.4400235722405514,8.802154749670654,17.395876748122433,25.019068299229748,5.022874195418151,0.7461256166239134,SIT_TO_STAND,high_fatigue,87.48144527145999
4.0983479445252735,73.99351946297844,-96.88122498092568,-201.00562866309608,0.4893228677628084,0.15450478835414766,1.230938683200762,8.61787959300023,8.92780410092095,19.56527714156493,3.0368125061004063,0.21790562345056738,KNEE_FLEXION,high_force,47.303404742096674
1.0023871569618745,53.73952760920955,-50.05606655801631,-147.5089168123392,0.24081861386575176,0.6517108574264696,0.6613343750257191,8.417081408660806,14.736088004589819,23.02489175767741,2.7479410643483364,0.21873991698867237,KNEE_FLEXION,low_stability,41.57090366911558
5.700262591777155,52.53192546372263,-145.9991712497835,-98.07349179037993,0.5622656005857883,0.8903935367422867,0.462483701945846,9.053768319413468,32.12450021234401,33.45218238659188,7.380152529868323,0.3582037367701991,SIT_TO_STAND,low_stability,63.104111520618844
5.702159270559151,51.470282844829235,-74.74391597944293,-112.27677388023594,0.15417012795788257,0.34381274920490223,0.7799386825771333,8.546360111516973,17.127130472033784,22.753597057985917,3.7712609861609834,0.0972299500191581,KNEE_FLEXION,normal,34.750119549993926
5.99885106609929,-3.908797377103802,3.0743425268703106,0.7878438379139351,0.07573519188323338,0.21020276318305509,0.24808939180795078,10.415910673435201,1.7865070560012806,2.215306418406608,0.4128634757802648,0.034223804763867466,REST,low_stability,4.775673714966413
7.000900919510038,7.913961860904312,-89.14973369856247,-131.42376228229102,0.4982595068680851,0.0926959183226476,1.4369532387714423,9.42105710065857,12.269817616638814,31.935992916049276,8.308542364104957,0.2108309381239506,KNEE_FLEXION,high_force,54.841429775599195
8.402205760614077,57.81942413631549,-107.77624427336453,-105.98109249999467,0.2867162675619494,-0.028826126369880658,0.880180432533318,9.325392546346126,7.135151665101989,20.644950048711507,2.5585365178753694,0.10585304256752442,KNEE_FLEXION,normal,41.50751608790321
6.400639096701507,69.08164209297856,98.67486589866041,127.00116292180144,0.5132073527968743,0.49285442224720133,1.1711943665358509,8.839761197280932,19.661152645133857,21.14936087065024,7.992970063521492,0.2500557747762945,STAND_TO_SIT,normal,40.02924120945921
4.397425765686865,6.592905124638517,0.04367954582036723,0.6206143514897315,0.04158455912300149,0.39054102671243707,0.18189339536049925,9.942916359973859,3.5591014990960166,-0.4595763853775288,1.5127938664525071,0.09572025660207112,REST,low_stability,4.433668553567436
8.596540201394411,41.20585676946782,41.44236951953043,78.62441105386625,0.42975486546877034,1.2306728568509653,0.37859936397324057,9.944625334200625,35.41315516656434,12.84826084840505,4.630445098096869,0.748848177081383,WALKING,high_fatigue,38.00065370862868
5.998928029367512,86.62387551704116,-108.44201097437582,-203.59252129341988,0.7778394008588914,0.3807025917466625,2.038200141981103,8.761852967601865,14.468069513454974,49.13895179630936,7.145620914801668,0.24156389741995757,SIT_TO_STAND,high_force,59.4208770773098
1.3006941191725283,39.035018013994886,92.67730893230525,126.68702345629706,1.0,0.4104296517098875,1.150715264130226,9.071743838857808,34.01828961591179,25.585699766516743,4.247269247997603,0.2874646701090049,STAND_TO_SIT,high_force,42.08140193048473
1.9998407783767849,71.60584330435216,96.22352470975,166.7676264273757,0.48375788251970503,0.43349743200011653,1.5573339555981978,8.457413405503639,22.12836586223552,29.03876853281922,7.521367031456452,0.1503872290020245,STAND_TO_SIT,high_force,63.58349877280901
4.6005394356665485,29.280307034106805,21.201147533686576,41.8479160726196,0.2124763529560089,0.06022357465361501,0.4209369281171779,8.320658647677924,10.365162358708275,4.794569235798913,3.133007977962777,0.16564701495028966,KNEE_EXTENSION,slow,9.718335363795754
8.597407209726372,13.091533023947711,86.78874897039248,124.7647824303194,0.1619603687017523,0.6983189460427329,0.971363037007675,9.912492090714375,12.263211459210904,21.601718618678724,0.45036425309527633,0.13261532773693835,KNEE_EXTENSION,low_stability,35.116301069820906
7.499372905069042,30.439578108702314,84.32845374657524,145.24576807618146,0.416883118421449,0.09838622973921922,1.3008777537960379,8.138974347313452,27.274645036499297,10.07055204599046,4.470048302423345,0.22084859868960588,STAND_TO_SIT,normal,33.13726570289259
8.500500892600522,5.997017276263825,1.5353257161072709,-0.47657672990316374,0.03578345617140373,0.09740800075151254,0.09992573672391253,9.511661988052728,1.1639913738288574,0.1445295115197304,0.31695084092292825,0.04183333674346662,REST,normal,0.8708375027661566
6.297360088336643,71.21397027851683,-50.84820590209847,-89.90150097230449,0.309328389872944,0.06126957096999243,0.9656500191904243,8.663770623756875,12.851507127404238,29.785977520044447,3.43175326342818,0.16147155652728742,KNEE_FLEXION,normal,21.585357601590303
6.799148780512946,31.21604231895035,30.54092339835139,18.549190357928794,0.35534348325097725,0.9511879533294085,0.2957612690456485,8.853682621336366,12.19339451375145,9.282322559563172,2.2900389601052367,0.16981851446776194,WALKING,slow,17.300101930224915
1.4029168784350112,73.65300598836865,-57.590693149112944,-178.635896142506,0.9588421974401058,0.6902772722325546,1.5804246772228885,7.8922218524408425,30.799754318097644,32.024715256474146,6.943163979097924,0.17228587760823363,SIT_TO_STAND,normal,50.18869029312779
2.7969192912483036,5.652922748888882,-0.007804954314707841,0.5426435006386232,0.038283938783336094,0.09204067635233029,-0.08322253903660165,9.404805112335339,-0.4196238175120237,-0.36316387471729666,0.30777411206727595,0.06652296623638879,REST,slow,8.754272950663285
7.301945007052337,33.272326967462455,58.72010022669779,143.12755593254533,0.4770699174297574,0.2262245856812545,1.99939228953018,9.05901864427551,18.355312730977467,21.391895847915812,9.596797997446576,0.32207535701936596,STAND_TO_SIT,low_stability,51.88855961492124
4.604276473023551,79.40519698239653,-61.101695928527455,-57.44756633946398,0.6412387623691438,0.4871875793323914,0.8599235840582984,9.479707120072957,5.076713012190721,36.447237924657955,5.948366851372732,0.16620340426942215,SIT_TO_STAND,slow,44.71141947200725
9.100522332205758,34.30122418645788,50.492396625309226,78.99764096948422,0.3701211668153257,1.7114295887510411,0.4547380376193234,9.130532772952433,43.0498454185154,11.755590305138444,3.162295553364396,0.2460879762972271,WALKING,low_stability,43.37386088420812
7.103439939799959,76.57390484823405,-62.72198542098848,-23.034477765603896,0.2701562162173342,0.2720636511644619,0.8742441836759544,9.708314155699039,4.2141737428705595,10.942367855925925,5.049945717457449,0.7824345554517118,KNEE_FLEXION,high_fatigue,40.309539551038796
0.702051373368467,6.180721029029569,-2.1229654346898985,1.589803805996362,0.08777420213674182,0.008729994180170387,0.14699555253273014,9.313411761341504,0.9663257423706875,0.7792439164017214,1.1281615714924988,0.05768169697867221,REST,low_stability,3.618031716504243
8.301091327445489,1.0554914120950765,2.705897458341033,1.5729450118051722,0.06708522516097294,0.23455114834933327,-0.12647562237002902,9.997496202877006,0.23303834744083046,1.9371191095229712,1.8384053179838693,0.07440423471169466,REST,low_stability,2.412364115185392
3.3011720474396093,51.6262165816715,61.24369861174169,108.20523028294711,0.8045273661659503,0.6824571567364399,1.5134681170316422,8.243759561675047,38.46463513309854,21.441437033459206,10.903354199080075,0.2994931688541667,STAND_TO_SIT,low_stability,45.78445641530786
2.7030931078624487,81.75675132504367,-52.61286192307904,-50.67553005292537,0.5806018919092265,0.10546610113451035,1.1867958836682924,7.93543137349515,17.837816095197415,19.842089464266046,9.491461867656309,0.2962454914179724,SIT_TO_STAND,slow,34.77894115865247
2.5984681081199468,1.2310697343617085,0.7100888456960215,-0.7578927077628062,0.05096857141956448,-0.03423897684741669,-0.007795555878974813,9.154726875707448,0.8460498593927596,-0.14670320703595174,-0.2973755662981465,0.6026892061725186,REST,high_fatigue,17.219644071377317
9.40117501318048,1.4866306584489897,-0.8627737322141318,-1.67245998736908,0.04187507194005047,0.07362440713234376,-0.0038522051501180604,9.547379601868993,0.7533580361324456,0.38896101118146753,-0.3816719334093674,0.6175205856404472,REST,high_fatigue,14.148170133442743
6.500742563549915,71.0265795155368,45.78616240556748,169.59101636941475,0.521386396497278,0.669769064315665,1.2365121774617212,8.175559405622618,22.266659064425276,12.85412585259865,4.266538713926911,0.25800666202794625,STAND_TO_SIT,normal,38.74648904152933
9.101212053346334,23.60193764877436,67.52171407002496,88.51411602686795,0.6053936480142382,0.3590337720932069,0.9384216501892467,8.573942899995728,5.810315145317312,19.673828006372045,3.3048458663352074,0.12428701769260087,KNEE_EXTENSION,high_force,49.922834543026546
1.101657337222556,3.350407260041897,38.586927722391664,26.632352165228884,0.13303432827031722,0.10751066919673997,0.3532064363929825,9.910730525717378,6.351473992957025,11.707846277722716,-0.6930330941901769,0.11366436096411281,KNEE_EXTENSION,slow,19.554889489660198
5.09859597602826,66.5771561341417,-62.188899846724205,-243.7539037153394,0.9631930995109907,1.0600134531170422,1.8109421482286554,7.527542252565581,11.96020857309741,53.0630947797986,-2.5580825253204376,0.22618141506355247,SIT_TO_STAND,high_force,58.74541443517691
9.497516727534466,71.39654732633568,-61.063618927204566,-228.24159676914084,0.7656553157548918,1.057596551180993,1.7604220070241812,9.720582816310355,30.523269920282385,32.2678795194596,5.94184024760676,0.2817970464129353,SIT_TO_STAND,high_force,60.30484036000306
7.5022211254805855,8.96359882340892,0.7077004957269796,-0.441923911707823,0.13050249402264594,0.10262539314339929,0.08612472594479068,9.478435883455196,1.4136625526732287,-0.5302894164130867,-0.04053153709791288,0.039837580151686265,REST,high_force,8.952231346398264
8.899178306139802,5.005020192246848,-0.06926283245563476,-1.168029068739219,0.0635273355331953,0.15381840235591535,0.028759102081986492,9.834054850148679,1.6031862049890675,-0.4629676880282536,-0.0036460544287829975,0.5609642796790743,REST,high_fatigue,15.15822501678765
5.703569840446394,45.225043081512375,72.55029453681512,91.09404515825868,0.37744068219256627,0.4126532148829098,1.1645032460900422,8.205139415484455,11.511986738923989,29.695530401976576,4.2849340559464135,0.735167565401311,STAND_TO_SIT,high_fatigue,51.98310860768799
9.001838336366616,23.750514767313053,41.01596562222212,68.95162853107675,0.2721603292457236,0.8242567560239631,0.2353531515376117,8.448050715256748,30.143706796191402,1.6326600262187663,2.9215169328079185,0.3275674476810551,WALKING,slow,26.270255259568728
5.099180226364388,61.11344214478173,-94.63165326880318,-100.16204156868525,0.3099144988580269,0.2075876641677604,0.7538753722664171,9.584127784142115,7.413881333735351,8.04100440626361,0.8423004335531559,0.07957769868040586,KNEE_FLEXION,normal,34.02439431388329
3.796377328783804,12.23936390296868,-50.179398027796374,-143.6805816909809,0.39723259383508513,0.18201040759008216,1.1145444120155799,8.743673131532773,20.94009389918308,29.332754478290656,5.968255189392335,0.20785260047596685,KNEE_FLEXION,high_force,31.165939906231664
4.197919721812601,83.59538858359458,-60.233674126457394,-195.12880712821087,0.8743277756150165,0.5894497093780194,3.1208760399866566,8.659564237588134,33.72184420082006,35.80613111201356,1.6909319873119246,0.2131839792976122,SIT_TO_STAND,high_force,90.30704237436532
7.30121082793446,48.01204107873312,23.949059266950883,43.98418482940626,0.15259308181681125,0.023863641861087696,0.4163528751526002,9.613226543636658,-2.1117830840048706,9.155243855455323,2.226250265914965,0.20980913452678035,KNEE_EXTENSION,slow,17.02713106465478
7.898557624382257,80.62585855353673,-48.42888214797199,-92.09424850529095,0.29344881974901027,0.11872082357730733,0.8873647524587925,8.83942742767131,7.976901901942578,16.815785143799534,4.756672519341937,0.1689346474214684,KNEE_FLEXION,normal,21.43383695385578
5.8026386451447935,99.74389741570019,-74.87812625367559,-165.94325253471985,0.5276657978112351,0.44589847753484496,1.1385249336333894,8.82974951233538,15.811362160089514,43.04698143862697,5.945458217311477,0.20251221991041235,SIT_TO_STAND,normal,70.01990186301224
1.8000251570047037,9.55787788149365,0.3091077567287024,0.28735217021476883,0.0428353596751268,0.05192645205488573,0.03762802004737575,10.591813258462299,0.18790123762629524,-0.4118870821692455,1.1170389370632816,0.10270549463306378,REST,slow,5.273204566025401
9.50207944501315,41.785932791416634,44.188769590948745,72.62613059085385,0.6338035508543475,0.6148161632072536,0.9850836876683644,7.775248166819339,18.63052727293179,20.014095607836715,2.7896776899408935,0.7714711067330827,STAND_TO_SIT,high_fatigue,73.91550575557912
8.498980965077909,64.17781611561882,-63.67723808537519,-72.85946394861068,0.631495436123336,0.2781396984644531,1.0764176732033268,8.767895607862387,10.280649954275697,34.08293483340622,2.0059755188073654,0.20023782814072494,KNEE_FLEXION,high_force,29.390600670266394
8.09927561773189,5.654048022372904,1.2210843326197358,0.2802596913641171,0.1751233213506376,0.06386819835381209,0.0926421530465243,9.521465307208093,0.5836598441494526,-0.26637678594981756,0.24495214598359927,0.08790767250953335,REST,high_force,3.387671152620076
0.6965481987685123,47.65619641181539,48.891750724541396,130.7530065502845,0.268771907667156,0.4403155708806243,1.0371493062400814,9.582015972210511,14.250279726794883,25.831743584020398,5.72185262904756,0.25439415781322244,KNEE_EXTENSION,low_stability,31.72228675722711
3.499003170974677,46.87751950207275,-72.84642227317204,-82.96180970358816,0.42887075175982275,0.4832952931240515,0.9063402179640444,9.193126139656133,18.774058270088798,40.71111327988748,2.26474183722112,0.20626734388321782,KNEE_FLEXION,low_stability,44.285074524578455
6.197258754957022,17.925173539399584,92.64576801197569,52.87504350772833,0.37176392867908703,0.25192267700982524,0.4716014510031233,8.546115810605492,17.36273523594517,28.457679665856542,1.0422746210483864,0.07644328334125375,KNEE_EXTENSION,high_force,44.61372663935433
4.4994388748490435,-8.144052244358518,40.71948959214959,74.85241821611999,0.16891286456778634,0.16040316427561105,0.6956521486594511,10.237667650232973,7.312587567826564,12.233703524199697,2.825007969261846,0.6415816233119884,KNEE_EXTENSION,high_fatigue,50.99600419969313
7.90042580332726,69.4860607106437,-51.06156034975495,-91.38398586874666,0.8058955801461724,0.515216730173993,0.961082169719307,8.0331462129408,4.857798227690282,21.19030603939881,3.7869806571463807,0.29165092648106233,SIT_TO_STAND,slow,49.08560246957097
0.19825662093662297,71.89798227552214,38.80821201858903,27.740176366046576,0.4874390517093122,0.5089991192647536,1.0583624073274074,9.116784282027734,15.70968763493948,16.7422994321888,2.0016080699080425,0.191481833636861,STAND_TO_SIT,slow,44.71611682469537
1.5990923706109372,67.83136308067664,-22.758737969298245,-42.008883597783395,0.2668732065155468,0.09411786553674097,0.5630395626541668,9.009384451662813,6.221048277828306,13.942781406698654,2.9286741687592643,0.10849525606325158,KNEE_FLEXION,slow,30.86712514993196
0.3999018914530773,3.0567292394451884,-0.6031874782921671,0.63802247571022,0.050304293561312996,0.30981990958344047,0.47492698943094397,10.189867880432185,2.418917978991142,2.2000482631090525,0.27685205645341826,0.07771237696272892,REST,low_stability,6.582052348481973
4.401388269981334,85.99985747756944,78.66649221518219,146.22619324170884,0.7764447686572246,0.7311223632507402,1.2210704430057868,7.257915339857726,31.684611089719823,21.597290862384828,11.080489259343857,0.17236459671845616,STAND_TO_SIT,low_stability,55.269967138206006
5.598392727481924,53.82275308943113,-93.63547459411156,-93.48689785975759,0.7791969853688363,1.0384516975303486,2.111439177243337,6.986461757728946,27.373565933214863,35.84302337625044,13.184367024443793,0.2076319633249496,SIT_TO_STAND,low_stability,58.800333032816084
3.5975175886544055,53.23905233834394,-66.16571182228422,-61.10733972032898,0.2131271773754697,0.1378049421853634,0.8833462124999778,8.88407748069237,11.788420364579828,15.783918528595713,2.686887645720088,0.7287458971449963,KNEE_FLEXION,high_fatigue,29.861054634262096
7.501443805567742,35.23453240127516,62.73885500459657,56.970426113835586,0.5028144988015476,1.1519145468197984,0.9084887970466863,9.230053216826814,31.533410935746897,14.386186404905793,5.202536717710003,0.17049214891331338,WALKING,normal,20.378644922038962
7.097854485408613,26.55882313373309,57.29414862202802,94.27090477239696,0.7316923739624162,-0.10792119251870613,1.18278711686186,9.531690758291772,0.5296044746658752,9.383303087783508,5.413193477008555,0.2843722087083007,STAND_TO_SIT,low_stability,48.62006005707937
4.499803062386256,72.44578382233041,46.05842250374884,93.86444424585287,0.33406082621826555,0.3480934147521448,0.5055550025250579,8.91054829003308,3.7697584818641667,28.51057849069933,4.009710827497832,0.23018058133401054,KNEE_EXTENSION,low_stability,23.719568199598903
2.2964419515748253,44.09794780884862,46.257949540945994,25.299990994483174,0.2539343888558826,0.04477016500687994,0.4048544182337042,9.580109422164234,7.576364814371385,16.559214834212405,1.741064860183589,0.18183267832390798,KNEE_EXTENSION,slow,21.974511607257384
1.6994728982759129,75.58885698458802,-92.70883171759264,-90.5297643850951,0.8441467267568823,0.6655976004515739,1.474116831047051,9.395351047797526,16.96354127054005,34.597562725338435,8.76314548889439,0.785475384471014,SIT_TO_STAND,high_fatigue,84.63372238613836
9.503047539627419,56.75101123080443,59.28259479952447,132.6000506015637,0.6455059946961013,0.5127001615105105,1.5752897580476986,8.139055464485425,28.52450449410642,20.42081226082197,5.993753626829349,0.11305873153825322,STAND_TO_SIT,high_force,58.22946986541007
4.300110788695315,27.52167712326269,54.97215579669145,122.39303680558214,0.5043085334415102,2.0999718386607427,0.7898737999048892,8.270939666707156,57.66578890251122,17.820003185827375,8.424808075418948,0.34002592789500174,WALKING,low_stability,34.242849342217106
1.198310786621537,25.481747968727756,52.78983980273177,117.51062625709997,0.2862808964661851,0.8616514338357683,0.5486252276717001,9.14550659101321,19.6919236463565,16.22041160675657,4.103951978223161,0.22555646203281002,KNEE_EXTENSION,low_stability,41.43078480048973
6.904035618743212,2.9968753398127035,1.598160810546677,0.11603932320324607,0.15867111860793043,0.16856516533259666,0.21900099245207236,9.021747414062293,1.8412952717347209,0.4618914486653216,0.09905946774419805,0.060457593338352086,REST,high_force,8.448452302218527
2.900409143299401,26.82824182936649,23.463962491932712,47.81605808963179,0.29176981163096094,0.6620691430779999,0.29599362899157255,9.737374132742387,21.97231452167819,0.7905548744017661,4.394891184274987,0.13599749127241223,WALKING,slow,17.03469621858841
3.302197985435298,55.404297224725035,-79.90786272415899,-197.34160290946716,0.4423574528488559,0.2370188619215031,1.6582758560774793,8.537294937745498,25.888154996942458,31.69350634406415,4.517402932878043,0.22500868362214674,SIT_TO_STAND,normal,56.29980046517346
8.600736293110396,1.1127232743906403,-1.3168398848935992,0.2282977124685666,0.17092531420213053,0.05818612985266232,0.13047777001069064,10.01536431146959,0.4187355278965143,0.9538958890318199,-0.2822833148924054,0.08065255784786256,REST,high_force,9.607978414775673
1.0976621017951576,75.36106689085004,-69.4528674848922,-113.31784264079737,0.6045335309314562,0.6120427714204004,1.4293660918856497,9.64195013672009,13.338407148281114,35.82758050918286,6.616677553709368,0.1959481531011765,KNEE_FLEXION,high_force,53.13019233969112
0.0024943338347384685,1.848494745500632,-1.8568782838396332,3.4496121315687858,0.09552575735241733,0.33029886385085355,0.20568870791918287,10.1552933465545,3.682783940893524,1.4985682369873834,1.3533724798885476,0.08421383083617595,REST,low_stability,7.000806914023644
1.0013081326922249,45.39844949483531,122.08682633028175,137.48853845714044,0.594390719555825,0.10524609407994501,1.2189867675629795,9.903772671955462,19.27387418033555,23.789460052861052,7.241012841939537,0.15993734793075876,STAND_TO_SIT,normal,42.53356653514791
1.098804218553721,36.141508976273286,77.02335579076379,84.61282193838215,0.6007205381047873,1.1656091086691367,1.9623975514768632,9.334864333156569,27.263562037279335,22.935798609857272,5.716188936064051,0.2323019449700576,STAND_TO_SIT,low_stability,57.47538826229829
6.499769002241402,6.679036533797422,-0.9029057800698261,1.010737287293406,0.07781719089794872,0.07636099698833149,0.03700653831403248,9.764434240599746,0.09938535170456786,0.420637119091972,-0.6802830829404118,0.048794963071974264,REST,normal,2.4174749644292897
9.702547474952352,78.92253482773535,-41.24820600719635,-23.43119892828194,0.4449158467278383,0.5716343181334378,0.9595607175737377,9.433187283293766,4.511621024309366,19.582133556448262,5.7399486489131,0.29346016011450926,KNEE_FLEXION,low_stability,44.01335471929976
8.999055114964346,22.937392543331274,78.30685881427237,88.72422791315527,0.42733172828543037,2.2093190281216795,0.7338018291375995,10.273544476718346,65.7501021964042,18.943806302265536,-0.9942227943169308,0.21893972561297545,WALKING,low_stability,39.53866554339838
6.700733561340327,69.30214139102166,86.34949835220715,150.38657016175236,0.8036211242534571,0.529054552966897,1.8113489823605247,9.186612936933225,17.581320756581206,31.095248320636514,3.9272439543328437,0.2486241740546983,STAND_TO_SIT,high_force,70.67276758292837
3.0967227859101323,52.23615984623238,64.33005009742295,109.56533437981153,0.8854916971439052,0.9216265452015789,1.2516328551384606,9.312180827437295,19.16452343048891,35.58462588628856,7.42331354624273,0.3028741367110195,STAND_TO_SIT,high_force,61.41187389990654
7.600257781222911,94.88533374922997,-88.99396113126033,-153.8247369470712,0.9393537166590626,1.2462421701568356,1.1647996915302765,7.161320862478442,37.061278021062726,41.9241653178168,4.993206340031519,0.22115448408891114,SIT_TO_STAND,low_stability,79.68823256940408
2.9977811579391216,-0.15570398655449136,-0.15508668281986257,-1.317048123277958,0.17058584952964245,0.1648544132720349,0.04857005655550764,9.645831666162852,1.2122894342935344,-0.7534804462526246,-0.35978072668917466,0.010081848277604138,REST,high_force,1.5273284770941356
0.3004873054500284,26.814494215680803,44.75420549422846,94.98033680257367,0.3768650055732407,1.6019390022616777,0.24073097845661207,9.47936366886862,15.879828593177532,16.903503141691882,5.981266477820898,0.17901637229725087,WALKING,normal,31.39144869647391
5.897236855095945,70.45286812039728,-36.34155746774088,-97.05864284037692,0.3202413294471,0.1478443700536168,0.5422287549253971,8.804639506700601,6.94356344314344,10.491902162592968,2.360237340942096,0.7554493222491414,KNEE_FLEXION,high_fatigue,34.26701109809146
5.000236266053448,20.384218144843242,-84.22241375930935,-219.00966861158966,0.6254334611363517,1.0358766604562555,1.5579689755997121,8.356733976450009,21.15377307764919,20.906792706243827,13.281715142533193,0.34355557403050924,SIT_TO_STAND,low_stability,66.45669000945175
4.3974360338865015,73.35004792903895,-92.46839721340653,-118.19407079056117,0.7224724659969618,0.8201263346765367,1.4261702934761478,8.472545437882594,5.534302085403792,20.135743629021043,5.517528143876684,0.8025889706242944,SIT_TO_STAND,high_fatigue,73.02666045338742
5.101458600261296,5.254175416421845,72.30133134980717,88.57440388211992,0.22223894811603553,0.4188607932291579,1.1139486135874948,7.887527517630949,6.307290344782469,12.608231937918704,1.6586960366742172,0.125231084309053,KNEE_EXTENSION,normal,25.86822492611294
0.39892806622900473,78.9383356073157,-67.75971777340997,-114.54993912579336,0.5722785540996873,0.7533261484314603,1.0352508266179434,7.158221278774178,24.878437808140937,34.095611427622075,8.052981137856616,0.1937297779382735,SIT_TO_STAND,normal,41.973443808628296
3.6055296437237083,27.773028039091333,82.67382658119038,106.23547130068516,0.6842948212640922,2.548651387803645,1.1406413291065836,10.912788351071503,26.016276189116702,-0.5210292849559586,9.184650960206552,0.06255591224850698,WALKING,low_stability,34.33653389142458
8.79887576572712,53.45894615512992,120.75772906280497,125.40369259090565,0.597432056316151,0.5754847308387365,0.4446634184176127,8.939916260703091,18.92392573163143,14.440894160620598,1.5838942444527142,0.242188910985983,STAND_TO_SIT,normal,47.33578241842456
7.400970423895291,12.132215814600695,3.3526869736542517,4.100428046072786,0.03294283911638529,0.26756476129094753,0.3070459788284556,9.539013416909128,2.8801871322615034,1.8550532169126093,1.1134936368907151,0.14736378219549587,REST,low_stability,12.41904523217314
5.198846368149409,68.90911700367955,-40.80807694330395,-107.464661899269,0.9517152328992816,0.8451831903094726,1.3879106921113171,9.336885130936228,37.86142303422222,33.522162265185614,19.922750133681276,0.21032075875170658,SIT_TO_STAND,low_stability,61.974146102397505
1.0021063237015722,39.60888559256941,-22.774666134611593,-38.02104330124841,0.229627453253085,0.05177295003298654,0.40361296741381864,9.430895776602325,3.6358700377085738,4.538939394898006,1.4959335051607037,0.19124908808428479,KNEE_FLEXION,slow,0.0
8.600347969449565,47.71741214686189,96.36496484180027,120.1580096842514,0.8764442837736035,0.7859231598502778,1.6527206355056188,7.497140094274638,14.753000262962457,12.94727881460192,5.892923211900014,0.24266575363070977,STAND_TO_SIT,high_force,64.06007687137918
0.3005653551542929,51.338062864170915,63.67252074967349,131.1858545903673,0.685037861535251,0.8961764868193137,1.6328975624084916,7.625196348276182,18.74962062816055,30.13447397002161,0.9910168527518428,0.23105950512888962,STAND_TO_SIT,low_stability,67.72456720041868
7.101642506112972,78.22953127983762,-43.49145847064244,-108.61565425399837,0.31876702783470373,0.25951806146603495,0.6226259453507751,8.525151955971786,12.73928512232374,14.477660014543584,2.0624867587424576,0.08158196143815642,KNEE_FLEXION,normal,31.529929388060335
5.098656707465817,27.821471988313583,55.840671651774706,79.68801328655356,0.6718030557128796,2.3282334652720946,0.961167177473351,9.038027246283669,49.675972018396905,19.311376926935388,3.4061527150721207,0.26990532723964333,WALKING,high_force,42.209149021864924
9.898069297610382,2.8436740690475144,-0.1640709041425121,0.3246681001912802,0.03643649833570217,0.0230815865550727,-0.08899375125086828,10.75251631409232,1.0981091875783466,-0.7711609074057225,0.41106693200428535,0.07483919993627622,REST,normal,1.8251568474870883
2.295352032478752,56.88438017590191,70.3717659470572,162.51467301084722,0.5846512743229534,0.6188258008368812,1.5318208018078627,7.561139201585942,6.349336271099192,29.61785999076996,4.6987182970774155,0.10938754385440434,STAND_TO_SIT,high_force,73.42123943609192
6.59832488604395,41.9775746802812,77.95517313421145,78.79371215048522,0.4150286366280246,2.525959028783692,0.9115430909227359,11.152015844757733,43.20410034677072,14.814191232293707,2.5933975851616053,0.3050848329895068,WALKING,low_stability,52.105759089922536
0.9988668966515458,33.962333898019885,38.78441525781037,101.27300069422475,0.22339660301644265,1.3892194850806694,0.6750903089004097,9.534472203865551,29.538676655649954,10.966983984956391,4.934972706327725,0.7759717987868878,WALKING,high_fatigue,37.2133082207484
0.9002435353979029,49.3261520785579,-77.0293547191806,-62.904575977521034,0.28349850503509777,0.41735345392490286,0.5549275940786095,9.79473727682068,8.12362986480179,8.591059632141473,1.4894673199499617,0.24907849110461006,KNEE_FLEXION,normal,39.29418248102177
2.8988359066357763,37.130637465223266,33.80553342853883,112.55421064745819,0.46696727057472415,1.0971220457251336,0.3687260574337186,9.84996546804758,23.22789708107452,13.746525204740811,4.551259513786979,0.2029180755911534,WALKING,normal,19.15978489765551
3.6014063194917227,42.120349040065456,47.03717009750511,18.882724557475694,0.241470095885604,0.5298449738340637,0.3220813894023131,9.718824961037635,23.171798154308338,3.5148459417822884,5.055244250972496,0.17941579955771755,WALKING,slow,18.6474059039997
8.50406467404942,3.8403540489512866,-0.05980456080975083,0.49752540814676616,0.049872902693609576,0.00472091427631949,0.015181826531074305,10.607311796439223,0.3690936102306699,-0.6842824811736685,0.5045622084093271,0.08852247893638852,REST,slow,7.162749587874293
8.697922021725462,77.96500555734397,-22.766886464166664,-53.56380691015465,0.6765038313511864,0.15062471882846698,0.7333713887654258,9.464272537913907,12.997463564259442,25.433695039532925,3.3214820587852962,0.27812455371799943,SIT_TO_STAND,slow,42.511870021609404
7.102205347628576,38.78604253256848,41.59501465676363,96.22959143573715,0.42660424782348555,0.24592137681525755,1.542448057214174,11.090015570847008,19.748708239041402,11.360793539432903,4.009618323728799,0.7695472303460985,STAND_TO_SIT,high_fatigue,59.497800293722406
3.1004644370116625,38.78836118977961,61.79033920304364,58.1447512742074,0.3121663112186485,1.610278193111187,0.507855610442,10.247597510601334,33.127406876522095,7.298258682243095,6.379690328175609,0.80254352320987,WALKING,high_fatigue,56.60858477734319
8.09958506330165,73.59782463123413,-85.05762462988332,-269.7082584808148,0.6542362548356929,0.7796889976292198,2.176326296220858,8.408846702789353,37.12242803040957,36.809340041750055,1.3970997398501293,0.31847410974383067,SIT_TO_STAND,low_stability,66.88869866394042
9.500393365655574,64.10045189953621,-87.76998641289426,-115.54321298022361,0.6535066289904012,0.2440524725233789,0.5221848806031703,10.183301717354622,10.31939079424858,19.858404564282,5.479486420906868,0.20661174649876457,KNEE_FLEXION,high_force,51.940281120169224
8.198700560877162,77.48395213267081,-68.13797767802751,-125.25501719958397,0.4657404543845222,0.3522846017637198,1.5020927275617142,7.459363402311267,10.984694851382013,32.04504048769135,7.19209446266651,0.26232302514851286,KNEE_FLEXION,low_stability,39.392963320709065
0.0971546522356478,63.65082349317208,-45.52433015042464,-94.76173916957406,0.2702241082194154,0.24188579705304672,0.6954306887782776,8.942902005265319,3.2018095200041903,9.980756010422756,3.385195585369914,0.7003284233723285,KNEE_FLEXION,high_fatigue,47.70027503215141
9.901498914134738,59.10366302532912,68.12484691935055,57.65750009171665,0.5656403668293669,0.34523714197287414,1.495980764157398,7.896207356468935,23.117156619028602,19.263694656663,3.894198190330496,0.6979367585901681,STAND_TO_SIT,high_fatigue,71.76851909592442
0.7009507251673285,24.86500756907241,30.019816954445794,53.90432404466916,0.32677165749384485,0.3948065965913495,0.4112740710772573,9.702488835390438,14.023361287866955,8.96818746772601,3.145129592369418,0.2375169301682688,WALKING,slow,11.670719980727977
9.599723851023795,10.249230868612482,32.55079499442882,100.64608907963645,0.14387293480483881,0.27583263305547695,0.6687584545245578,8.637758647232268,5.986125392648052,28.000868816931508,3.8754668191524124,0.2568294299278018,KNEE_EXTENSION,low_stability,23.995398232930647
5.0976306307126755,6.308890923497382,-0.20295523833010443,-0.058744713568834546,0.036919300632172726,-0.01969485541389331,0.07157804927723643,9.6252534867142,-0.46883762514193306,-0.45461876012234126,-0.02238429838236101,0.08840645659552258,REST,slow,6.408380690246334
8.296316076575714,76.60408280105557,-107.48525983560654,-253.2429189431487,0.6141749987478663,0.622780679564117,2.2650061310550678,7.8863199503701695,37.85312866476497,19.662285252996202,8.754192723382765,0.19843678248795624,SIT_TO_STAND,high_force,71.77475364141375
6.199555057040776,51.606476011656,-94.45655735476491,-42.81642661135594,0.6116031523311676,0.22242654482519886,1.647243136064658,10.011683150470722,10.516687322570771,27.878680417222032,6.8852659533794265,0.15549385074100097,KNEE_FLEXION,high_force,46.52265680658998
3.0994297923946275,34.78585898666213,59.29168739165465,109.45411163181578,0.902199471192663,1.4181254984312934,0.22047418275962177,8.082823027119598,44.11490074764103,12.1273788872871,5.218845703628786,0.20124189141574556,WALKING,high_force,31.243593136970016
3.7006983672035534,90.5743806219029,-146.60860642421667,-169.59797694593826,0.651871418446011,0.8100542791821268,1.933266624108766,7.740360654229358,64.60142272757878,45.01485665658047,12.908551374782967,0.393814566788619,SIT_TO_STAND,low_stability,72.35032895404849
9.797950311838454,49.04582857233629,95.69139438933206,82.33430315149236,0.54187272097178,0.11829797700934047,1.4158958894717688,9.313883118052008,19.013538962867297,30.089137236868165,3.766211625877765,0.13387521208717384,STAND_TO_SIT,normal,57.57909100796833
3.9976289612313223,38.63243885965724,121.12435548605711,66.11150738300618,0.16799455756630702,0.4860423534590198,0.8262270681244787,9.230497038615455,3.566768492020883,9.672331427708125,8.685953419972122,0.20186358125198733,KNEE_EXTENSION,low_stability,27.421141306417628
2.3015651176514305,4.308076430266659,1.3599323644427774,-1.0849752115172375,0.0680766832385605,0.03537222513801968,-0.009420012047066578,10.184963225300574,0.24812388130120241,-1.0580493586947015,-0.2878247226083656,0.06232269336004477,REST,normal,4.292511913475441
5.701036159063928,97.71305814158748,64.34254306414205,144.50387836696643,0.34349174073784416,0.45166122544595366,0.3251979709223066,8.786873469018762,9.871684893614331,48.886266094304936,2.0744976346439428,0.23448063390226942,KNEE_EXTENSION,low_stability,35.690783366206375
5.801162397623989,7.186443344241185,-0.9203288753338459,0.7149572542143948,0.04664464809189328,0.03758444917922028,-0.01695702638620715,10.550060109770296,-0.33659420200893286,-0.7287723572511638,-0.4382615816675957,0.059608309836651135,REST,slow,4.544468908837314
6.100476092469424,41.055375398957544,35.41041654678063,85.60068674386281,0.31815933289587983,2.532254737860287,0.755054733685346,7.042078456961004,49.93539979619463,9.932102800076617,13.384659910709933,0.3076794855933576,WALKING,low_stability,32.68212512853882
0.20058657772256872,26.556606253328702,48.36789316356702,71.3357448885628,0.41777530610021013,1.591583520067031,0.5746437631729517,8.184212886499179,28.356026501231483,7.5525975228992825,4.272945160755064,0.7109122130755985,WALKING,high_fatigue,42.75617419234078
5.497768043164666,55.90123469268133,41.01075520469922,10.681444068531494,0.18650367888570457,0.038870335926465965,0.722720640684955,10.351713308662454,10.559622514333359,11.292638672313931,1.9561845044174129,0.15655280636108945,KNEE_EXTENSION,slow,23.18953487380388
3.6971076056523335,28.710525480761493,31.282535027751273,50.30905880364408,0.2653522458647723,0.1727108530794806,0.7144295816843897,9.192039682405506,2.846991372310063,22.26099461330367,0.7383659565691277,0.8270760624439062,KNEE_EXTENSION,high_fatigue,47.0676232085
4.398417107482544,4.8818611223841355,-0.46950256144445396,1.304556299154599,0.037106711615136095,0.1310524594172157,-0.0941181207387067,9.373473580560493,1.118079142324649,-0.17746740342776057,0.05159682423429984,0.7167958316012358,REST,high_fatigue,11.277165614439955
3.799208892691531,33.11867376564957,64.6724999035893,97.17486860195592,0.2119725968209646,0.24006748929117244,0.790454131867398,9.107546882668,8.791504665914596,20.168844553618023,1.8008914488830188,0.7259033713195077,KNEE_EXTENSION,high_fatigue,38.144419526384695
5.398065521071579,53.08917483174759,83.11362298859444,68.18922805622788,0.6335595515725044,2.260946835173813,1.0656062668827966,10.59898931546388,36.079243878511534,17.31629571865363,5.097794247885778,0.21374044406268636,WALKING,high_force,47.81334370781909
2.303702967695126,43.051810539730866,59.42053881072485,75.09259682327199,0.4187556236189436,1.3885254965647593,0.3255386958934816,11.22531699950216,32.09384646248096,5.270820418017717,5.7616234078646125,0.6717340090040698,WALKING,high_fatigue,54.968715773924245
6.999955462726823,61.253011429511055,44.76757853076198,67.59040541725965,0.2711567323248325,0.3203472540385542,0.36045100233091526,8.506919483328451,3.550191506176853,25.172469782581498,1.7871773237763129,0.7052597152449385,KNEE_EXTENSION,high_fatigue,43.30578581725204
0.2021873929942875,54.489834517473966,-47.540672668898495,-75.30000393305534,0.16939024821855453,0.09132494775130531,0.6964056028717415,9.670377823973134,8.854000982655172,11.168436747607796,-0.055201051330150415,0.22370418581565846,KNEE_FLEXION,slow,19.807928606323603
1.1014690218226173,3.5807441035100736,-0.20639120344928538,3.0219587826036873,0.03485128072001826,0.5372171936015742,0.1035933424364383,10.26100302176789,2.171256810730777,2.9369301394364618,0.5744241175454756,0.09214518420592764,REST,low_stability,0.9102939132731764
4.79929723388177,28.201776120750004,34.358141668037575,84.39059266380403,0.4092991949681125,1.2307938341966969,0.6785201303188924,9.709967087279905,24.129674296605817,7.482112757603583,5.447850516791475,0.13317770488331776,WALKING,normal,19.392199295299378
4.499876252805936,65.76058466176997,83.96159133156958,134.42256427753424,0.5760295350424933,0.3125556889228336,0.4625947462632488,9.118879730365434,24.026026944415253,19.181837158571778,-0.03640960961593823,0.7183295152974151,STAND_TO_SIT,high_fatigue,68.65248807317369
5.602030642683372,62.52854143500619,-72.9664933148372,-33.7467494603588,0.6359336449674313,0.5560298393200497,1.7898062565826884,7.546173717162025,7.724577241450204,17.816465682410442,4.940192255711161,0.7595267663796148,SIT_TO_STAND,high_fatigue,77.45931290015339
0.6014248602369862,1.5427554879776602,-2.29234611564104,1.843497303423432,0.10766985156255315,0.374271276691323,0.0089205892718958,8.872843478233772,2.8919812496085866,3.800615320256804,0.3952791709542893,0.11724675753741792,REST,low_stability,6.297279025565787
8.703949782170715,0.38585271895816403,0.013915657421141746,1.5933727410819143,0.15111511297569105,0.05623241490110641,0.09977739804325499,9.761845915772698,0.8087475293687718,-0.3521227025667134,0.3905317341661938,0.07742134781537324,REST,high_force,5.263764469430619
9.400408326030648,38.491147599150636,38.84336293344016,56.24112157248438,0.336453253845358,0.8374347091293343,0.39118938884394105,10.182950664842679,18.42339637716565,10.64805693464684,2.8630430132598854,0.126548502138099,WALKING,slow,16.626172546660737
0.7951481831901307,5.923626627282769,0.30277083448216363,2.225248901489006,0.049069558612133725,0.18551563409909655,-0.08126525592884998,9.618628026341506,5.700334087923423,1.203821266334916,1.0658671690072046,0.06614693091085838,REST,low_stability,5.440852722118451
1.9996131646584594,78.66952153783474,-82.15642783933635,-42.44709399496323,0.17382831901539825,0.4660602781521643,0.6525374015820868,9.021937317293572,13.727643542557141,27.28677356269235,0.29767655813586835,0.24980424128491857,KNEE_FLEXION,low_stability,34.178649265761905
4.899584210516377,23.739878411037676,79.93838892263567,62.6009911248873,0.6350796432843494,2.246828198918904,0.4391051802884815,9.488827569685867,53.112198516056594,8.875061251947226,7.7191784150462155,0.3318015653798268,WALKING,high_force,42.388181048389775
1.5034450721820558,78.83255537783896,65.83430849512618,85.8830683828796,0.22647812565076125,0.5777780223248514,0.6442409172422237,9.345316244615367,-0.569940581236273,12.18383142200042,3.858265381689321,0.18336114706214846,KNEE_EXTENSION,low_stability,27.303732076659468
3.9010675931287015,62.300862725918684,-78.57418837213717,-157.2443011195888,0.9824551062377083,0.44424043249578343,1.7992511594001213,7.764092382507938,30.354067670092025,38.84358008782932,-1.9064854619459364,0.29363738139011275,SIT_TO_STAND,high_force,71.52995776095578
0.7979773134463146,8.533082399709786,20.24084216120379,91.39978589209541,0.49233185384813755,0.7802114327495282,0.4359225246058271,10.144022535264238,21.470422366751954,18.505772990368783,5.101721782981856,0.7703468637950849,WALKING,high_fatigue,45.97294104593204
8.000091407007943,79.78507669567965,50.624707110296605,110.6187617894331,0.7417261833049568,1.417100878475906,0.015389192677276849,8.19191606011967,18.372691107961476,49.25872211961496,3.1977420651314006,0.24298738249379748,STAND_TO_SIT,low_stability,42.58143388771474
7.995827442177804,35.37519208550473,-65.8565459536336,-110.55626283171095,0.33737172082009986,0.44303436502072024,1.0192723955307126,9.587913058760677,13.749039245865298,34.34900165338394,11.245460713311525,0.2481358259757219,KNEE_FLEXION,low_stability,26.15808488156295
0.5984818184486544,68.06493389462243,-93.25985181995948,-84.98469583143815,0.8412921992175856,0.4144816137778029,1.5293414092896958,8.87884824694949,18.343839894816483,29.641814497900505,1.1155307135857884,0.6072751479498852,SIT_TO_STAND,high_fatigue,65.41869265644611
9.399287682892348,70.05528396290279,-26.772089758750806,-68.14540549702163,0.34396580037755986,0.09195764311020944,0.8320418059669983,9.77700928698396,14.610108072164508,18.228576233578142,4.230484039340135,0.6469521164158913,KNEE_FLEXION,high_fatigue,27.759328325649655
6.99850638322399,23.00371425246635,70.84553343309037,69.67413137000473,0.5005528182314237,1.5409636000093407,0.37262595285637906,9.98915858648863,26.46965290837107,5.629596467941039,2.7526226624956815,0.839084218674645,WALKING,high_fatigue,60.6447326006731
1.2985728920372592,7.353440278149697,-1.445387613378996,-0.49039496401203914,0.05898441949004642,0.13691854605717516,-0.00430665775113683,8.33143974286658,0.9934381057339736,-0.2511634845723377,-0.30638048730629236,0.016898093136296324,REST,normal,4.278688408788971
7.301146405561638,19.717137502935,76.05195695379642,98.05751083582214,0.46813666598271086,1.4828637590220675,0.7404608869203401,8.538601128050505,-9.117288402944379,22.3393160220725,2.882270038126376,0.2575990006347454,WALKING,low_stability,29.299889443906405
0.8010942298705894,33.15128069209873,68.57168541065623,69.0746939487854,0.4050731568065723,1.7475312647051016,0.4683033243373672,11.569788906887588,39.377777783237185,19.108391636097203,10.874871710058038,0.3163204945587852,WALKING,low_stability,36.438373941515636
7.799312342377158,47.647886485979164,69.69114279573431,73.3908491489341,0.24189678087452854,0.061925177540037804,1.0283293371331383,9.012046818106578,3.564709227394123,17.595619619170165,4.491163154097572,0.15586051632290265,KNEE_EXTENSION,normal,27.118258788334245
1.3994376817451881,34.76534565141423,68.17963087377284,87.64347536335626,0.42676507413986003,1.7144195412122605,0.27694374404853267,9.59586017032245,21.865399445566286,6.164239804109854,2.5569416367389293,0.13967239563977135,WALKING,normal,32.08920762386619
1.2983840447831052,23.381232062382466,-65.36167747565902,-38.751248174031076,0.1973524108617383,0.2429726194633571,0.9406910272805491,8.906780318604318,8.138330432967614,11.149128661206875,2.6972771886242484,0.6925535251244016,KNEE_FLEXION,high_fatigue,37.23116187868545
0.9006033494376194,3.856136956028994,-1.30535860064524,-1.5302580266735668,0.07250378549271783,0.08020316111230363,-0.016724914642320298,10.14570454688843,0.9274937546474057,0.38668179047472984,0.30242276212523955,0.5836663397798136,REST,high_fatigue,13.933629263893035
3.3013637260943214,43.43662896583209,44.70544809828561,154.71991106431378,0.35280370922479204,-0.24670537258597017,0.9175208232401886,9.01030928977146,0.6383735264866639,4.051268403211996,2.943198616996405,0.1747761014899874,KNEE_EXTENSION,low_stability,34.25749801672852
5.900141958073502,39.19170585927019,-65.480119500009,-119.29018405157294,0.5616230356131168,0.5804647657355477,1.4630942687994257,9.099413298385308,11.007429286117265,27.239602976155194,-1.3113236064557616,0.21619235604600678,KNEE_FLEXION,high_force,56.31547704668978
2.3003066517340014,72.34837676195514,52.766813412932706,99.7507681851446,0.4195639512335824,0.43166087039184675,0.5814158014836307,9.839198480360514,19.882873813899007,33.018287470266586,6.1230277234229815,0.28232579442846856,KNEE_EXTENSION,low_stability,35.23734174263264
2.501813996429003,70.26207840694477,-127.23194282331016,-121.86751588049486,0.7901896514018385,0.7077719170109784,2.132406445259767,6.365100054712437,18.203623268711134,53.901013653165265,5.009388814984883,0.24415718623225033,SIT_TO_STAND,high_force,76.17246272175021
5.501618215842477,63.669873363444005,58.89120030665464,93.9472879749789,0.6025423892784143,0.14998568048928126,0.8707026519093773,8.067133548787725,10.730245258125434,16.984293065063152,2.1833010641267747,0.2524397955419356,STAND_TO_SIT,slow,31.198133787646203
1.0023840987088732,51.33318426562039,14.23841855892808,17.82290353092067,0.4909046590412566,0.26598113752009517,0.40246162461180796,9.285153144246639,11.958682402654148,16.83602483689499,3.4095235550233935,0.20699128617163684,STAND_TO_SIT,slow,32.47408355261844
8.200836362723175,4.094555164604255,0.8143607687776329,0.12934273056682755,0.10399207455222592,0.33171295240209525,0.2132422838998281,9.246134628953483,2.512970658878415,1.7892497971846564,1.0825533276900048,0.10022097813551119,REST,low_stability,9.672376307505521
0.5990316463088158,77.27627326212101,-30.274635546386698,-88.29694324975891,0.17111098549198173,0.0774026604811401,0.8796183006434467,8.428976632268387,0.7411711536590545,18.65681560034377,2.4456055200550018,0.23016759012974147,KNEE_FLEXION,slow,23.196863670616487
8.698794224847896,15.231477274594614,-29.880509842155394,-63.11644192385564,0.2787917177611572,-0.021959141309761062,0.3361233124480938,8.851191772884796,7.462821397540413,13.20091077942812,1.3411812882244631,0.17540094708513254,KNEE_FLEXION,slow,24.15149921436199
2.0993194235795025,76.6374744764031,46.053517739796945,92.13583662958521,0.5328822214007942,0.16393034147188795,0.7040691695890371,9.444790670167865,13.571963878542316,25.016241294763166,1.3885829831010368,0.24685626535887323,STAND_TO_SIT,slow,47.15517845735995
3.1012542234243288,48.435769418372466,117.3401255863951,30.912199572486905,0.33913534603742207,0.5949079988660003,1.3930482043151586,8.89231410693575,3.7967210247200818,9.009181113441217,4.257803985686555,0.20396019817456387,KNEE_EXTENSION,low_stability,25.850510594985316
5.199582200914809,32.098867882534705,51.57862845595741,80.33255975136524,0.3130368163843603,1.6151164115340393,0.9941847791456276,9.98128049914517,37.916863039458086,4.648884001379602,4.9680561213529115,0.1764871412029911,WALKING,normal,22.691962451941915
2.2002924741139314,5.837921544687176,-0.05126001025564919,1.4789457026341186,0.15576774924070397,0.08045092604333491,0.07000372817618819,10.355556527878573,0.7498956404704834,-0.08934152719019177,-0.4006743049087582,0.06325196300850502,REST,high_force,8.050252127215227
9.599922369412255,81.03175469463814,-111.41156948516335,-152.16056987310282,0.8345146010776221,0.3529543922366509,2.0111139684339605,6.858828421854651,23.693393613113173,23.8236045747601,1.4985488584544482,0.17307119407686777,SIT_TO_STAND,normal,66.47732792145658
5.4027712200090035,28.233449957786778,94.78725405171738,24.843500784275157,0.3515471539724074,0.18866560840235214,1.6263654168156323,8.792198834137347,6.12760530966962,24.53264741990732,3.0776544775985206,0.17803382668640994,KNEE_EXTENSION,high_force,43.95378135891322
0.8045632657545522,4.285863845229225,0.8403034627115152,-0.8719266882534321,0.06108657161060945,0.005356633331916903,-0.027969550139459953,9.303832100049032,0.9498094447770291,-0.16283060588960335,0.03657537363445361,0.06512496327259612,REST,normal,8.910695203424263
7.603813509795517,84.09101961642662,-94.4955359502715,-122.819702532879,0.4778577221904834,0.5718124403825123,1.1411948653543906,6.927356451321531,22.468978116711895,32.85746421619203,5.691164433785633,0.7747760201100781,SIT_TO_STAND,high_fatigue,68.12472351448825
1.6010841093010975,4.707016158360915,3.9835230183574932,1.4450124319768733,0.016099272911597066,0.11582104397034015,0.17182439005482247,9.715796091827281,5.071634420035194,3.2691357441651254,1.2588405305993913,0.07983023199556538,REST,low_stability,7.763753837740866
2.700228174829149,2.2221024890834173,0.35597406261025777,-0.00958210233997124,0.037871322605172654,0.10717403774577608,0.06147897175063966,9.570064143495783,1.6290887557868938,-0.7967395361429362,0.3427421264802021,0.4740053298947356,REST,high_fatigue,10.56825898320942
8.499011500223316,74.40320485990246,97.77131069094834,90.95158674166927,0.5656725017621749,0.5529677899685745,1.2452077230836045,7.583137907458424,15.476818509120017,30.78853659147395,3.1192035008177594,0.5281896744055394,STAND_TO_SIT,high_fatigue,85.2227602982352
0.5032962243236477,4.219837903865494,-0.824252912954517,0.4433384210479125,0.04707702816132093,-0.008850892935922868,0.005452226959445519,9.675907703410164,-0.23126028770030968,0.022946002419743625,-0.17138017679492532,0.09031916953535689,REST,slow,2.504744401712415
1.5015214447897072,39.990184986308506,-72.39191613199891,-111.40698990377373,0.28938689153233516,-0.06279540731223227,0.6589850147196474,9.221396432980399,15.058575658007886,17.550204985799397,3.025135302926396,0.15010629321880714,KNEE_FLEXION,normal,36.80022321092837
4.199691933366848,0.8673646883681408,-0.4895243470922778,-0.15842378830776432,0.038233319112267,-0.04158024139384391,0.029026090362112372,9.287145474369861,-0.4450233896514637,-0.11378275673585864,0.12972212142613285,0.11375106078973277,REST,slow,5.12795542273771
2.1000806728111097,7.35496045798728,-0.13885233441739797,0.8988309290072851,0.04238701909734795,0.06454382813096066,0.014962075535223744,10.077185205364334,0.7507678181517364,0.09312838141861954,0.04269406928091786,0.07373692122183438,REST,slow,4.769330010385328
7.101633615027519,50.340918999172494,-70.30578744389769,-129.86849370458296,0.3635983669531345,0.2475623247044242,0.9776330842288703,9.121109623434105,8.119116635836411,12.494701983435249,6.209249052464794,0.30698736388560005,KNEE_FLEXION,low_stability,30.72604813842053
6.495868295635494,13.444070316995486,24.72317356268491,19.93726873888548,0.3044144081307324,0.32533779308172517,1.174201451449729,9.337183805874439,10.56908786817163,11.517638521259201,5.212927856493747,0.15901153619228098,KNEE_EXTENSION,low_stability,33.00508502597934
8.90237944319479,66.44141808031392,-50.125326422533,-57.70882187231556,0.5190639890775217,0.33410724580163953,0.8775579758675254,7.844609778509121,20.586629401199477,19.437111226501344,5.224512252484846,0.2774115100828725,SIT_TO_STAND,slow,52.07981149723218
6.099008953114258,19.647822265960347,75.02165165515183,36.856413595881996,0.25693913659998907,0.14372524429425557,0.6655691108053339,10.678900156000779,9.995794437515956,13.471609919132774,0.7227722085646414,0.7012451698876219,KNEE_EXTENSION,high_fatigue,49.759291949236335
-0.000859970493862627,17.59632498907164,32.96070138536237,63.54004180265845,0.15106748380236032,0.050700760353735615,0.2659517854061389,8.860868067482997,2.584363728764269,12.273616133321452,1.4761157270740053,0.08667589536358293,KNEE_EXTENSION,slow,8.818527176774754
5.701948296084862,64.90740857029576,30.81766698048368,50.733926275717366,0.5003021382378652,0.37537879319827205,0.7426419320098111,9.11062874359616,9.39409344075989,10.455385187332848,1.1944555113337887,0.2693113769110076,STAND_TO_SIT,slow,23.704685250267403
1.4993910443845069,5.953190453298827,0.6765100007744969,-0.29782346417537603,0.04260630508844862,0.003362982878933785,-0.026776212392667184,10.57369914747006,-0.2834352584046698,0.3739859113769309,0.23318950968411728,0.09726301477408278,REST,slow,5.131065161660102
0.49993083078339284,66.78701002839847,-97.21310656601692,-119.33744273279653,0.9707009105279241,0.4255901926663712,0.7904871930603363,8.730496751562445,6.501357628929864,18.992560186605726,6.772480041589794,0.7240000602170554,SIT_TO_STAND,high_fatigue,85.94874796794062
1.0973208434762565,59.85159923651532,89.03154639249729,180.9070576885129,0.6805353716725058,0.47634313583899107,2.0846997400614344,10.295747621575533,9.106080485598872,22.182299325023823,2.941507940503014,0.12433887045175779,STAND_TO_SIT,normal,31.558884050087592
9.200897602703222,62.09814321416562,-91.54886855742694,-49.58518773565843,0.3460802484711358,0.11523189505761071,1.0964966968803052,9.44349544741908,8.366392555482179,9.532239714833095,3.171119277485016,0.6756526205766228,KNEE_FLEXION,high_fatigue,45.401265519839264
9.700337208092444,47.20639042042472,122.06745016391204,155.79160976555193,0.45834623272573893,0.27883749056881413,0.67346236024834,8.34280809316488,9.420891826657883,20.594691681508753,1.8280150071867298,0.13982134918365313,KNEE_EXTENSION,high_force,30.26253564055749
4.799578437309319,41.32419816300035,59.36004584788637,79.015489061137,0.22851474887174283,0.24584143602768302,0.42082386248675074,9.489270376276831,1.5911713067473996,18.950198331696143,2.0294166306669807,0.8686517645893088,KNEE_EXTENSION,high_fatigue,36.58740469432218
9.599356253775682,65.80406074422021,59.99287295990609,154.6048393810163,0.6934920004634841,0.5774118763627234,1.4404642797059504,8.228114340742515,21.33770313644767,16.83461108158826,4.63569418491018,0.17363250365877803,STAND_TO_SIT,normal,33.030627681448586
8.898762379242381,63.66018162445419,113.62810259890257,58.819893754000596,0.2633892814304966,0.20080960713684257,1.3143945185329386,8.516376215204604,12.503515193394392,11.010387473860167,4.316935919161099,0.19624308727625278,KNEE_EXTENSION,low_stability,26.272119166786027
7.202014933467332,23.383951711144384,42.07547080258627,35.87584292444288,0.2451310196057926,0.401859412672539,0.3303551943801306,9.37174877851988,20.068677758802217,3.335746641378664,2.6299205434975272,0.12717089424964076,WALKING,slow,16.244322730958167
3.1041061171626407,108.2017476434774,-55.806371069546984,-152.8985728585521,0.8491536680143724,0.4233136359150411,1.12135482112106,7.282835659922564,6.6800674212970605,21.548089783154104,8.974066240912615,0.875792652054264,SIT_TO_STAND,high_fatigue,85.26016727101944
7.199482082673204,46.980884302341444,-58.23726172778589,-43.74780523269346,0.2939412112556484,0.1800007523071359,0.747794728799009,9.964689827495569,6.072686518652387,8.815327610090119,2.6288605405783385,0.2150491490210805,KNEE_FLEXION,slow,25.691577825337873
9.098425808278101,44.864643219537484,74.11368424854886,45.21480006622751,0.3873676139652742,0.9581825648257665,0.5271528093959107,9.698910547785433,36.38047799390063,12.636738616983733,3.7291315543153463,0.19222373514818814,WALKING,normal,24.17994631269853
0.20129699628973322,72.5891274434955,-81.852776566957,-180.2594284239833,0.7607235257756518,0.4359704021248827,0.7532753544541846,8.014429236236605,8.781406511228225,28.546419807663074,11.184185311361048,0.6966020263306635,SIT_TO_STAND,high_fatigue,87.97647517767516
8.799644246810647,43.41536463112224,80.18148755473645,130.45612251986054,0.45915540058654386,2.498432752014752,0.7169103372559462,8.776229064964143,48.63298963948171,23.899632512432504,11.19052086632104,0.3333739966637869,WALKING,low_stability,41.52272117566184
5.399302958687611,63.4041301761773,72.20807253017752,168.92671224891893,0.8857901363481306,0.6536944011031209,0.8470055109877883,8.867154200383112,27.719967996514566,19.05829661908097,11.133580476503555,0.22521282859483444,STAND_TO_SIT,high_force,59.85618957795047
6.599264423632436,104.12532412920648,-62.06413334389016,-150.69308880364733,0.8461235162092146,0.9952821485106078,1.7509683296611918,8.016602703840025,27.939757379620662,33.79380069319707,17.864975534697205,0.29299948107837476,SIT_TO_STAND,low_stability,46.91803848171223
9.600000835250892,54.490475391153055,-98.33483564800785,-101.25899858777896,0.370597660000023,0.6156270259727238,0.8190128170198592,9.711671794435285,11.73353343579754,30.644015437139537,2.489942515520517,0.2216233020433996,KNEE_FLEXION,low_stability,36.71150376825412
1.301766799137865,2.9659487107744664,-0.8827331530179252,-0.0466101713308832,0.11891245785997501,0.18630637433894948,0.13816683934993274,9.58946867325351,0.9148449485225723,0.4633916437161949,-0.3110578016060321,0.07901713359486318,REST,high_force,15.710965942833797
0.6964255005216273,67.7314206802988,-100.5340154182176,-84.18282261398082,0.3780784654121897,0.2403643487761732,1.0195892119342125,9.737962633429166,7.001582804352454,15.895869146309186,2.5733098952373856,0.14718861880886927,KNEE_FLEXION,normal,11.599410263572288
4.802349530248666,73.21989243493155,-38.99406164654999,-51.81172350316689,0.27441702831026066,0.07918341903813511,0.6496750779268987,10.401238004170784,9.658728820638824,14.028584240132432,0.6155700517332463,0.18341946813194782,KNEE_FLEXION,slow,23.527999067798337
0.003164799105382922,15.579329281287091,75.68854446152643,128.86921537791193,0.43351186432277694,1.6586814683978828,1.8755766198128714,10.106420875297461,67.81435868240234,18.059792146440977,7.58337340054122,0.2253873793323544,WALKING,low_stability,24.553996340716914
8.00395164011832,54.90327064587593,-67.164092797402,-73.75454728905041,0.3155637527652875,0.20397949494691447,0.33212823492994803,9.27201942837513,8.450383840098933,10.573271901193067,2.429437487667128,0.5821908185529382,KNEE_FLEXION,high_fatigue,30.273461867392868
3.897372793968755,54.65783857148223,-73.10827919448619,-111.53954618207047,0.27349362975795805,0.29000360957740146,0.8181218632257081,10.033935156231461,16.348290690655492,31.09021862209446,3.485397810917851,0.7413552461967827,KNEE_FLEXION,high_fatigue,36.37774867910777
8.300090957234929,56.26878204563363,-94.9979825725607,-92.19840075919069,0.5054667422184138,0.38071425591844504,1.3745180780047455,9.370712824115456,22.036798492336256,24.10294039991992,3.949987771071625,0.230634169936652,KNEE_FLEXION,high_force,63.07220549339302
6.200546733897226,39.71962997112749,28.035007907814922,48.8276232102575,0.24130580920206873,0.07800305681538552,0.3415313656358892,9.720262413775155,7.1767982439491735,6.996174012085378,1.761493961090298,0.15466077710787476,KNEE_EXTENSION,slow,22.848221499863605
1.0985843379602784,39.094104331656155,120.384371255857,128.06489309947173,0.4904256632967177,0.3637574969098961,1.1079231749370073,8.942016302156869,15.307523150249471,16.65157584335761,4.125499451099084,0.1506671903931684,KNEE_EXTENSION,high_force,46.850464627407696
7.300044960592309,5.442696509630398,0.654765074699094,-1.2107440321419034,0.09105070634647486,0.08672627901030368,0.047070441180180535,9.201865084170558,0.5982443667140428,-0.19331124114106907,0.31046178464346985,0.04392130646959714,REST,high_force,11.33117291707239
7.1028986896024735,2.9365379218040486,0.4466702094557363,0.3158087848913441,0.07242021579380123,0.07999809879751504,-0.0035273033929175603,9.578660169308483,1.6079174287884501,-0.5083711527262359,-0.05597501680410316,0.027707660738641466,REST,normal,0.0
8.898933307111772,54.88178046496473,76.65362392486053,167.54923824554692,0.7654329477901783,0.6822131259442479,1.163195469913886,8.186896497741081,27.55229849512734,31.41173315608914,5.56516074025508,0.2581992424184664,STAND_TO_SIT,high_force,52.81986088870745
8.702145772940627,74.56629183893368,-78.48964949833669,-118.11350038732017,0.8280008927327834,0.7107658579292168,2.430968967947657,9.038779975405154,21.188466068333124,26.456762446507113,2.7007842011792422,0.12604944563724474,SIT_TO_STAND,normal,35.87648726553284
9.402211984550256,8.9753536069068,1.688852009536215,-0.4226211356716133,0.0437818907081756,0.11019302864382685,0.09300449552986764,9.870927359956822,4.228072226613285,3.1211175984042656,1.7327034408336062,0.08245791768296623,REST,low_stability,2.1064110870235186
8.299269959186946,52.624616603372516,60.39329286989669,93.01199341653701,0.5992735406315611,1.5731029281458084,0.23195706086005424,8.858934451221113,44.20127227714153,8.115200244250556,5.455323928682099,0.2190192367030595,WALKING,normal,25.221829435104734
7.99908705023839,98.29347809527425,-74.29944256541705,-79.03687550798183,0.20989449665656687,0.1655862660879416,0.7324299701462282,9.14704957426925,7.069380188567242,17.403043826759813,1.0649776732465406,0.18485839755569725,KNEE_FLEXION,normal,33.495756486543456
7.995831311333001,107.05808849621931,44.01176041004032,83.33522761299525,0.5761141884885459,0.04076832914108739,1.1656105774248258,9.141723608626457,23.962002395802855,8.777787510840497,4.98084324439315,0.6716745293832652,STAND_TO_SIT,high_fatigue,53.49210416554672
0.0020471732932500135,38.538800426726056,60.58302499007425,68.15929315716758,0.40197977380933037,1.821163064016999,0.5103109490738181,8.656345518650573,29.486187840202433,10.155725440605476,7.1389859729231615,0.19495467533112754,WALKING,normal,38.74242805437759
1.400001323479642,36.67426838589425,-77.67342577019093,-60.66020001229028,0.2839227157849988,0.2492096086165005,0.5063732958608249,9.92022102909439,10.939337228013386,20.273936245823514,2.7139974859185347,0.2207560142167315,KNEE_FLEXION,normal,22.105573512268325
2.3011174967695704,63.52210177039079,-88.13451065772126,-119.00973924046849,0.5867318377585041,0.30516898169640017,1.2044445033554858,8.833529472928877,7.277715398019797,9.165486139356334,4.1627401820336924,0.20943894929196094,KNEE_FLEXION,high_force,36.65235220503851
7.897230196765053,36.28910650249773,50.765108577640724,127.76311344366898,0.1951914348220932,0.32940062804604736,0.4583420609204483,9.739036182087123,4.2158025258255,17.90843145291632,1.1868451522949177,0.6434976158337342,KNEE_EXTENSION,high_fatigue,34.21750915752834
4.003541573760902,13.112302713214648,100.11734166470467,61.68327457124792,0.6294794099230833,0.46375772616638905,1.5989840417904138,9.045920904099864,20.60729794837323,19.962254330999524,-0.47909990159776306,0.18513637517266046,KNEE_EXTENSION,high_force,41.16301803713518
1.7988195817076336,44.445754060055926,-76.54398934007646,-102.5731702838914,0.1556817836634856,0.369290927017039,1.506225297002465,9.113035848802184,12.675169895693731,15.267766897949176,7.206501124122403,0.23954034209117692,KNEE_FLEXION,low_stability,34.23145818030588
5.901466139823755,34.59581266794533,-71.98202381545435,-123.11516668993194,0.9144639001823928,0.6031398676686213,2.082502144534964,8.103798807223962,2.0170125599935886,41.74785978840898,9.732110493335426,0.2075401011094763,SIT_TO_STAND,high_force,69.27804297161157
4.202274255963772,90.1929893266707,52.112079674141924,124.0659139574979,0.6198645136809094,0.6946981435289074,1.675484968317616,8.171755415875149,12.209824344211553,22.89615899632918,2.1913729033822955,0.22643248750022538,STAND_TO_SIT,high_force,66.64798083971156
0.49924552865180744,5.512714397227923,0.5768836224804371,-1.32669000421479,0.1750137729139923,0.030320302246233534,0.06342941117491817,10.14904153439312,1.8286881096805234,0.5778752316531867,-0.47314642216436387,0.024777525373057302,REST,high_force,8.680619054038212
3.300808205499128,26.665572465203315,63.52235055516276,187.0971197371653,0.6767597617525777,2.189255838332508,0.5366527608683287,9.894984202280694,38.37683031098121,13.647622507604504,4.069136767316005,0.16480899263911178,WALKING,high_force,53.78158939024504
0.1977752766326284,18.84734089287939,32.74488803492246,53.356765847236574,0.3148137809899111,0.1345014564891179,0.32552413692031373,8.109503876624023,6.796401650589034,10.393087931335122,3.012916317577263,0.14131535590699665,KNEE_EXTENSION,normal,32.489511419490675
2.603916652545623,44.11603207600183,48.66141691131483,68.30447416100243,0.503182809140913,1.3075573809233783,0.4463559857044073,10.170008121023297,28.76765029901422,10.630073045223767,3.32615038745263,0.13794490470149257,WALKING,normal,29.419396653975305
7.501796247316776,37.13687639282307,-89.24737501046447,-200.51695049703082,0.6585735037643358,0.5490645888070391,1.910892785992479,7.31182154958455,31.77830984216366,24.33435451012747,5.97920897645097,0.2894186588838739,SIT_TO_STAND,low_stability,58.209189307328266
9.802272114452537,34.632343372715916,37.019463685570656,101.5193061353009,0.4921742460395608,1.1419770302734535,0.024691983098499216,10.275776459951352,38.80508174997968,13.726623197944695,1.9383596630635789,0.20431039341719706,WALKING,low_stability,39.915442590949425
7.699680655834356,8.029981240398433,0.30491736588495877,0.9076696783970654,0.06251378431765313,0.01452761787890164,0.20753160512231847,8.947971161209344,2.0903509664417665,0.8735276339054145,1.3183075685243064,0.08165212574862647,REST,low_stability,10.240573055402932
2.598552094463646,45.152267894735715,63.88509536034739,114.92807134667349,0.6344090618645808,0.6877483983332074,1.2870896902457234,7.745372186723229,46.47641964250949,36.961431712452026,2.8291731286732626,0.2972363760597686,STAND_TO_SIT,high_force,66.14896038597028
8.20002507401908,22.844789754071982,35.12775250812088,22.77317694592459,0.19308026684127438,0.10163522886263074,0.15554019961286616,10.136663842756288,5.237088810282047,11.861438281612498,1.4668558422696965,0.13422497019317603,KNEE_EXTENSION,slow,22.418504903555366
2.198578256116618,17.611668312734956,97.46185942494533,167.31032052780742,0.48432653209166615,0.40103197187243794,0.9058869683147743,9.399135790113561,11.268500074986761,31.644620194916136,3.537889014350419,0.023741801976991134,KNEE_EXTENSION,high_force,33.72419742614058
8.603516109390627,1.234623701461898,-0.37544708377470837,-0.24533512923679412,0.060215798975107926,0.3858056753692507,0.26156388933310415,9.666338204946271,3.272463709077788,1.727049481461138,0.7200535765416229,0.0978223915807835,REST,low_stability,9.107968420157766
9.796450113910844,3.4398051377499073,-0.27221160116157994,-0.960859784783865,0.05232523993463762,0.028725210646461097,-0.04318503869652632,10.663408653162074,1.0051054463302977,0.5124951399217809,-0.22066008743174098,0.04283514675774929,REST,slow,4.537106404622418
4.998631345013868,82.1088517883156,-106.15928816777908,-144.31403989011034,0.6673527688048997,0.3339426209931191,1.3781315269965744,8.392114198814566,21.110805821383384,28.46139710662373,2.3039412421677197,0.19284472610363723,SIT_TO_STAND,normal,46.94445961481409
8.999094595041402,47.16296569133331,82.68324385627733,67.4025167377763,0.3460510725643515,1.287054354853691,0.5381996759928055,10.321565617577718,24.80450008515827,2.6191205546673695,8.870499848289237,0.13399811227291444,WALKING,normal,25.195144558902708
1.899029043627293,45.71869234647419,58.57367502166425,87.22367864075729,0.40819651251047917,1.4817146500692924,0.2674122477625265,9.413671133289848,23.790066102390433,15.390295709928939,5.154959157730363,0.18585002173577997,WALKING,normal,22.16563656716795
5.000360481511931,43.51451382447199,61.69772898010605,42.57666035217342,0.2971648763054822,0.24375050562430298,0.6883668666529401,9.481691494061224,7.2710463235719915,16.137278426370553,3.3403780467706197,0.7760730920662866,KNEE_EXTENSION,high_fatigue,44.47499758417787
2.9023853444668317,3.513310099079153,0.16068673256700086,-1.30585497191884,0.02139902439153367,0.19443030109698567,0.1169348367080382,9.292364761055818,0.9865828014432785,0.25676081197467127,0.6915353682856962,0.6262908202633016,REST,high_fatigue,11.322689212926106
8.294460338176648,76.41279944793988,-55.70158524199614,-159.09289764205,0.6794752130965191,0.7351665161912312,1.3482465173295157,8.048017765083614,18.20726747164352,33.33310034152615,5.749252441977939,0.2415874170399537,SIT_TO_STAND,normal,35.245067815530575
0.699700128799065,8.688261398598206,-0.3525928711969064,-0.5807471226541281,0.11534230264020982,0.11960817072892516,0.07973831732882215,9.652205439327863,0.841236743032559,0.015278879907485134,-0.6134287579480072,0.05202800066810514,REST,high_force,9.292157769409954
9.100090021550983,5.711291679477342,2.6764936740100556,-0.025973697038777718,0.035627473699774086,0.16203015589944117,0.03676511909111407,9.436130027147216,0.0009473621643675545,-0.0685611158188291,1.3485557645511776,0.6820425629332708,REST,high_fatigue,11.210312329341468
0.9022398310323435,81.38551334466698,59.11966988137825,59.222212250897044,0.29099883298441526,0.36461047185992657,0.6210628982299723,9.255354699376817,4.80104237001985,8.275362520119366,1.274682557364978,0.2865322610642653,STAND_TO_SIT,slow,35.17144681834467
1.1979577360223315,56.919814173158215,77.93085279042948,104.85618971842902,0.24954596259148715,0.09914949829238129,0.37287932762132214,9.360513819979541,7.559265463736589,18.803343162342344,0.6875297299093885,0.7038789882316808,KNEE_EXTENSION,high_fatigue,29.687147559801918
9.199000687603831,37.212328058671886,72.70985925187965,111.09197739788223,0.6522632672262767,1.3057881267376914,0.551850388170638,9.787320087308164,24.995418358844802,15.997650497936657,11.884359968338115,0.17042860017776684,WALKING,high_force,63.161544113709475
1.9003706665749671,66.52923409841937,9.45719731872385,-54.871538724063555,0.21986365138579764,0.2428704712754253,0.5532066049377503,9.368986881668862,6.509799242839432,13.793831333255701,4.726766517963024,0.13246907401970273,KNEE_FLEXION,normal,13.521684851313669
8.598539527675635,105.1011704053436,-32.5155127978754,-63.69436779655526,0.4423576935664668,0.30896760222894415,0.9102807034645674,8.012216282439072,14.666719272645976,19.678695816959344,0.9283750824923104,0.2325300940558376,SIT_TO_STAND,slow,45.76310791304336
8.498479155206974,80.09835142768863,-10.24021422031848,-147.67709549174668,0.5821527607357879,0.2760857950023086,0.7233139759554054,9.949619020291593,12.546605193932823,24.8033194057571,2.8708270804245895,0.24433928195438914,SIT_TO_STAND,slow,42.04827148071779
8.095190500447016,79.56430240943467,-21.638947337840392,-42.321881895152885,0.1290689620939812,0.06930357014078814,0.4730424706389195,9.13645388061317,6.679095523209279,14.308325636309965,-0.16812119286173888,0.1799737110468577,KNEE_FLEXION,slow,14.867246418785847
4.0001261926595335,90.90999069559354,-63.830277535189154,-224.23732235756438,0.42637258398421046,0.9049311680422416,2.2362329630998166,8.420243745274776,31.900935295446633,30.438486390406766,12.550922064463094,0.38963490504610954,SIT_TO_STAND,low_stability,61.631493648143945
3.1997891110917753,36.8257112306313,-66.57023304160687,-64.50579013637363,0.6418363967701657,0.28811452199178444,0.940970465690395,10.087350927030323,13.611192162391456,22.449889263162483,5.514562010239377,0.20958420705309178,KNEE_FLEXION,high_force,50.11212666290932
8.30159167731044,4.196189141203308,1.1064640888723656,0.4522290735751143,0.028164070623008894,0.12423207611802925,-0.053583485176859985,9.525758092023722,1.4551807856063599,-0.5901016639104275,0.36852405581412045,0.05123832967359919,REST,normal,6.8985737438219195
6.901363861679762,99.88279699836511,-55.26436005243834,-26.50599667345012,0.28684150420723153,0.3612372806073402,1.1495887661075228,8.138440453874273,16.67352565746132,25.01398234189364,6.926401968456736,0.1701559842320997,KNEE_FLEXION,low_stability,46.88434381439859
2.600723054496378,50.02858079909441,-60.201999676598405,-77.87044679257986,0.5785432004303026,0.2806939614150421,1.1716816931136138,8.64229482607154,14.289425207274595,32.2730985359526,2.588622621137189,0.2616012384889588,KNEE_FLEXION,high_force,45.574762141808264
1.9999111276645913,4.443971071298454,-1.0236129574247894,-0.2278108525104937,0.06714972043651206,0.1097254410758869,-0.04898877461816451,9.126083448674034,0.9526585952129931,-0.23834107137485505,-0.1587081526047235,0.05679750722385408,REST,normal,6.350951834131439
7.798976038681534,85.39586404360493,-41.50888808074148,-136.59234047555037,0.8393086314513244,0.8874237768068066,1.7575014698984504,8.460420714337106,31.02220525257144,44.154978751912566,5.250623762117723,0.2658157673369692,SIT_TO_STAND,low_stability,76.81043131275187
5.799626280987769,52.573971413405275,99.34465288495126,44.666786355034624,0.6730981402168293,0.24024894627461577,1.6056608857775765,9.51356390693733,22.300136873132292,9.754170597715527,4.56333737172368,0.1248892699104323,STAND_TO_SIT,normal,34.04598669749704
3.8000662293531167,63.92353290262144,47.70707420310833,81.06865034154737,0.5094626434943834,0.09846875751411849,0.5593322465377337,8.705257937949668,13.72381155579114,18.579283922848116,4.917834610754499,0.8386563010726894,STAND_TO_SIT,high_fatigue,77.30550558907798
3.7002701462839616,6.899925954427584,54.70460426551074,104.64976196281127,0.38783162723267145,0.16918146225222913,0.7589155626031461,10.32430740472405,13.902266939482844,18.034491823108482,6.271397572802412,0.2763997849365498,KNEE_EXTENSION,low_stability,37.79815161487555
3.7013997141595287,50.39569088011608,50.361071575513535,125.0256882711392,0.5641964401658377,0.6007067249863927,0.8708622922210876,9.467273664995135,13.20706536459072,25.690767077061153,-1.275606207390777,0.7498572496437657,STAND_TO_SIT,high_fatigue,67.30650872472818
7.299803180112534,42.20209786696851,56.36230315213949,86.55692362378544,0.3017939378454578,1.2880328759757806,0.39912283892454065,10.488897923579541,33.32942813465006,15.175805144870068,4.454792445134751,0.8327621738775485,WALKING,high_fatigue,51.09146318101189
8.898375462665824,53.242031397638215,64.69377044035936,94.7783108601095,0.7033287115882503,0.21084883812503236,1.1027296634776838,10.195126608566055,15.936713010586988,27.732843402213387,2.755516194860151,0.11768694986457731,KNEE_EXTENSION,high_force,45.843400908091176
8.30002926661133,50.99822805380051,43.007983983890355,84.89767761147503,0.20183678282085807,2.7540445057904415,0.5532072721568853,10.503866338581506,28.46685411579097,14.758959657557913,8.044768427182303,0.3064054117416198,WALKING,low_stability,43.72568680915705
9.803434790636594,72.71456919722502,-147.85197556369022,-95.16227685503675,0.5988333889459847,0.6408562017719223,1.4623857569107004,9.495908747323437,19.09724563935493,23.910729955732904,-0.8580793898089846,0.24039947899358285,SIT_TO_STAND,normal,54.66923634990905
5.59957690679384,5.240575603736503,0.4975369778509788,-1.0567706429857593,0.0508017867847652,0.032051261181824185,-0.0030428966285956874,8.974781928842425,-0.21958275375023398,1.3355796631168513,-0.3237202474638271,0.06757076064844451,REST,slow,5.472648564056401
7.599949008305221,56.73409209834705,-64.3393354674864,-108.04719776179809,0.5526642046746962,0.2858646143638547,0.7303650415763024,9.19604446617696,12.931675742422243,22.80613964666207,5.305515026178686,0.28814204617769257,KNEE_FLEXION,high_force,37.66832552978652
8.602237230585725,44.00174996941172,35.86250821632047,123.30535843086746,0.4422290059136802,2.421622528398331,0.4276479586468479,9.68196793135704,56.14457103677979,16.767127583692247,7.183995442095592,0.39384250447791896,WALKING,low_stability,30.655760415898243
9.801344312907172,-0.5891949571408144,33.16480495535182,53.16339722229232,0.10957282784339174,0.4213902990097537,0.4554210290489125,9.229825539949042,8.056088735683625,16.514389854372826,3.8471171250473257,0.6239220758959231,KNEE_EXTENSION,high_fatigue,44.64179092216946
9.10353624585277,80.10411098356968,57.826368946060995,118.92012912098596,0.4384948823593248,0.3402124332444614,1.8105522920232218,8.68998373193026,26.15584802085656,39.43291086783688,4.917322179883995,0.1401636264331228,STAND_TO_SIT,normal,39.38806411141135
7.799877628164177,33.192244324260365,-40.876354100775444,-51.6136052210715,0.32106339315379306,0.06538708296408764,0.5497311027213744,9.536025552564977,8.364567936942562,18.291614983502676,3.189559649898348,0.703251791067794,KNEE_FLEXION,high_fatigue,47.68012151096017
1.6967448442264652,-9.117319529257239,53.621938595027075,82.93468048303397,0.5061029929094398,0.05232825893317874,1.104815589756038,8.723968663693295,13.801331411874262,27.442489753722395,5.01995938304976,0.15677107782108324,KNEE_EXTENSION,high_force,45.113694414103364
3.3983355599048886,32.2794972886324,93.37394414778302,61.024242469630494,0.288821057311776,0.149226052431087,0.7554291553525591,8.805257071075992,7.458008561555877,19.959301898941213,2.428147623668212,0.1468282093960126,KNEE_EXTENSION,normal,24.119474692546564
1.6983862555256077,81.96175515982858,-37.463147423298565,-45.484842032909704,0.15916355157051898,0.0903382575778489,0.5876385828597117,8.67360745609408,3.4973904931072486,9.27927276753812,2.394085882440646,0.19884123364852158,KNEE_FLEXION,slow,14.931266557702628
7.201140710705971,106.13481435946882,-54.76280248594253,-111.12443082032755,0.9036995107857441,0.5223806480148533,0.987189915355235,9.577662525433082,16.779545198632718,30.96461299240781,2.362974101617838,0.7927742490852351,SIT_TO_STAND,high_fatigue,79.686380361856
4.799830952227864,47.37182940423568,34.470623265785655,58.208346161037504,0.26118296205112257,0.0867887884137717,0.39836525158155395,10.537984381938951,2.8149773420472406,6.413832070149791,1.9896773314667144,0.13926573308088275,KNEE_EXTENSION,slow,9.969214177309443
5.80207140176378,0.2067414463737145,0.389227703691943,-0.35533792698997296,0.03895881478889227,0.08369322483161656,0.10097689003482753,10.693503841689493,0.5973301255729264,-0.40715946433101513,-0.05625223912526205,0.6802167631440239,REST,high_fatigue,16.110919100588433
9.799399515211762,42.83470898544466,-45.22873513721375,-101.82275964196538,0.29837482739698445,0.27231030229069286,0.5280320635280095,9.578462207008913,10.767790194517511,21.148285382217992,3.2045149183465376,0.673085891657716,KNEE_FLEXION,high_fatigue,41.39634770328304
7.800727396300687,6.3225246476904085,-0.11884598762155792,1.1842419662261778,0.08019560354079808,0.09483557908647837,-0.012300387600532972,10.501805350123064,0.9203281207076774,-0.04923404288067851,-0.7098665477971814,0.038268298298581985,REST,normal,6.098628793351812
1.399019120574109,57.438559641799635,33.34146200210191,36.21322426213037,0.2891278136423704,0.10335177079019438,0.7762068532258252,9.823739099913656,14.852922760649497,20.75115567570871,-0.23229352538531903,0.6920540937781945,KNEE_EXTENSION,high_fatigue,34.44845631796306
5.598710001223686,80.37612530375554,-91.17908537661913,-115.78381826322055,0.77192815690952,0.8730802706754874,1.7741066761799063,7.987905942428519,18.393941887557787,37.77481454293258,6.965398303446672,0.12431995943033607,SIT_TO_STAND,normal,83.95212563462883
0.6036420999896954,31.27088017448432,68.51252903361862,84.62490558288904,0.37927494777944826,1.2360739305326507,0.6958710056917099,9.427343562352492,30.162898305763903,8.647147715181905,1.8501782701122913,0.6822678075550356,WALKING,high_fatigue,51.8558032741012
6.301141773269021,74.25969590289189,93.52720856908022,151.7427643694535,0.3440470122823958,0.5506383773137866,1.550747003675159,8.976270200340506,9.489336961116342,10.252330309219968,5.19093845950502,0.2357614043454621,STAND_TO_SIT,normal,42.11966368047519
2.601886493012069,78.7533385848711,-58.25858478583946,-63.167946024180026,0.3830036141585632,0.1594175731965038,0.36731576877503835,8.66605684238494,4.147907344523475,23.694969089887756,1.99513544111033,0.6385130884118602,KNEE_FLEXION,high_fatigue,32.09728694789636
9.5968076290647,25.87036471824217,41.26643711002131,56.953282461914995,0.1275946614829327,0.002435189091523191,0.2265197147771935,9.449792318968592,3.76129077060767,9.503415463198264,2.607272548112319,0.16843670006489003,KNEE_EXTENSION,slow,8.865616807170337
8.000464493185447,12.56518072963461,3.341092335010137,0.6059704308793701,0.035215978506718155,0.29176134590764224,0.29550964593732826,9.5773046240432,2.635257848615789,2.1998964215603456,0.6272780178076454,0.06794253781952893,REST,low_stability,3.8013918503142348
4.699550753005311,44.93307281673426,67.90281198725523,86.59972975059148,0.43447895263726044,1.4312842254813078,0.6019163175697128,9.77824962291898,23.728205886549514,2.4274031017479314,3.966699966626587,0.6028421976715177,WALKING,high_fatigue,49.01468382765547
1.2004659513729408,60.71988850969187,92.27798997405378,178.5444675235039,0.7184790821879413,0.9153273320746842,3.0702131748312964,9.307805200942559,31.01738291294926,22.988381886061614,7.3242019832299885,0.19176498132022315,STAND_TO_SIT,high_force,68.26871473052095
5.60038958354681,55.964545916298604,84.80427593455865,107.93463622876585,0.38559567670802075,0.43516319289758526,1.1899410594684783,8.549842199788952,12.643057631495111,19.073201654126244,2.948297443242502,0.22537547916848105,KNEE_EXTENSION,high_force,45.123384966937074
1.498404235442883,44.52978287312288,64.28389299664957,95.7362483139461,0.7460481442219582,1.321665407430066,0.7148427044710571,7.693844200855038,27.274551886562417,19.66691344962048,1.918785482592687,0.12100584970148955,WALKING,high_force,37.7157720242301
1.301982767349174,38.69963397737969,94.29151235384795,59.36500201879351,0.602246781252326,0.5156607778790615,0.6951440069006346,9.290454706304459,13.630513360318586,13.590349745750068,3.2805746583745874,0.8167053333870282,STAND_TO_SIT,high_fatigue,69.10500105018099
8.601214284933254,32.69968328660685,34.71358418439945,48.16266319691884,0.36884416480630955,1.3786531607790946,0.4684099474596064,10.324360164671477,14.010333949810434,4.256201604533285,5.31537252326338,0.16946220467705944,WALKING,slow,28.235265704583476
7.001718983180344,35.35555812440461,34.6397167965381,62.759181687765135,0.14869424949488505,0.039359865151751716,0.6377091111191905,10.010255361984228,10.111121240884192,14.390285536748488,1.4210739017929097,0.1887358397103187,KNEE_EXTENSION,slow,11.53102749473466
9.297645020646153,82.13029793748109,-133.3863649450297,-149.91640601155197,0.5426152417483943,0.2864120656119491,2.4882487893298317,9.602439986370952,23.759322662252263,30.487641604939924,4.038285032208632,0.2161954820237657,SIT_TO_STAND,high_force,73.57365709609721
0.4965469991487953,8.9275871053259,2.4442285178455645,0.7697519801784886,0.04572613189767552,0.21848067012394687,0.16832087964214634,10.253158158031322,4.147099565809668,1.8403734908040685,1.45075043108277,0.12224099592792714,REST,low_stability,0.40769390354356805
0.8979779346265935,4.0241180255690825,0.5528862334795723,-0.07284497394893086,0.14250417186487302,0.10830521670027479,0.12714193520801806,9.759542180485203,1.322278997839694,0.25317299296945356,0.2124648132913399,0.05939072734031652,REST,high_force,5.609127040156382
1.1019658041360667,11.156796051209326,-45.208035481921236,-99.23766296195296,0.18145714848359085,0.14601583813894853,1.1166621474778162,10.029303574227251,14.721334959109086,8.682372833470737,1.1139711636528578,0.19539749062062134,KNEE_FLEXION,normal,25.371491054199527
2.0994281528408223,63.648189612213336,-83.51303488713373,-119.87219880640876,0.5622946486351706,0.2438286124816703,1.5626101164946904,6.828216748075342,13.39864926190401,27.09148791099616,4.680374271106614,0.19600740145710147,KNEE_FLEXION,high_force,57.760523330553056
7.504528808947846,42.77775062534742,30.106673952431223,76.86963976959225,0.3535276079323094,0.15968998352026315,0.5378842740505838,9.678683314830096,10.344824845550132,25.869695557838806,2.1350007642986024,0.7992260611321816,KNEE_EXTENSION,high_fatigue,35.869498080469754
3.701609875675432,67.1519308930243,107.43913011848284,117.87443795531733,0.531566767644968,0.5406594206679174,1.20495370472183,8.766110233894821,23.514077702800456,34.27056248943134,7.069743012889346,0.22072810697587558,STAND_TO_SIT,normal,55.59235989348209
8.5006311443957,33.45096060514052,70.27205470266055,46.59711066685944,0.3734600931245089,3.2757971982489265,0.5878786199609174,9.868656254517287,38.32582441292767,19.393041674200663,7.409819951299928,0.31388484617241846,WALKING,low_stability,35.37981013069334
5.901512657191562,47.56086384459497,138.19671411112083,56.46209584475937,0.6966555255672756,0.9770068744409913,1.0459940734489774,8.422454592442293,31.33395498892031,19.979306068740957,2.052918313178665,0.30746348938810997,STAND_TO_SIT,low_stability,48.68749880909996
1.7019467706319809,28.62413268308642,59.440466298322384,30.422029448098236,0.5269698870786951,1.3013308494378992,0.8540929206943833,8.99015798153713,28.568037106595185,15.95036929511406,1.2832208905694609,0.7091480806123022,WALKING,high_fatigue,53.79796695135606
8.601405861943958,35.37254062726497,86.56597152969468,112.33690971127206,0.4426429944769025,0.7930578532093091,2.6799299509726233,7.972539198059362,36.240515731468214,31.233411570624575,5.19159318606794,0.3015654991561981,STAND_TO_SIT,low_stability,35.585393644523734
5.999831827879347,66.95964161597031,22.663720660115462,73.28975858653604,0.4531191754905332,0.13702056878691404,0.42429200913265086,9.345334412496795,9.692844020042882,12.718923978041826,3.00823208629693,0.23457377910486232,STAND_TO_SIT,slow,29.078828839256886
9.102694646483227,6.39003252755996,-0.3475157285955704,1.0705131945890476,0.037121384877462776,-0.00541876992450365,0.02109898002366688,9.109778359957057,-0.33061364103875124,-0.4113564711553344,0.1387127742853578,0.04546786637752443,REST,slow,3.0893769823603825
4.700813995758302,91.11301763811984,84.22703565947369,182.2213789553235,0.7191728075660925,0.7637888033200655,1.9019177602919342,9.549707478214188,19.318863015362208,7.8985365287655736,5.321492117374796,0.27339447060464883,STAND_TO_SIT,high_force,53.789581009866446
3.09796484070561,69.04130526673906,-45.24358059908414,-70.81356131175382,0.2708858909018039,0.1178059504315549,0.5782835903400306,10.146209600131137,8.341306216344048,13.73082231000574,2.957766282711542,0.16614944140083757,KNEE_FLEXION,slow,16.73977985892
6.500331724330678,71.95080539195806,-128.1354417210749,-156.45609315419287,0.7839598999560985,0.5324673232056564,2.3071096881763418,7.230792280416548,26.165989129200934,51.63223041603176,3.237570076032173,0.261892226471449,SIT_TO_STAND,high_force,71.06914186991891
8.298424402222748,0.013889307993561528,0.1113808977630876,0.11894850250433864,0.01769616527615389,0.15179599371705052,-0.03258771441245094,9.534029153863166,0.9500925309816861,0.06658147441492784,0.16465253188792986,0.5585186178633971,REST,high_fatigue,19.591576929570447
1.5009516971421408,38.948408224973626,39.753617411369376,40.63959798281727,0.348012197165269,0.8148880393364808,0.4554152703186514,9.759299536719162,40.16390281865397,12.665327818124329,6.699565485933068,0.6266644508898047,WALKING,high_fatigue,40.22210680610827
9.89845342616641,34.57660579898069,59.749507454691,27.634397719578466,0.36440879333890586,0.14972544168201615,0.3529364546413516,9.089679141976639,14.612047033605505,3.5661026004179277,2.7676938120871557,0.1928619678400333,KNEE_EXTENSION,normal,30.54399301097623
7.698705904721183,7.264375466771442,-1.3085021002185167,0.5787317731367368,0.17916380828605208,0.10671541567330987,0.1589671946683095,8.798912040642401,0.8200050804140476,0.317677786823553,-0.23773487767874532,0.057657901903233846,REST,high_force,8.511881250857245
8.800176901496926,28.728593218541917,24.893819051610066,78.50768289482606,0.24426944012621823,2.186207840886518,0.6235299008411559,9.890030937418098,16.300369389771404,10.143205196508708,3.42499665589214,0.6183752536700942,WALKING,high_fatigue,56.1871498442458
8.69929364682789,45.81812341323956,78.11132658003947,140.21339613001524,0.4992974963144984,0.35479421624372426,0.9420899847164659,7.65659293025335,16.290273365026298,30.205032577999873,5.059278043635491,0.5865110731405017,STAND_TO_SIT,high_fatigue,65.37298957310581
9.404186505296705,74.70325860794138,76.2807585678401,177.01280100122753,0.6347100420032469,-0.4040707723650761,1.2777215198733483,9.338892725706552,29.193403368209147,48.98350130068076,10.064443819143202,0.3197166186188696,STAND_TO_SIT,low_stability,52.101873018511284
6.9007980082166425,45.0556084482496,55.093403800033016,160.01157787248283,0.8835652414112941,0.48779402394136306,1.7102771322874455,8.72108415046919,11.05722746705338,37.09996387950692,3.9990820831476763,0.35417675637142854,STAND_TO_SIT,low_stability,70.23278721889005
7.099592258716728,43.06124906046601,68.77231421112803,107.47580175257602,0.37576413625943594,1.5887114462545444,0.10504075314265857,8.460636081609465,39.96641891165787,6.55080724614625,7.4682491725171465,0.17084506195419197,WALKING,normal,45.81579262526749
9.29979182909456,26.07658628813606,44.18979897960343,123.29059707303256,0.4625523631685991,1.1716491960094901,0.7275135673971921,9.535833023175089,18.600715550178865,6.318643325000783,4.883454645086734,0.6631702876907615,WALKING,high_fatigue,46.979220575176285
9.502185233440775,48.57946074997598,81.59227785090015,106.25436276715544,0.5092830803618268,0.0372133926725707,0.9840956483222855,9.061689988694125,18.532890371232394,29.445037870305285,0.6944743258500354,0.13102958945501864,KNEE_EXTENSION,high_force,43.86009814366706
4.599027049618278,25.22453057815172,54.65942812299626,100.28962403750005,0.2109424583296141,0.26505777719540063,0.6693844950819797,8.217358877523885,1.3888005750878776,18.42927024662307,2.9896199924093962,0.5225178372662949,KNEE_EXTENSION,high_fatigue,34.6370331112605
8.49717060140958,39.767421568152095,47.209630863960854,81.85581116873092,0.476214633400484,1.446898331238075,0.4667639299188746,10.253745053165387,30.855737408058893,12.417949981092091,4.473456798688581,0.2680068624828768,WALKING,normal,12.32221585429663
2.7982705664561514,53.320211006175505,-87.65031789290524,-67.69014257309836,0.6090731034117972,0.15249498812521495,1.0056952923648144,9.631355144986143,4.323386726314514,11.921967277730031,4.552655813124606,0.32058576119124194,KNEE_FLEXION,low_stability,18.277611261837627
9.305723832257597,32.768244715081885,66.49162963481398,33.5802545826255,0.2746097237502518,-0.007280116697746888,0.24360967949904344,10.342661656755242,3.3140424598124523,13.495424433427255,2.509927943378643,0.7479102844551313,KNEE_EXTENSION,high_fatigue,34.372736647753705
4.899314429118862,91.09088751501324,-61.90969882422155,-116.57122910356999,0.8592592837422554,0.3783095983546352,2.191175915813017,9.527575638324855,18.438693545672393,42.719039791677325,4.948485483543891,0.3182108413077607,SIT_TO_STAND,low_stability,76.43987867992423
0.002362074624086866,30.077209618235347,56.2117616428295,105.31325639780984,0.13342074983749275,0.06521079749768949,0.6419552440739169,9.95675880299399,2.5946927597859673,6.317604521435673,1.9007325756893332,0.5490371831759248,KNEE_EXTENSION,high_fatigue,42.835583210312386
7.403011888247958,29.629266559336774,40.15471746757514,34.29449062920168,0.23669129001024763,1.6449217034866837,0.35389484644073127,9.550840161336037,24.1291469380863,5.783109775652913,2.64754737512866,0.21661126645079093,WALKING,slow,11.850529562632774
9.002943186640179,23.911080191431893,73.31516792514095,78.95827315387625,0.3466654564183555,0.20202136959793646,0.6908940701215784,8.662215413625056,8.03242869316735,11.571819122131682,3.8756362042432273,0.1292056472362224,KNEE_EXTENSION,normal,24.661563881109103
5.500262177094374,38.00079904850309,28.32528831322933,74.39152518255833,0.22073277202247094,1.4895292042941055,0.881298265593368,9.599440948530543,37.88402629417361,3.332169858459161,14.585707204570197,0.23175076480739554,WALKING,low_stability,34.91703232380215
4.6985517815537925,4.687474378058705,0.004763027201173992,-0.5735307234016374,0.01780071757403017,0.14737924316180837,-0.04014021418593792,9.731107653823232,0.7450862968801881,-0.9199608500106752,1.3077667678391394,0.5920503624305146,REST,high_fatigue,10.052837132966493
1.8978289972351174,66.86275813795427,-97.89070806649252,-152.3423486680902,0.7802089591263561,0.33355620787116325,1.068060528406767,7.73754589446813,30.24738090041933,28.663871801671576,0.049811120845176166,0.7373700340806305,SIT_TO_STAND,high_fatigue,62.22048162124082
2.8979851761807716,51.75070837236414,-87.52722765744966,-87.0269523712899,0.5409718315516197,0.25424303911622465,1.263368128422225,9.607911357061878,17.118662833302466,24.308587279742238,2.3191514558943953,0.20385069755964497,KNEE_FLEXION,high_force,51.68345724705324
1.6030538554257623,71.00620445354676,36.79900202992589,64.62377023709445,0.5646723228279258,-0.05126341195995441,0.5542463807691789,9.063294577223365,10.289022075298455,11.962900613835885,1.3526075466450964,0.1568046842858803,STAND_TO_SIT,slow,39.88538751129796
5.7954039784328035,54.06302208220757,-79.41586210630871,-82.57000450369046,0.4725340598506456,0.28184331565639,1.123456621965421,7.206767118750343,15.720896608221581,7.497204090639453,0.41256869906630445,0.20036635474434253,KNEE_FLEXION,high_force,51.9370806497428
2.1020296769983347,21.414260094911295,18.516205766538334,81.64863820864133,0.14122320609338124,0.3762738616643508,0.8758963014114909,10.84539780468978,14.1902215582506,27.107745590436394,8.067882862177296,0.31627050767094744,KNEE_EXTENSION,low_stability,30.413435494093335
5.300010087033866,51.80853632470759,63.54600048661329,83.73177432183924,0.4342958000726901,0.3594203513733217,0.922123360864199,8.776004965066129,11.284797078428133,26.277358480068948,5.1796083779315865,0.16158226890604288,KNEE_EXTENSION,high_force,41.068782574326775
1.5991172192070207,87.14963805344587,105.19825393853642,103.95780080148461,0.6201955600484063,0.5054107579858724,2.2891584323414804,7.668046616909894,35.56239359290074,15.573807638107361,3.2262101790044166,0.27304989006286307,STAND_TO_SIT,high_force,68.38659624704432
7.099794799894952,8.701061001206842,25.048248275236258,64.48465922429729,0.2982710185940219,0.18833176271685942,0.3252910943134708,9.648164432270823,4.111567691208078,5.590332326039704,2.3260627068199846,0.11849444021453107,KNEE_EXTENSION,slow,19.29325809073555
4.701358316207774,78.49547866230452,-114.21261503668362,-161.2669287545773,0.9219865741961853,0.4772634488218278,1.8850518496146695,8.539129124372767,20.852076656961064,22.888298108174435,2.065840845782599,0.3361318015754725,SIT_TO_STAND,high_force,57.62850200350854
9.400051348907317,4.410367584599345,1.1425746175422327,-0.8592853758706875,0.1542913495595092,0.1344546973664154,0.1712305930870271,9.413926776987662,1.1164992211723819,0.39189834913409227,0.23048029812292065,0.06317821168961744,REST,high_force,5.02001861982594
8.80031811499611,51.559749649367426,87.10620942808147,86.64525910802222,0.39881036844573753,1.0844896510227038,0.269457786625881,9.899970773247833,25.974399450538797,17.660736546165808,2.951563259695325,0.18841497443292163,WALKING,normal,32.399073551355265
8.10122013752572,62.94547623510671,-104.88808129246097,-278.9396554958893,0.8632190062688248,0.6863518098717194,2.043325553674104,7.814420955956635,30.829536072061558,41.389007224184134,5.975414991967712,0.20510054567680452,SIT_TO_STAND,high_force,65.36443003286197
2.1978795977012027,89.98993112674562,-68.4657263282505,-163.4734831585729,0.8073966806022684,0.8729697138019336,1.2865793344341119,8.324533250522249,15.41135235893431,13.986781004522458,5.941582004519405,0.7974004991364722,SIT_TO_STAND,high_fatigue,60.37543548045916
4.900786114535998,101.90049783017088,-107.00033166343817,-98.81039149432698,0.395690497570865,0.7578154157604683,1.0725529482107048,8.337736887057892,10.235638955657011,18.749386981493302,10.351508638238359,0.3246812806708549,KNEE_FLEXION,low_stability,48.111222786214505
2.602006399836016,72.23658055678827,-86.18516044350771,-171.74291083515774,0.8659604516967092,0.3445594041604308,1.011840125329229,8.734419896897368,5.983887358430223,38.35136901086064,9.421713047019333,0.6300221148806309,SIT_TO_STAND,high_fatigue,64.9311495147621
5.200238151635826,47.86025928194664,-58.08633185077832,-54.26343716898056,0.5915970066181795,0.17989930124864306,1.5007899722810525,9.207792570718986,12.286494441494135,34.33835938423297,6.376209643690082,0.2425471876240276,KNEE_FLEXION,high_force,44.31495649283278
2.497963546472798,2.8394494969779367,1.683510769252327,2.0151462096195485,0.067563658930312,0.1503103804497443,-0.08796874497090393,10.19633905836866,1.3951588536951658,-0.2682664311954654,-0.6695885440966294,0.6434707868770397,REST,high_fatigue,7.258113465409265
3.402168674013839,24.779027551569158,71.57458016909709,113.76547263093362,0.39589193961379665,1.1467564371004193,0.12550048425881238,9.61982815057658,25.096994643159555,12.82655785906192,6.1757646816815015,0.2038720181126462,WALKING,normal,28.08561988774851
5.4000908062457045,67.14790259209909,-72.75628410765593,-113.28817390945201,0.9512937782432801,0.7537139960674917,1.696032908687647,8.669263601855722,13.673047379913847,23.23039679891956,9.975567824009751,0.2232144438723333,SIT_TO_STAND,normal,59.0184775031002
6.39812086969806,35.21554424713647,114.80880573881254,53.39685199304759,0.45519584067788754,0.4905920938526229,1.8268391249727745,7.908394814305794,25.81036671840165,18.400095752805502,9.730106396223833,0.4161768810714197,STAND_TO_SIT,low_stability,63.25178699864801
0.4025520038007223,50.66877784718227,74.04936141840149,91.93251845908215,0.2576312043058678,0.16953308822549745,0.4323068821617855,9.55010689965554,6.13835485838221,41.32260688692161,2.8568535111259283,0.06873570357152785,KNEE_EXTENSION,normal,38.6122311900721
2.4997823357658535,82.162935186876,-105.03847967350458,-165.58285376949996,0.8579144033220268,0.8284648552053051,1.4596735667508736,9.145991882303141,21.166781326779024,43.49944873545205,8.412892321027849,0.7316446422708357,SIT_TO_STAND,high_fatigue,97.83850588101008
3.2026139991068083,5.35445775177343,-0.502970598541675,0.12123183812975413,0.05031225622126453,0.08644775695789099,0.048532617815328784,9.387776288145874,-0.6124658659757051,0.02617290187812497,-0.537596970073859,0.04228854191113059,REST,slow,4.318206841109966
3.699574410288187,62.33623556431049,86.24708722958104,95.44594258973139,0.5202098920704075,1.168460622160198,1.8582058188852866,9.551585577824476,38.57041707960709,46.772475019949326,-3.236706322422707,0.24125006951273523,STAND_TO_SIT,low_stability,43.24819825729234
2.502238386608668,26.277612835251592,56.34691020091237,57.69212661255713,0.5522831241801257,0.9275771273178768,1.2610559019499767,8.16957254113008,34.487923561602216,19.66260285944565,9.125436715005957,0.22970969123035473,STAND_TO_SIT,low_stability,43.73598682597123
2.0987286659810054,5.204484132563215,-1.874486703743448,-0.31795807945377463,0.04741255170220769,0.1121230578316199,-0.04108791808552657,9.777877619844212,2.057980698900791,0.20656673267220765,-0.18489127717655962,0.6007479646429047,REST,high_fatigue,10.606803523405773
5.79918017871219,40.74816217293723,28.21686038882911,88.18564925935692,0.21102059266325857,0.11067198396891464,0.23526266955219538,10.170460628794922,2.7339556703091894,18.29565409013317,2.92975949823941,0.14148277823326338,KNEE_EXTENSION,slow,8.192748488293965
2.8001468000133514,67.2987230964923,-52.098604194439964,-112.52579690652223,0.17117523633661844,0.289584434644558,0.3150425410499553,9.764610876559995,12.358032173431418,16.222063887196295,0.7524710170466395,0.11500287921929955,KNEE_FLEXION,normal,27.544881445336344
8.898603427202097,65.9407813456894,48.17125355235315,44.98892038082529,0.1892943923463759,0.4485030445760145,0.6529810576994761,10.294322129933901,12.775277067172254,10.54147556653729,2.2895531084336653,0.6738801937256845,KNEE_EXTENSION,high_fatigue,21.68415357088464
6.800685666282972,76.93445443779638,-76.98162859506544,-114.28961003562956,0.7294557302277301,0.8269422332664969,2.027206865268212,8.343177531208926,28.605729163102346,46.50627708328952,-0.8612204178505404,0.2707435520493137,SIT_TO_STAND,low_stability,53.01697964006054
5.602817896213164,47.83489790764544,63.9529611885312,91.89964406557762,0.5012121408697677,1.6206771560836286,0.6805891254521192,9.11985052284507,25.65297879882393,10.106438030230107,2.8388779254828886,0.13112949842766305,WALKING,normal,30.414182358287814
4.29775320091181,18.400062262241835,-55.39198206249089,-140.60258994589086,0.24886064344157252,0.26854761142091366,0.9393773094325145,8.70570504131049,6.306153145067966,15.743418338682153,2.7574081711375755,0.1320410335250568,KNEE_FLEXION,normal,27.8017993989552
8.599517916740812,80.25860403091258,-103.84864226411479,-96.10010826733333,1.0,0.7835147267317536,2.5318065204993907,9.192992796269653,33.672894105187744,33.85101046456184,4.792196276950349,0.8105722790944642,SIT_TO_STAND,high_fatigue,71.79018412418245
7.897537465392118,32.14873551140617,40.1321196014284,28.733542641910454,0.18352350546090893,0.09104885046673644,0.31953925691314466,9.458446973172766,4.505609027058396,9.541920204142906,2.0322968703797155,0.2313385648159592,KNEE_EXTENSION,slow,25.85460074836076
7.002326038161677,34.590194881785926,56.1791305326478,72.66169879332782,0.45743128020212587,1.6128695657421654,0.3424211243251617,10.004361144774663,28.42829888266779,5.0632496525449,4.304383876267589,0.16208556111916023,WALKING,normal,18.538240189205737
5.19852853984031,9.639124815941738,2.093326948488366,3.356636874691731,0.03995082406611217,-0.018117738084982103,0.2943950058131305,9.056056967783226,2.777461269054447,-0.11825097291125884,2.005373219409534,0.09933180164096604,REST,low_stability,6.645312703264391
9.09912189217979,5.164950712993498,-0.17953127145674616,0.1481680410089109,0.04699450326241737,0.11828793436595841,0.01227296410898545,9.939600912646698,0.40691510431125205,-0.282687536123998,0.7426562819847293,0.050170112534463074,REST,normal,8.022532312959676
6.198978416495087,21.23786114379044,54.40467232847667,37.13623277010317,0.2560304863689959,0.03757612155842297,0.5979840701400209,8.860587820846877,14.95431191654386,21.6008187588691,4.249952025167415,0.07072835398493076,KNEE_EXTENSION,normal,19.31726825099421
3.3020943158069374,33.638097681250365,48.311081718435915,93.58518388836646,0.2229982677140157,0.09106347397461212,0.15830052957518032,9.533353905416085,9.912865736424951,8.029054557891392,3.517002688719309,0.1372065442859417,KNEE_EXTENSION,normal,32.68305433665542
7.00023970063647,94.01553165995013,-39.92062967328932,-62.78399425850693,0.5477717424732534,0.07613724202570327,1.0934088762964167,7.678438556850203,11.872361211857774,18.753545199982508,2.895267599950813,0.2701333723590467,SIT_TO_STAND,slow,51.88373362515806
4.800347107552813,108.63976836048623,-79.29606820270193,-118.95534193310067,0.4572839827795503,0.3645731989416042,1.0014434676124175,8.073771262045202,17.698864068715995,31.582296293978207,2.7792193903237665,0.1322489067980901,KNEE_FLEXION,high_force,49.2137100723415
8.497473611950742,70.3764949795765,-147.96646342368388,-101.81887773873952,0.7938496213295577,0.7601458513511864,1.5391946152626617,6.489728978026728,52.91546760735802,19.886714055148616,15.328133978250857,0.16319245835904955,SIT_TO_STAND,high_force,55.63686684493179
0.19838612176885795,80.72910632051607,108.714336968699,65.47377380371852,1.0,0.9384789658901306,2.309890507490126,7.696247899549394,14.622666002598294,52.20810160848841,6.743823857446259,0.1497461472707232,STAND_TO_SIT,high_force,62.385055108135816
6.798798801253446,77.20939873960863,-79.62119881484537,-174.18397639421292,0.32923366376238233,0.56968269133461,1.6182273271870145,9.109182638661366,5.836323817905573,28.76873324644481,4.696120137923775,0.7475100289211805,SIT_TO_STAND,high_fatigue,82.47580084755602
0.7000304007050909,35.13679853069284,48.37338186813405,115.68176252342784,0.5422311301344942,0.24206680499477432,0.8037704000786738,8.40053230721813,21.64205736456785,25.847586448156072,7.024506369869384,0.5923889945074174,STAND_TO_SIT,high_fatigue,53.962594059393936
7.69747565007686,37.842886212045705,-94.5009228705409,-159.6221027330162,0.43670747258531084,0.3388930309898444,1.5758445379944253,8.371577568100829,9.985386137966067,11.963174574649459,4.0016898791302165,0.8216867257623686,SIT_TO_STAND,high_fatigue,77.61122009238966
9.699522442435503,27.306997683870723,37.21426189325427,64.13106633879859,0.32980097345678794,0.32175976772757275,0.32184033709991033,8.840980954679003,7.641386911898098,6.401872194941966,3.2759786664337414,0.14755510468510769,WALKING,slow,12.698788439637427
0.5991006803700795,43.49560760486736,67.65857234517445,103.60006142538342,0.2618894813747818,0.12436508223262348,1.122208572264245,9.593817436426365,7.4045476968379536,16.270888431657923,3.3341452828520883,0.14630759374547117,KNEE_EXTENSION,normal,44.49840844873443
4.8008877732606345,11.941206183753879,1.4987763940662568,2.8662964224933396,0.09753241887621926,0.3733658788098689,0.31308561156059034,9.939060999241248,2.7301816575730076,0.7400844301130047,0.25534554391321507,0.08759152442947878,REST,low_stability,9.302573920143868
4.398497725486814,39.863932543367426,41.38247467993386,45.798731046020485,0.4861257352119341,0.3466632144830024,0.473997387986902,8.938297422309665,18.5076405887373,5.839832170412617,1.9989500399364681,0.3317094522639974,STAND_TO_SIT,slow,37.613700214556175
4.6000473231817365,41.48221559343821,-5.343292403173311,-37.39485508515462,0.3276593208426217,0.1521669206269478,0.6830819526514136,9.753032797669707,20.191719834638523,20.489017981438053,6.9187110199324975,0.2596783026611523,KNEE_FLEXION,low_stability,22.294457628564405
3.0973529333119236,58.37939659372878,-63.06239887806181,-49.826420971304486,0.28485609924463634,0.217875404831192,0.5740425544675697,8.913591682003608,5.524370566561194,22.169312258346803,2.6362420387195384,0.583125918289046,KNEE_FLEXION,high_fatigue,39.03867989959469
6.800900559135851,42.22502537527437,-19.192253555967742,-65.72440783604645,0.2027413369399053,0.1960508414807743,0.45730759519830727,9.271806378174762,7.718037977873133,3.145979590675495,0.15078893890341866,0.12214074965808117,KNEE_FLEXION,slow,19.152323942492888
3.7003849047294337,90.07773945686384,-43.89594419579184,-112.14698120694779,0.6336571236893928,0.3680387235591031,0.829570253570688,8.406420538253272,4.970381500338178,21.141174275283785,4.359930583377217,0.20316597964152353,SIT_TO_STAND,slow,58.082223423698174
9.69857882551012,61.71160969663052,89.72970142071631,145.11154730949684,0.8751932074546875,0.39600473618186016,1.3809314354031754,8.681483996598562,20.22742877076444,47.9098972688432,6.853032177076088,0.07277431441235824,STAND_TO_SIT,high_force,83.79268260964348
4.4009676729761065,66.90861324715509,71.6582726463222,83.21744274551116,0.3481790175155123,0.29054622237061756,0.7570983350891602,8.56059483563751,12.987742428242967,27.221780864963357,4.212150384453825,0.23671240372301122,STAND_TO_SIT,normal,42.0013545310202
3.5999719392506777,37.278751052815934,96.20871482455743,148.21818327434315,0.38795932662831156,0.3902315316098806,0.6061910677318071,7.9507689364757,16.750406348509912,21.02137325434035,4.423751688134024,0.1561299457796228,KNEE_EXTENSION,low_stability,17.846496721678818
1.997219473720939,62.96083681011275,33.45769982217688,112.00830661028624,0.21424486286660407,0.5353122151479,0.8098664963535197,8.428820744823549,16.67383437282654,22.607421692111487,5.744073920389122,0.28254523689125843,KNEE_EXTENSION,low_stability,27.29244108215766
3.901171291208366,84.49354049001481,-41.33982920092069,-93.89970440227097,0.5448371289507287,0.7876160279179111,0.3310581602557889,8.185435646203745,30.372399042376276,28.272103912627596,5.802103534301397,0.41972163602584567,SIT_TO_STAND,low_stability,66.48951719934392
8.997370812924908,56.864974060848326,-67.6220300930659,-81.33038260640389,0.2717236325334097,0.05674837629148714,1.0572590490134377,8.392864707203081,5.772776497153045,22.438377539861442,2.3982557339267587,0.7767629906127672,KNEE_FLEXION,high_fatigue,42.212498074057514
5.299533463583096,7.198573248485996,0.14488605923303996,1.241852513792133,0.04005977080658237,0.14182223447045728,0.03233892473614958,9.948470105411545,1.5686909905694186,-0.0033049452730393274,0.38186194927587835,0.7009973649539056,REST,high_fatigue,9.85414742352506
1.2983572913695622,29.00227451132267,51.04189023160562,104.45693259392671,0.3056030538795962,1.4630214764619918,0.36173669084598215,9.051345058452542,25.63360822934297,4.668359684875371,3.596869190091639,0.5249000723910434,WALKING,high_fatigue,33.47816235589569
9.897238558798792,84.10633488426343,-34.990565118086,-74.00567996345562,0.5510931859284317,0.4267485442409194,0.6289823538773778,8.614562524364441,16.92685187408212,13.841328449825705,2.9954324447115996,0.27188561801870514,SIT_TO_STAND,slow,40.15670379444719
7.396670538785672,64.21218048995668,-133.3651079112927,-180.11523138420796,0.8906711041036445,0.5594585479035052,1.9940562911932387,6.5677404828950205,29.720433245548058,65.8237097157785,9.691601248621291,0.2941035671076584,SIT_TO_STAND,high_force,81.05527946350897
6.601210318097648,76.17348287405956,85.11645479253473,67.85737552434996,0.4622125726554001,0.685666778986797,2.2871022544479858,8.556444146307662,30.467641770143185,26.088169422074753,17.867646355583638,0.2831149587532076,STAND_TO_SIT,low_stability,48.372245162521686
3.701141074072277,3.480851904109203,0.8365555326752742,-0.16792489926740264,0.05877459299701698,0.045585862676241914,0.05733155659105335,9.025772282248747,1.4542861167911496,0.7172176614305217,-0.04417691512988744,0.03884457308021153,REST,normal,5.11168350926473
7.399931526365514,44.413308895810495,41.4379038294409,94.62772256738862,0.4013245066366975,0.9124557075143039,0.03682570383582404,10.198969735565825,22.875712051482463,11.238901290129887,1.2404981418240677,0.7004043944968529,WALKING,high_fatigue,51.036139721342174
7.000470017512457,38.83582198753226,45.1905286245687,79.40904143804721,0.5480929432676485,0.43734238963617605,1.5613482291071559,9.37231731023848,5.824678828316507,17.751214988871997,3.584914397122081,0.18443605093710433,KNEE_EXTENSION,high_force,52.8075227695758
8.300971547549777,33.155079654599625,45.13435448175866,25.852536795085133,0.4495961406519824,1.5157657466558088,0.6678907310486829,8.444487673242604,9.526718752595945,6.4388525052427665,2.8027059204482123,0.768225130532389,WALKING,high_fatigue,25.54763736338196
0.5005624985932215,16.00659510831142,56.55222521337377,153.54516915449756,0.4195030327364406,0.7418444918038334,1.5954724206934787,8.54098288234188,13.54580944822241,25.691830612071275,3.8868477176476963,0.23166091460912447,STAND_TO_SIT,low_stability,52.35328471305465
6.100694758426687,88.25395305753618,73.8628523646572,96.2418169538751,0.5842316376811192,0.3482320334669221,0.966621231656236,8.058741773623805,17.84515486278101,12.663418074344928,3.2780291076288917,0.7610017642799835,STAND_TO_SIT,high_fatigue,54.74522519704592
1.7979756120613961,128.23079954547663,-66.14227237943686,-67.99629503329463,0.6622627099968617,0.6756133876298622,1.2792968177014492,9.271523887146186,31.568391123101428,21.306258046613504,8.335980241224963,0.8581631398537627,SIT_TO_STAND,high_fatigue,77.98430667083156
8.397800418576487,70.17749452989737,-87.4601599180609,-241.14793211990687,1.0,1.1012149256772723,1.6196928920489695,7.487563863274331,23.967354333961765,34.38500938355424,2.7781677215600427,0.16554399666104158,SIT_TO_STAND,high_force,88.91177721769441
3.903103760240245,6.248809212643421,2.914458239766739,-0.5247133412873183,0.061644878899384165,0.12193878496939697,-0.03953396513316926,9.364113533732072,-0.10862255394107727,-0.1627995454482133,0.4321777158037435,0.06354802737384604,REST,normal,5.011388754864377
4.0001541157428955,20.43039620159061,100.30731237187433,64.13867627697451,0.2486989073229767,0.226707673682429,0.3738591652112464,9.97186698517689,10.275764964780455,27.57929285961826,3.239591716049308,0.06822540948875105,KNEE_EXTENSION,normal,23.56199532593684
6.901701721807719,6.6128417428169985,0.009696523431694321,0.2381909555784029,0.04088276399096186,0.03820492980604429,0.028623235574951552,9.70811405710782,-0.42155842816253,-0.5945912497420657,-0.4092370654008923,0.08249394555302694,REST,slow,6.872800834029294
5.495427775728911,43.165243462944936,-101.55595762412652,-123.02751479257165,0.6652468341491968,0.37993166554836644,0.8827982226675624,9.247103701798547,28.77498931720077,30.541178008451546,11.428332736552326,0.2989710583937268,SIT_TO_STAND,low_stability,61.361052369742985
3.7013456770251936,47.60372333781068,70.11099676303974,138.98533758392713,0.615200799345905,1.3666264533702768,0.5804578528682237,9.9012723194159,35.19586456994412,19.582501709894476,2.12938882720931,0.2897643673859195,WALKING,high_force,39.42734111614545
9.002382463545874,23.902377193786908,86.00031884115852,103.87575824066451,0.6048024301812301,0.46197090353264075,0.8863350057564676,9.673095098374219,13.086086387688676,23.04134199329326,7.049899126934234,0.0943529289137105,STAND_TO_SIT,normal,44.92141967011671
9.90108168318856,22.198656227637656,50.88169646357601,70.14621606509952,0.22227257963860278,0.13385761110752822,0.32941783650655654,9.334437306685816,4.80023008012652,5.241067717511124,1.932702367762908,0.1401998331143129,KNEE_EXTENSION,slow,18.619622720947998
9.694396508907124,51.79263227930392,37.976252089713675,111.71610811342843,0.6657307461729045,0.6082224899941268,2.507839586953128,7.154544643211131,17.656103024233268,29.575999982325335,10.79013289970282,0.3522367629792006,STAND_TO_SIT,low_stability,63.247170227719046
3.4023946294685747,46.83385277557462,33.991447563747506,57.342506631439385,0.31457958365841815,0.5453645557380429,-0.012581223220863753,9.98156908520928,25.96872468780918,7.658765626964054,4.63636317165786,0.27949330859124544,WALKING,slow,15.502675182862179
4.70110574730791,46.159707320949835,54.658569148377126,47.27015674678539,0.22266319602300133,0.14201604009971897,0.1588184162347805,8.739760252214946,0.6848719836851784,17.897141072654723,2.4952677145819933,0.07570707854959186,KNEE_EXTENSION,slow,19.504002824925866
1.7973152276863125,46.31103481817687,88.8290641678222,128.45665194992333,0.4541909017238721,0.09828317426272248,0.9043364667168394,10.012225897803617,19.62779043200306,14.119610841296389,2.9797016534010767,0.7053074516812864,STAND_TO_SIT,high_fatigue,49.95279803554729
8.997512641105759,81.65606126713044,-111.21855095301491,-156.07187600878862,0.9169680239909328,0.15387842633958462,1.543144887600727,6.1441387364206195,24.979256169792485,49.594249221245505,10.666807228439028,0.23612727135452805,SIT_TO_STAND,high_force,53.03549903888461
7.998225752462319,56.422158092199965,-37.30392406341015,-166.2511030531841,0.701612135230306,0.7130742473165403,1.741668253420416,9.767253640043105,34.62004082810366,40.56837517509343,11.269870444325319,0.3768659895841129,SIT_TO_STAND,low_stability,76.2756442794451
7.902226000412093,35.32542561976951,70.87414059180803,112.51667712638026,0.38296509497323766,0.8459677066779926,0.8890345014224035,9.679525160462088,43.50935347024848,8.991844053155083,4.433384016162785,0.19390759559619117,WALKING,normal,23.02153195513956
2.8017201790285324,2.760611510446121,0.43043236258221873,-0.4382571461871691,0.04120030032167427,0.14177149100704284,0.18625931004016966,8.863782321613424,2.6739187067003427,2.6853499343830562,1.6056470152286666,0.04137185839736244,REST,low_stability,6.644579666684376
4.197364238287177,67.45727273521742,49.57662885521913,61.6268353384822,0.5490218867220664,0.2725606286201395,0.9031640741129447,9.049813872621971,11.37954912901638,16.61067733252391,0.16087231820645476,0.26722129128927813,STAND_TO_SIT,slow,28.690980915755063
9.198587858524236,31.059181946389714,59.5869783587106,149.71430723662922,0.4223744188360867,2.427059456337821,0.9990086581979579,10.365455620219425,28.496617062565196,-2.1018891902248473,6.353542388926225,0.28085191225639333,WALKING,low_stability,14.041690437071384
4.897252537388627,56.55927259757601,-6.854635414062853,43.81193100047654,0.5386630327636175,0.5239804146370739,1.2443393075483322,7.578902947617789,14.75380692425429,23.763129938506175,7.672043698581674,0.30191941174667164,STAND_TO_SIT,low_stability,54.95371182848432
7.99727116015223,17.770413925140886,63.948605631526405,111.42993933191237,0.5947981829685145,1.7707183410501652,0.7380715305592123,8.9123764091603,38.10765483862537,21.251173195110248,1.6127740008288132,0.14315551026566448,WALKING,high_force,67.8953724484655
5.898347313646343,8.143773960776226,-0.9621840178200031,0.7475246658068659,0.052447594894184574,0.04358589707448858,-0.04447945302802683,9.716419965560057,-0.15496910909461728,-0.34900770589342434,-0.16874795796054165,0.08331224300465304,REST,slow,6.544422954705009
4.4984011739922956,23.139203980093974,77.78164248461188,74.91748241819079,0.4818678525301675,0.03429942983840548,0.6513497174042017,8.719383273744588,17.941289938049117,11.276049681805473,5.052493707561716,0.1547447103633694,STAND_TO_SIT,normal,32.35296013296656
3.3028924484266993,35.35932347821792,71.98647911045623,76.68800320372847,0.6176081095388947,0.47511254339446285,1.3927824959266004,9.712765980673469,5.151776917435157,33.81784675931133,5.311864910329165,0.6303782893449922,STAND_TO_SIT,high_fatigue,60.957782992806834
7.799424027647333,27.95394557083243,51.3606033024793,45.46195221722904,0.23138805956796407,0.08945483860860479,0.382304165795884,9.390923088528321,6.649298793279058,4.639530672668399,0.6210754138519944,0.5407172651867104,KNEE_EXTENSION,high_fatigue,32.642205937025764
6.100194826825916,4.554701584098561,-0.7256112256643507,-0.26595138606771657,0.05480472996185201,0.0545307473794337,0.016467081593956275,9.387963929859556,1.4054527805291257,-0.725025547034585,0.06343794760386229,0.07908100362914916,REST,normal,3.910218057293583
4.903043577946471,30.10844776476408,50.03391379274677,159.69463693606443,0.3120547363308884,2.8292731521729353,0.4141804614961811,10.18772275366942,55.40257263762753,13.944587595080911,12.076121330837763,0.3694957933348487,WALKING,low_stability,20.281597794625437
2.9000331651886846,58.88229236539527,-33.81339748736848,-64.87997354273887,0.24887039470939026,0.1211212502905073,0.6724275939068688,8.000680836934807,10.608288131895911,9.556794796835417,1.1740681836353741,0.21854902985922198,KNEE_FLEXION,slow,13.641454829079507
9.201484553437913,14.836524946029124,66.11922912582126,79.01716714713301,0.12056252250978518,0.4040148108601674,0.30704808182044635,9.95246815535084,19.30623368896648,27.179169371795194,6.440403056728936,0.2419452345941025,KNEE_EXTENSION,low_stability,36.13874020607901
4.296237213358921,94.676328034192,-102.48601695801133,-206.73449018915693,0.44315967396854544,0.633189796574998,1.607774247842496,10.014699206834168,22.00218874483663,14.833040164431763,2.786787854795855,0.1898227205263047,SIT_TO_STAND,normal,48.84061960728555
9.602802954645586,107.64134754009429,-58.85293766092875,-62.953592197699315,0.3358490044030353,0.28673997733323814,0.6674498079399651,10.025224595156716,6.4388516900412585,25.328164818112214,4.05915464981096,0.7712094665802658,KNEE_FLEXION,high_fatigue,35.942101198143085
5.998546045139262,71.9307620767363,-52.95614251804219,-166.65897801566763,0.4880386661922895,0.3789953307463354,1.4880575713633646,9.240123869932084,8.220969165602211,31.870617668088965,-0.4603524342531224,0.24823174018742283,KNEE_FLEXION,high_force,37.500964757116186
2.1050882998199594,36.73195167439715,-21.137682127645906,-52.53517336237952,0.0690200349824644,0.14769749444951732,0.7969892156832804,9.261574367197014,9.337604235559619,12.542185384853461,1.2715733352037697,0.150253765073376,KNEE_FLEXION,slow,18.56256584078191
7.00168671743588,62.26243445168816,-98.15908330194033,-120.20233442722576,0.7392485717189938,0.6247902553709016,1.4536096856247864,7.829970374909964,26.438543298686433,32.32950960307223,7.19286596640367,0.2411424549184793,SIT_TO_STAND,normal,54.29023265492611
5.300603941485039,4.447041742642095,-0.48651799789359135,-0.9879961423126574,0.06527165615749446,0.20108427550564445,0.10190714491622109,9.2728192363333,2.1699858307357984,0.011126373204864148,-0.5875124458548803,0.09890260290117833,REST,normal,3.315550919651349
5.802273737266902,2.7973597529160723,-0.9876387444887491,-0.5391396916504791,0.15992643073369114,0.10903060095810488,0.06688468650247639,9.331326579640887,0.8437681298096804,0.3125881844649828,-0.2873449112138349,0.05014769948260652,REST,high_force,8.965374107145484
0.5032488773665827,32.1430942646846,39.317767424770125,44.4547264493504,0.4337525649817929,1.8063772472538404,0.35411487254925694,9.156695305288581,42.772547710015424,16.684312946320606,5.3071453931983745,0.11860372234965906,WALKING,normal,26.426460825268396
5.202509044955254,45.21309043694298,75.29235292453194,124.40299641296788,0.43658998375123026,2.1923038608854166,1.1989748466605425,9.482526355317168,42.44746527097071,15.011290471629946,5.662367212299276,0.2376006729471168,WALKING,high_force,34.20047313698824
7.803097693197906,55.634150907652256,55.99117692314062,89.91569528030239,0.5685368075102673,0.20685342098710427,0.9996769689876485,8.580158894085178,15.00836827546371,33.22310946163647,6.327767785668397,0.7010258444917643,STAND_TO_SIT,high_fatigue,92.8060622602116
4.70052829535304,13.679685640491531,64.38709992176275,64.0892449849543,0.3106846204268103,0.22701648714905884,0.6028813882239735,8.63813986109175,11.775148317080957,24.453933696816673,1.5141060906422368,0.639775476161664,KNEE_EXTENSION,high_fatigue,29.468366177850037
1.001305376191041,24.139646656807045,-22.36131211582684,-55.783096313682144,0.32644734128043423,0.1898460806920063,0.9907609242635271,8.869284529273386,8.559032781870405,26.655336631512345,2.024395940203255,0.7160431728591895,KNEE_FLEXION,high_fatigue,41.4119076947594
1.6988484856630683,60.06303480213863,45.97821341557298,54.65090414345286,0.48634144179080074,0.7669985802135969,0.7613508003017723,9.369147578965771,6.964750141572983,35.416414598784705,4.178826822977636,0.16806954381872752,STAND_TO_SIT,normal,50.69367257184105
9.701214590714407,8.713752584978021,49.796899376096825,14.576666179205045,0.23904787682668938,0.29184991774238006,0.9048071209745403,8.183083247687254,4.816450172843199,19.857435274192426,1.761316437684437,0.4980323313468576,KNEE_EXTENSION,high_fatigue,36.59185501447493
7.303777162407829,26.85342566468229,-65.41906665369268,-114.24144164996767,0.4482844549994192,0.28144942329294287,1.8181328952134856,8.820042780265895,2.2498063473697805,15.318842573027752,3.057480747414279,0.23721658699625053,KNEE_FLEXION,high_force,53.0508544221106
8.8987319929452,96.3254182420756,-45.25552041347845,-113.67964710083174,0.8638224007380766,0.7400730488276611,2.5913493923613498,9.78406764607949,18.406635241825107,27.51058189040677,15.708672506324708,0.36240395382074814,SIT_TO_STAND,low_stability,67.8295930260815
6.6001535199604735,54.59279780640739,-109.9448854007367,-75.50619764541985,0.9470906260834333,0.2899915795216937,1.3694294215987173,6.8658432871424955,30.656012405311515,33.815960149353344,10.80401831587305,0.21008216559990023,SIT_TO_STAND,high_force,77.06014360948033
6.599325946602888,43.73413028509553,-69.50975048055396,-67.77092228216218,0.1747365740306931,0.19375578317268063,0.92039663748959,9.033378049029794,8.613677510001667,12.702443676755815,2.1117417389050637,0.7095751578643632,KNEE_FLEXION,high_fatigue,31.41759513736916
1.1037854948546528,39.89794225800066,128.3001469710127,182.91654463875312,0.8874794963030485,0.5961546768470203,1.5765263577577702,9.520120700033923,31.497880494758626,40.745686696214726,4.314269848637897,0.21409606570723086,STAND_TO_SIT,high_force,69.66237559211635
7.097218590839963,48.10095412492003,66.89205982971302,122.1632197683475,0.4793553341648722,1.8831953731977555,0.6045724654739867,8.427815563411322,42.239445629020594,14.770015522379794,6.583438717760537,0.17402678246176848,WALKING,high_force,62.245034824886744
0.20199181547848785,19.625961282606234,82.0512274893826,108.11028942667843,0.3242210677177444,0.5355025704620151,1.0428706161120747,10.478062211680017,19.734397086117752,15.995302850618147,3.824989481020691,0.22962228816403343,KNEE_EXTENSION,low_stability,44.043874375715156
0.7017067337895485,67.26189224726885,65.33856547699871,51.20396108778435,0.7107342198107788,0.5652250921027484,1.04613161119626,9.824458558947871,25.88353457126904,28.944810962626644,8.04151342393814,0.48092476687722635,STAND_TO_SIT,low_stability,44.48627224570332
8.501855671168178,54.508529193760175,33.453283067574205,48.29264617573642,0.2914157602387501,-0.07754899776016873,0.5608646968036272,9.723642475984507,6.851198160512134,9.664093689617836,1.5293280923122847,0.20165304087710242,KNEE_EXTENSION,slow,17.885193657441903
8.502296414560398,88.75156918683577,-144.45205810416292,-145.26507720921808,0.6433612873261929,0.935434516184044,1.2065477427339846,8.345936866991913,27.618119276701066,37.050678168077354,5.858789294648514,0.1484462908481011,SIT_TO_STAND,normal,40.78272264506623
5.699625102993801,52.93586273550398,-75.08315702412214,-99.06531946910252,0.632779863014363,0.06833864190268796,1.0720511654127256,9.15420568938704,12.495343547573658,53.157093376815276,5.284372915447495,0.20271906303545573,KNEE_FLEXION,high_force,43.477560236891506
3.201557352311631,87.8911609959156,82.16030821297102,137.05248223923752,0.6088751276716131,0.30205638256795,1.7393835063912897,8.599805575191963,6.8182506980361355,29.82988420876973,2.922983597961544,0.14677405492564288,STAND_TO_SIT,normal,52.42505187843935
2.4962945810177706,79.06347335312417,-20.070072857431732,-123.92875869856015,0.7618713386101608,1.116937398303978,2.917365860403261,6.202696628014159,22.702662586344037,26.946958144033236,3.378942000210364,0.2692711874112853,SIT_TO_STAND,low_stability,79.26603232410993
1.8989670770401863,45.07059075498414,-71.15000704553874,-50.636926052616936,0.11994836600740949,0.15342240006100533,0.3320773302002652,9.087677056987033,5.579707582096724,19.762193274153788,3.1754842469527995,0.205093990840238,KNEE_FLEXION,slow,18.060653672960918
1.1965310381035423,44.065542120813696,75.45830878535588,90.81046765247552,0.4625096343301672,0.24587747597252124,1.8741944613098802,8.183760549912469,23.421683929260578,8.644401007830997,7.005221282824632,0.25538014671086945,STAND_TO_SIT,low_stability,51.99835027681373
1.400772213599719,62.00813767644124,88.05625129492448,141.69669763310765,0.931642306952669,0.6296136232998703,3.1081090320589198,8.094203618962796,19.69190717937824,37.866472705893194,6.779944260756101,0.2135332521252446,STAND_TO_SIT,high_force,61.98214659634975
3.401971351633981,59.71410871290182,-73.49174598517683,-110.62814059795829,0.4097213208946634,0.19943413657504916,0.7581604468342815,8.732052073806917,7.0311594873065175,12.709637964504461,4.122552737080934,0.2231594487786704,KNEE_FLEXION,normal,29.349495426385968
2.298598563441985,84.65492651540502,-55.76929992784106,-72.50288004526482,0.25784156184886614,0.008276633305932278,0.6243671626251522,8.99918029162172,6.659830021052066,23.450078742508722,4.141056040265101,0.6345167217631155,KNEE_FLEXION,high_fatigue,46.75714217365654
3.3988718227632955,46.807427027500424,-37.310368448324475,-53.33664610861413,0.3821137496355481,0.24460560253078076,0.7274239373732819,8.888210376833339,2.3246633717102143,26.2932363766494,2.9098811618253926,0.6593635975311464,KNEE_FLEXION,high_fatigue,42.338656745366
8.098410030788566,60.41205269084565,23.36140267105813,39.322277084904826,0.36507737867423357,0.3017129715970179,0.47951977582794736,8.78071571220413,7.906794123849851,11.269669362664004,3.665379049064035,0.19492623182650656,STAND_TO_SIT,slow,29.525618028373614
2.6971837618326764,46.67197118332805,-65.44325981068712,-153.95848713572812,0.38768417025875285,0.48137990157056065,1.608049812788805,8.60409373762705,12.762347646281484,32.30736574342118,4.9783655784945475,0.24648573047955796,KNEE_FLEXION,high_force,47.0556947718266
6.3022423605274644,91.847441830017,-67.94104659851534,-42.320685215987695,0.7520207242198907,0.13006155777789882,1.12556867248475,9.207659945139584,15.051996277418445,22.97228772752044,1.1753224174769308,0.2854682353432667,SIT_TO_STAND,slow,52.62728674114384
6.298941316259512,22.797354240048325,37.08792575439297,89.38165954619124,0.5160964721999631,1.3227224320564277,0.5139320601230132,7.982828769523851,32.774463709798006,19.91925418659598,0.7463504479152437,0.7868867073535393,WALKING,high_fatigue,52.406640880570436
0.19763801561895017,31.466746366274048,72.88498697689647,110.03632417011953,0.29479225449122837,0.11352438616535261,0.5213976648330384,9.633002215884762,8.817827221500268,13.898636788665325,2.0787600861820827,0.7275066061410701,KNEE_EXTENSION,high_fatigue,44.97037663284924
6.19778230920812,78.24193152687293,11.692156825849278,51.66371639715384,0.3743971783120357,0.3349351363437495,0.6533995173787043,9.111294384390133,9.983156856893249,23.552437285856804,3.5763875630914965,0.17961738951091644,STAND_TO_SIT,slow,19.506462708087565
9.797933437545327,6.142995157984293,0.5921985592122974,-0.9347574163039913,0.07199354203947682,0.2024864158845788,0.15283632183871326,9.467930204804158,2.464995635224368,3.4015052381649427,0.9995775788262989,0.1127776689395833,REST,low_stability,5.951766496419456
8.396785598736601,43.80101690592411,31.77375289384831,62.60301682113776,0.5022938600565804,1.3335639498921914,0.4354553773042062,10.860876448993995,10.302605791831578,8.179183036310258,2.5227281399347823,0.1729216084492766,WALKING,normal,35.370067303494466
4.803686003253934,37.54881518211916,38.133135396419604,107.62076445691542,0.5019062724521297,1.5183914707822461,0.569044115888816,7.87300616104857,28.13077913935081,8.625331286209725,2.456008351421637,0.7104577146260769,WALKING,high_fatigue,56.93622229671084
0.4019746113881592,38.94900557007712,58.024295209378536,32.781762213323326,0.7233038926982682,2.6701392444371868,0.5267176667390343,8.587511585992686,23.471486767013275,4.808787021240981,5.442711502774744,0.2879957907909776,WALKING,high_force,49.01576587522045
3.1000015474184694,5.2700951885187886,-0.8221029347329797,-0.9917739296758885,0.016537752249032693,0.18838079381610007,0.004403685427422489,9.040776174710675,1.3277626043939874,0.2966419742828815,-0.040835538795193756,0.6079347884051719,REST,high_fatigue,14.16185673611225
9.203996577966684,5.8529347974658625,0.7321095770762391,-1.115089709375618,0.1338580510060133,0.034799553024004636,0.11081239920734468,10.115480933495455,0.12341487193415226,-0.10361333382804368,0.4659513317229459,0.04461948337546696,REST,high_force,6.672420603383504
4.498701880493917,2.682355148579925,1.3010157966759464,-0.2581153781951784,0.048310636785558095,0.05798510182621057,-0.052303767096429046,9.798142914942375,-0.186220483762725,0.18563932171175238,0.1684788959294363,0.07535265521246458,REST,slow,4.342160259333245
2.298409789395041,10.74124331723566,2.5738570738295765,1.7745198933120758,0.06295907516661871,0.4361743390287673,0.21707118784625556,9.64691661824433,3.5385680813586653,-0.02585715656844679,1.8170540212553294,0.04975161055073933,REST,low_stability,4.519986856200085
0.8039366840893301,62.518725868090755,-34.297835637820484,-51.21981592632008,0.21825319808828073,0.21390441277553124,0.4619727606762665,9.083038983336735,5.660154280596228,6.007516825750401,1.0950827596853254,0.2304176543486159,KNEE_FLEXION,slow,15.549860034681238
6.496742744624488,88.64161932085187,-83.40214848900038,-35.04126459233721,0.7306427525677653,0.45638753910319974,0.866326591159172,9.109673041367923,11.439665777696568,22.871500667704648,4.645042799897243,0.27894185762511936,SIT_TO_STAND,slow,53.94539957840779
5.197808547948404,69.46514520685666,-122.8367334749296,-106.14461744797427,0.6640564251468323,0.28065943693801076,1.2424749968239066,9.776051726592698,25.14042708759997,17.654359592163743,5.254249041002608,0.906554204827758,SIT_TO_STAND,high_fatigue,71.80712145448884
0.20084045341894918,6.651382118287479,-0.35637244255735984,0.09471500911743591,0.07056757633146776,0.14171765934125163,-0.036043528636931124,10.11953222624813,0.5067092086353949,0.16937142929990293,-0.07348109400906967,0.04171053868328283,REST,normal,6.795041141224648
7.598812089704505,39.06006626621868,61.78140051063337,89.17014697917696,0.2791729018406009,1.4035140288017895,0.8008152999481563,9.068584985156711,24.481108214265788,13.537334296872682,2.5880519329893166,0.2289355885653,WALKING,normal,33.20446684574161
5.700230687722926,51.538109812164755,51.193081398336496,45.92232524645658,0.15630116090011595,0.17189944125789441,0.4919421540485259,10.125769484466794,6.573404713369567,7.859505373890981,0.8601742961706236,0.13118910148436533,KNEE_EXTENSION,slow,19.789089667242067
3.9030197725091544,5.698442696800536,-1.4985823915682865,1.8366987696136545,0.06237933606262868,0.13453475850080376,0.3224300101148835,9.813108315009249,3.1917328209838254,2.5100363805380734,0.7948359232182374,0.12305451212021795,REST,low_stability,10.925790527561093
3.8997698057321313,43.574259052233195,78.90991825914044,140.42334250213915,0.23435786297699723,0.34031873099758037,0.6691291411823314,9.83346646924308,16.644386571546136,15.388928282960956,2.3219670346284214,0.1178489611195413,KNEE_EXTENSION,normal,34.09329422513188
3.4987240834818327,29.738119829238677,36.09350805869078,118.6910917632369,0.30233328587545705,0.09513185669120293,0.7037104888188945,9.325783821929624,7.462388984178025,16.473484954713356,1.5661958567153547,0.5782692417912757,KNEE_EXTENSION,high_fatigue,28.901568170646115
2.502693541338128,25.56138799351455,46.984646919190915,25.98921089124994,0.47447347682073426,1.2727735811189382,0.5119317312677792,8.903843226953049,25.98495479703196,8.959490001498871,2.7598122710357984,0.6451734540871301,WALKING,high_fatigue,51.64752103904715
6.496701867337282,7.943435517586568,0.36900677437730206,0.09185221555962739,0.14519101436847964,0.11627784075952692,0.05878337049930449,9.976328710702663,1.9829407066516762,0.24289842241838253,0.2550427685574252,0.04809003853380712,REST,high_force,8.397558157484173
7.598635512407735,7.929969028802103,2.074641457891538,1.9009820652927691,0.1285157091559419,0.09976025327458861,0.1033678295441747,9.705140072979198,2.70104944772487,4.4530242166056455,0.7912651630010067,0.1518913837224771,REST,low_stability,5.822455281269349
2.202710769904179,47.318022790899136,-54.36844355917656,-87.38676383738029,0.31133449795900187,0.2545836960341521,0.5854677244051909,8.977697125283425,12.449739905557198,22.945355114594268,1.8474632257718289,0.16466540778941197,KNEE_FLEXION,normal,32.718587642455056
6.307438302961342,79.31424136281709,-95.0585017873591,-195.2650113899187,0.6642795923441926,0.6328122792039217,2.0310656182681073,7.745108287045401,24.424000498954737,33.436585344143715,4.578349543426348,0.739744139602203,SIT_TO_STAND,high_fatigue,75.13172787781409
7.104895605507187,3.702959542903266,-2.6539770408515864,0.1622972778821331,0.09241332634124089,0.10751798807726858,0.09666515519033896,10.418456369118434,1.1816146682107762,-0.23855173473366276,-0.17063497921565646,0.057722938019843816,REST,high_force,9.755418372383229
9.599856518825222,27.645526548813162,35.67217176223176,18.507686545507134,0.30673497383616494,0.658129939884891,0.15632174626701376,9.027738623228764,27.607490445761005,10.285810999332936,0.5810350380982614,0.21564415537983053,WALKING,slow,19.96284383294038
7.299720017514086,49.42981257403496,62.948209641881924,97.56403124715943,0.25917597000072384,0.28108380092893687,0.4251647913351507,10.658847069917586,3.3462081836780273,0.598762788053429,3.692938234574,0.5823485366414082,KNEE_EXTENSION,high_fatigue,32.92295699832724
4.4028781501669725,5.160231872702634,-0.1858110272916661,-0.03390018136192502,0.15677239481739796,-0.010983564006474444,0.016078804077747647,9.595148444797072,0.9274683048462088,0.5810161723994928,-0.03291046542547743,0.07259161708454918,REST,high_force,9.562162696105217
1.3011771102556027,23.666535523729706,32.17382438266117,113.98125726911104,0.35533994337669456,0.5155370890218625,0.9379717581993711,9.150786900080305,15.26849091122583,18.317152914213644,5.7755085680329605,0.25505777330805934,KNEE_EXTENSION,low_stability,33.93606641579743
7.597354126114194,4.747328265609057,-0.676432654627873,-1.3067072637515131,0.061610017377714224,0.127993936968611,-0.057141822173385794,9.621823160633385,1.0217976393034602,0.8637276454439471,-0.10212981131252687,0.778348487018686,REST,high_fatigue,13.0981393484442
8.50423863024204,39.199830439521214,99.03934263501166,69.15862784714156,0.4855076641096287,0.12913256449949495,1.3970841624043369,7.815192603454739,15.919888401202007,-1.0727446208535736,3.622663833618611,0.16252770071539904,KNEE_EXTENSION,high_force,39.059792177389944
4.301077389734571,16.917013609262014,38.289029434817,102.60877720736619,0.14172048450091712,0.6022511924470972,0.978334581007374,9.461602067986707,18.231068990197304,19.19658140014743,4.490420999684405,0.2452161045137945,KNEE_EXTENSION,low_stability,22.80670230395826
9.795345110248139,50.86752586952526,-62.34580676734036,-76.15349419031953,0.4046681145424269,0.30757939980885995,1.0423905751196008,9.085628101094569,14.598257948384802,20.137471017638056,3.583176839313864,0.19176509230916639,KNEE_FLEXION,high_force,43.7693957519773
4.801316507247997,81.79011702627552,-43.90766452987853,-73.70097677218449,0.32141241079210564,0.16990017716315026,0.6886341360681689,9.053488171804181,12.330251094100374,13.076168815772466,4.008099249729725,0.8281364527539079,KNEE_FLEXION,high_fatigue,47.31575773802369
8.30018816831438,47.66368505199621,83.95564425541073,140.9058605604318,0.5335157269584239,0.2370518543167821,0.5392820516471917,10.309832886582512,14.897979486509492,33.054194410718026,6.560177399288326,0.1541985651197243,KNEE_EXTENSION,high_force,53.89843967851237
5.300562356594638,26.94257693201373,65.04240795090675,99.06390409365301,0.2763763545231051,0.09600536268273889,1.3339302224053662,9.756460555706214,10.651945408638799,18.853330975298213,1.236117143439128,0.6119593784196827,KNEE_EXTENSION,high_fatigue,40.05235904905398
8.198222011160066,21.167888034169575,40.3955223827016,56.641753061043474,0.2423243503848653,0.22281937706751412,0.6178073752441953,9.214936433764121,7.724089273683937,13.725723951673881,1.7816259177127518,0.745214168591181,KNEE_EXTENSION,high_fatigue,38.27327572408718
5.899486257370426,51.78350823631993,-39.51784174890575,-58.80081607392214,0.24149641573027517,0.04543629914821479,0.598145351647766,9.971906275531403,6.713715976205318,13.863284581456568,2.9654411223245076,0.16463582953422506,KNEE_FLEXION,slow,25.668834279387276
5.00201822381251,1.6331108688516953,0.8643334751168681,-0.32760849911000856,0.1818961446155049,0.12275918557756017,0.1854324879091573,9.692982947119907,0.762263512473993,-0.09963768897718159,0.36054825557283093,0.057868316103610457,REST,high_force,9.164410769924539
1.3023868026528853,8.421721215660837,-0.24189964484654972,-1.5160500539292388,0.04933675157241475,0.18169876957856138,-0.010935104546545595,9.296698052422226,1.206226080960273,0.37294552583878937,-0.3634698122985334,0.6362809774074895,REST,high_fatigue,16.50798200772505
4.498188408126878,37.95864163622959,58.454388182404955,84.27198605368628,0.3875012315390657,1.580175426814113,0.4886378405607567,10.454437220004577,39.76175282466477,13.24045733792889,2.328568779587243,0.13512042848898356,WALKING,normal,22.39732851945165
9.301590862368345,71.83491396176316,-46.953416850231775,-29.40305169549493,0.6277517903665679,0.18270728888797189,1.2810512113855292,9.861779213316634,18.436336755114187,21.259785475482907,6.783107293914339,0.23857243715137932,SIT_TO_STAND,slow,37.962070638344834
3.800224469363684,47.176705470145464,81.41943574290802,49.83342546772222,0.5830386235961719,1.1127223191908087,0.28610258147232825,10.204073732874006,47.94473909500323,13.381864509904695,4.855935189766937,0.3296514810799478,WALKING,high_force,39.160999265109965
0.9997790919773846,8.521867683856101,-1.9844438360284016,-0.9165610662185857,0.05687012165087398,0.2027162176767471,0.2686465259975688,9.543377460428696,2.989435895602595,1.5789640390189041,1.2628245830280347,0.11786160561936407,REST,low_stability,7.214616860157227
7.901173308416694,55.95488833157118,68.53625633362407,74.22492136779013,0.5681831364085683,0.10903734150895637,1.2562066108977163,8.649071205458693,19.793398006952415,24.32702934645217,5.636668130849683,0.8542729022965645,STAND_TO_SIT,high_fatigue,63.51834143217083
9.30189175417743,42.478952118399334,59.39500689811498,71.62328613125803,0.49796245266331296,1.4991052978060688,1.2573640125168983,9.62104917157961,43.641913293478375,22.014613341643326,13.95631032481259,0.16197416289415698,WALKING,low_stability,25.776132074153328
3.102244402692787,90.7419607964736,-33.28644950608042,-55.46472084961093,0.7138116419615427,0.45054523447232564,0.7084232394818213,6.871910822041806,12.574919462198539,19.962495140344164,3.4816205095201807,0.24947691104650802,SIT_TO_STAND,slow,54.095027703481705
4.899333400479799,62.708188957734166,-97.0003497843692,-85.98774643396544,0.6935019586982254,0.6509530432085865,1.0013621575609615,9.118903565655994,15.605381939031265,20.179122482734442,2.025283583670439,0.7413923572035279,SIT_TO_STAND,high_fatigue,69.16261280084996
0.6978801529926568,25.26329441092272,58.18145582044462,36.08773047466892,0.2799997704274291,-0.07401019547264544,0.410291624758681,8.658226001872237,11.265484365970126,15.010510884413629,2.4914168350647525,0.7054584317564365,KNEE_EXTENSION,high_fatigue,54.36936836457549
1.4972439814463043,3.7312409900213357,-0.5299456671669979,1.003413242933709,0.04545346917179628,0.11050828839298939,0.017126732891885283,8.095337717433909,0.40017195960957763,0.15466207480279556,0.5787906374610827,0.029579096786433563,REST,normal,5.236966149020029
5.001607520503595,78.6293500274104,53.501376728553744,94.60099021091642,0.5243276992324496,0.24257443991850897,0.6991263449782863,8.481349126683966,12.533982178955364,16.014899292608956,4.71201080895127,0.6248342619866182,STAND_TO_SIT,high_fatigue,50.20144107433583
2.096341577944572,50.71924122385642,57.78819663688169,93.13932710343832,0.5418173425955719,2.8858441664523236,1.076876969878373,9.71314064027222,33.4760843950184,12.04891102597469,11.719185706849606,0.14966513215905114,WALKING,high_force,57.50965117085132
2.001271334211754,86.99238891514088,-97.05919428401192,-72.32109220907863,0.7748407480603876,0.4077073624223062,1.3995187880633853,8.26995795345398,21.155428116523858,29.66407927857231,1.1151342678815035,0.7520777843352787,SIT_TO_STAND,high_fatigue,82.88126145110348
3.301312596722928,41.000646362092766,23.97158050122164,47.70473274043147,0.146931340765257,0.21167548064493721,0.4478948276146102,10.787145477856484,2.566783668998739,4.861905402079207,3.3546647342910805,0.04136659061139092,KNEE_EXTENSION,slow,18.56697969506634
8.099282896693232,36.242313156949336,59.00777553100408,92.88377440356544,0.4261926326217261,1.1355799611209392,0.5436247677442467,8.796501176015457,23.351478426770615,12.12152122743297,3.6151789176035742,0.676620236503821,WALKING,high_fatigue,38.9725080808962
7.399563896145242,68.78175922068658,87.20264621665703,160.347266709848,0.5435756597838889,0.5769859725038533,1.826223422901602,10.89499880961247,37.34657838074021,23.96983126622595,11.762688157524822,0.2695010987992622,STAND_TO_SIT,low_stability,38.656875483502304
3.9007465792015386,38.657087182068295,68.11166412822986,80.59015517844894,0.4825266248503716,0.472058147762371,1.368895758421175,8.699687617501198,36.282889793868435,24.47993790781267,4.7398279549765014,0.25142502499024116,STAND_TO_SIT,normal,42.49029046027089
3.0023320884489237,59.602324166100125,58.53483580178764,47.11038572549634,0.39215478302781415,0.10379196966677125,0.16740292583998567,9.919501868744195,4.5706207129451935,27.48547555429285,2.721253286611976,0.1275881868615023,KNEE_EXTENSION,normal,12.333910623458479
4.999387334851453,76.96210887963665,54.05429030918365,182.88410186209444,0.40550407921703746,0.2869382893678186,1.3915727137817595,8.943280924662337,25.236679634225812,28.67428485263694,3.7347256877641626,0.17726285090078409,STAND_TO_SIT,normal,23.40928378572454
2.2005269788488873,65.79434606632562,-68.76785701246155,-56.96530659939643,0.3659287624625951,0.05748531643218205,0.7123460209371271,8.367992424185037,11.520178024012434,17.807967788400028,1.5179895526288234,0.7802931189648212,KNEE_FLEXION,high_fatigue,47.4471801916383
6.3014127859033655,7.863142629505852,0.4637494303241,1.6602190555903895,0.058139430673019424,0.49389402324916276,0.1138045962850425,8.97948051588101,1.4736591029200263,2.57560118187159,0.805292161209221,0.06722392048683654,REST,low_stability,7.631721607774238
6.795786263917476,17.887472686345927,76.37093133373968,39.65985124417851,0.4743686790755378,0.21379370766369543,1.051868615726611,9.636690216180082,19.941104699641674,21.49938881334417,4.2688247388128815,0.1576877287146641,KNEE_EXTENSION,high_force,52.08750805334097
8.200156900261558,1.969270833134423,0.10666472237083596,-0.04146090651150934,0.059071852554472164,0.025064459178382383,0.03758791605187101,10.181373090712759,0.11544085091947928,-0.3558177192167731,-0.2785813493444328,0.11756758263986258,REST,slow,6.949503630173163
8.499889224167912,34.91517861622211,62.72844367432474,98.1141968909134,0.48292876305184074,1.4365412693424877,0.4533145400660536,9.377072215359663,24.628891545422782,6.757496233779915,2.3970901618820823,0.7314429390675427,WALKING,high_fatigue,33.60779323222086
9.000108440509843,48.72486118871456,28.043177932058313,109.78507138525883,0.61415374679994,0.3119140029663948,1.3031837322067938,7.528340190766736,23.31446737576159,17.542404932322583,2.6039509696914216,0.6060932975118934,STAND_TO_SIT,high_fatigue,49.37257280709802
9.398646885861682,81.29740367803221,-25.97776562177319,-105.29749342850482,0.7696051740876907,0.12491009189148725,0.7794769819369862,9.256168471801463,14.568796821435189,13.478782182291686,-0.09748452152184134,0.2510669274322662,SIT_TO_STAND,slow,46.61486850255795
6.900479291699205,77.1616263098664,52.2089154230206,95.04398690960528,0.802706530461243,0.6101805961112047,2.4930856676862385,8.74841163993888,22.448019411192956,30.85790844082924,7.7941605876563,0.23568944933440758,STAND_TO_SIT,high_force,65.76998848611373
7.498296782640306,75.83406834609748,50.2396757731478,78.43923236515022,0.5446280764279577,0.38738526862101846,0.7425057856690651,8.223260922390363,9.820431864371542,14.539020907476845,1.0443732415135538,0.2026662119518145,STAND_TO_SIT,slow,27.279431779666332
2.1027308728189893,72.95814327465966,-51.513341059619776,-80.76953618200267,0.7155914364261587,0.11146680754513971,1.3696289263046795,8.908154985711603,13.98172616447944,18.54844384435739,2.468053489063659,0.27914826089536643,SIT_TO_STAND,slow,41.183929531964594
8.700406413866789,6.446503376542195,0.4240720555314438,0.702501282289595,0.04869061995157321,-0.003046625871132764,0.007074722764744372,9.545893105776234,-0.4517681054241833,-0.3621280336613558,0.5366684345880629,0.06998763708022694,REST,slow,5.531057298232944
1.900419484866715,19.006531228633566,32.756104083900226,40.30562854042995,0.3413692614165631,1.2552824603478554,0.7104512567676966,9.75600299413876,15.352466090771705,5.36464083380066,3.703126393078469,0.17177205817840022,WALKING,slow,27.966709286798675
1.2010469706703302,67.7616838691132,24.67028318342294,91.84429604563655,0.2955307232695748,0.3730324248863816,0.7762632411466465,8.601839593457017,12.646758865850945,19.915968267266056,3.356857525007104,0.18594999132529402,STAND_TO_SIT,slow,26.739237240460636
7.5004198892572145,68.7731374135726,-61.097247629163775,-77.14221041939173,0.5649103999804632,0.4383985682576235,0.6253338602867285,9.57981317718058,6.2079112288007705,28.252217973033975,1.5638648725913797,0.25927034426904866,SIT_TO_STAND,slow,38.76602481489128
8.202280401221527,63.92604468633713,-83.42253965581213,-87.77614657274304,0.6880480108690307,0.03104769846964177,0.38457749423091947,8.561664519459004,15.71408484128466,12.176883126164787,3.1450452363385137,0.34157295159298995,SIT_TO_STAND,slow,39.82538857134669
8.39916491722469,69.67776695600398,-70.21338513846587,-63.01514247569625,0.4206058279329614,0.4165981669648261,0.947065167200063,9.346475227750659,20.55388712010021,35.90809608263949,5.258317625765963,0.36808794878636825,KNEE_FLEXION,low_stability,48.53942728191352
1.5003233272120158,13.323876954948066,41.866323226483345,111.40210989419265,0.5219141513795476,0.3666383936941591,1.6221151107729714,9.540907127337181,8.55449743901548,14.968141395863563,5.882852874362356,0.15060305835386248,KNEE_EXTENSION,high_force,39.732549217267405
1.4031296292237434,37.95244007956524,24.549108979459426,48.846793228922394,0.3033880315492174,0.28683336235460766,0.25440477309393716,9.322518707425814,13.18943817588707,7.727422694020847,4.354111189956772,0.2344359206806204,WALKING,slow,21.988344011108488
1.298634616549559,46.63710467138747,98.62244026966154,142.05003383711244,0.6151114510407054,0.502218955770621,0.7810250461621513,8.433435513109435,7.989117366135906,13.117064238590888,4.509300302491414,0.18664571944934114,STAND_TO_SIT,normal,39.9291677762244
6.598860865434396,94.09169805092533,-86.81210288125737,-164.15166610690375,0.4815351012509116,0.7022365474726809,2.2004064353860735,9.683033003392438,2.3767361229783868,32.789265801169286,2.6456189578946203,0.6285065731920197,SIT_TO_STAND,high_fatigue,75.80451059750136
0.09787016756355812,2.0615254966592937,-0.9472649189585477,0.8775220134032432,0.03356143130104979,0.13784669206146943,0.0702985835315758,9.493905807927923,1.1031647342519868,0.4521857931744037,-0.5111889210574578,0.7036795432500207,REST,high_fatigue,17.03590998228841
9.399388531235736,22.534074168053415,49.69699463012528,71.87693232808303,0.22452325171938556,0.9766505744227192,0.4668513059615865,9.38301160528154,28.16627214884565,4.55321276635414,3.7516917292862386,0.5121617649336907,WALKING,high_fatigue,44.6160414182175
3.4005619161322995,38.9624515883325,58.164584796288565,123.79033215504067,0.4490620322210718,0.9207090073345556,0.32986521243802014,8.37970393667621,35.81699667957225,14.534135535909286,1.4079352258419393,0.6207275593636951,WALKING,high_fatigue,35.52400046112348
7.098560906182084,11.844611198798562,2.8949308379031917,0.8074893410489232,0.09176568311626665,0.3920860708598169,0.24643569704478868,10.429984618201583,4.660614002502956,1.2161382469511772,0.8955637749306655,0.1138255253889901,REST,low_stability,8.125572162329448
2.197599083588375,68.20579909529077,59.55209200111595,77.06965757825367,0.6476096222033647,0.21015937464300669,0.8204714301454861,8.015139186889744,15.124672625943512,24.66904785921482,5.865552130236581,0.6774092044291793,STAND_TO_SIT,high_fatigue,64.15741254382652
0.5994527993055005,60.05934570005426,-79.50970815586805,-172.44847574303418,0.38634012602162365,0.3171769142624029,1.3778633187738143,9.902924382223144,11.986279467552821,27.66615894999825,0.10859216560793572,0.188439814513037,KNEE_FLEXION,low_stability,40.97508107510658
9.299805240164927,26.528314627613607,91.20716257262072,69.3401722885421,0.4929207772609372,1.41294575717962,0.39833974351618145,9.990714798229869,32.80965690993799,8.851152410213906,5.694720130292581,0.09563206781380637,WALKING,normal,14.75669589642429
1.000386908278503,39.527908128751754,35.506129962282614,59.24951284913214,0.5569110146593372,-0.012236295735606157,0.6016789892152785,7.830359317561426,9.743243673882558,25.08725933477904,2.105226842631661,0.7250301609137472,STAND_TO_SIT,high_fatigue,76.90175810177983
2.6009487771495112,37.453242827397005,63.202339701501465,65.16820230443848,0.6755027490430543,1.7602737557428458,0.3111799191165251,9.064180365798215,33.68939839222731,12.916082502126487,-0.9842965562198289,0.19066632913404816,WALKING,high_force,46.89987080027143
2.6013578269152573,21.837076844039665,71.4293701194993,107.81394967042169,0.35147101279449044,3.753446735393462,0.7628684206004326,10.168859849637352,11.220444675221936,21.678856329812792,6.787569315790739,0.16696495426510458,WALKING,low_stability,17.515990677366762
7.398529854854768,47.85465069813192,54.91822911708237,72.61920792425107,0.4047254596075097,0.18895576243087725,0.6479654046954979,9.315202541250144,11.790992447215345,12.460630881438767,-0.21437301185544863,0.1897159210681193,STAND_TO_SIT,slow,31.914239029642392
8.69908920103832,2.7286486681792224,22.44077529004725,41.76775029658921,0.23271733992598703,0.7858395902613434,0.1926140708111861,9.553831175837809,13.866101694721843,4.930198902703859,2.3584808523529555,0.2118146099298337,WALKING,slow,31.044594813408768
1.4998108762708304,39.16528780476755,-68.60855965528398,-118.38180441808136,0.4897202815369572,0.25771126634378255,1.095181523713055,8.258889961511565,15.353729893745635,26.00614721092468,9.349438623035082,0.12444697006623834,KNEE_FLEXION,high_force,49.016307342434104
3.6018750458435,10.467418884988977,-0.4926121759650464,-0.4290653807154066,0.04967592346329336,-0.04693342482288042,0.02774701748651076,9.81183431518071,0.06978275794527039,0.6326820524349356,0.5486396846246778,0.07506352408976828,REST,slow,3.6972514198648954
6.398379687769934,48.59023992448555,53.732598636543386,148.9574672456188,0.501332800370474,0.34862528864799525,0.67030693838716,9.114804691026743,17.779688615811292,11.375749627578942,3.4414763086943663,0.25349186854468836,KNEE_EXTENSION,high_force,47.72045497969815
2.7992163692349337,20.890499342707354,36.670169811773214,25.446406964489142,0.31581368826786627,1.1338457917084153,0.3177353679677446,9.205074377586662,23.60394927139791,0.15124192775036024,3.1413665675784417,0.19943865779566866,WALKING,slow,23.004129508899315
3.4012894685830184,11.712929379425876,0.15483418608766786,0.3157622612733966,0.08178105380442259,0.26720120433599626,0.09963734475152838,9.12908912342475,4.670696918531812,3.576932375791325,1.5451512026777678,0.13270498101071987,REST,low_stability,8.528351473519091
9.00120162109806,3.8284692379688074,-1.11326936086009,-0.04129883919728676,0.1206218572688115,0.10117732443391239,0.05243318227148535,9.323057892021206,3.4755499620401067,1.433750245276848,0.9709069719676348,0.10419502285044946,REST,low_stability,9.645012057245829
0.8993065120771756,58.23372691243347,-53.95804678750997,-73.33756362693408,0.39243362537814436,0.522982923502371,0.7539859251271419,9.192501899545352,10.92999802950065,25.01313234591043,7.911653740714164,0.25077688589791425,KNEE_FLEXION,low_stability,30.301046055792767
0.8978137387108558,70.21440501897976,-42.326942531108834,-81.13506699677178,0.6034654872958305,0.5105243587135885,0.688207362650807,6.537103150702761,15.055722666914766,10.862857196308987,3.8986715321289074,0.36747080626409184,SIT_TO_STAND,slow,50.65460288686368
3.7000822744799584,67.2110550919417,94.08450184289086,150.76008634156238,0.8611214144351554,0.394289834900729,2.8854197797466923,6.9628536017708145,25.48693953155965,21.831193390737443,3.6615236711453174,0.27611215956766033,STAND_TO_SIT,high_force,49.87401222655916
9.800362009781228,15.680947283282011,32.426704149951334,45.40798682783715,0.30364359870147206,0.04137843245069382,0.34041933225031923,10.260469735226646,11.494700428167162,9.926741458059578,2.5480366609248986,0.19074600569234001,KNEE_EXTENSION,slow,24.204530201032163
1.001452725701907,45.83758548905362,62.58316538159709,81.53565921565843,0.9244254176950866,2.054064387425939,0.5969728367555889,9.111794806245214,36.32651951966507,11.863021585267376,5.053568191903836,0.19218995238819594,WALKING,high_force,44.59295649063157
3.8949860301012453,69.35497370343084,-62.55976089004339,-112.9650664961748,0.584677669697468,0.45173280009322786,1.312544790833864,9.43233209346505,16.94251475505157,36.54138481439077,4.969988491166752,0.2285652476718118,SIT_TO_STAND,normal,57.835685434603796
1.4051840992605449,0.7859947074572191,89.30346942162458,109.38341086105899,0.592036519594777,0.4165982668266868,0.7442391542705605,9.88810936979899,9.342976241667065,29.06087951113323,4.764543088346904,0.23165504318560712,KNEE_EXTENSION,high_force,50.827969719921825
5.001098659229078,48.161418648768034,83.5205879338929,153.70727851735174,0.4700390429298277,0.5791884094487255,1.0336484823994765,9.4003250455985,32.22556179061215,45.67588990403992,5.921072928224808,0.30002521278904865,STAND_TO_SIT,low_stability,49.37630624622353
9.502745208665273,35.9314453380103,72.5660951037803,75.92469471817577,0.08257922033743312,0.0752836212134466,0.7028641239532815,9.628895958806499,9.981348950937353,31.25125040733602,2.8605202119765325,0.12895736858713638,KNEE_EXTENSION,normal,32.33390490675776
6.103960171006519,40.06159399323219,86.16055940488422,117.91397308620984,0.3432314623645758,0.15372938737034494,0.8309166975518615,8.921779604491144,11.413630564523311,25.063233150536284,4.878446221338166,0.16934830234059184,STAND_TO_SIT,normal,47.54177586411941
5.702283369040835,28.443221666602007,98.39003597415089,108.06342447171083,0.38063794136901846,0.3416443670305766,1.0252786041612205,8.742110980370326,7.350533218994568,28.134296155122833,0.8384846823683073,0.16023953594779355,KNEE_EXTENSION,high_force,43.46731772832955
9.399414091354737,62.725403178396924,65.83870782141994,38.74066046051841,0.6098584158529881,0.23727428529590533,1.0279612960205649,9.070527075452313,21.097258000368207,26.26022771542662,5.13353150933215,0.17067991080967304,STAND_TO_SIT,normal,39.26852550947493
4.9994590864380735,28.880442307960564,23.25357164556303,88.79186169799341,0.5402066524564609,0.15512042388637368,0.8768577220524233,8.618826270421764,12.606605016236225,30.160805718898516,3.4715499945613923,0.21738429404181778,KNEE_EXTENSION,high_force,39.739776266344215
1.20120806494991,48.82228127972702,-58.26023747457436,-52.33377891655593,0.5815210521039865,0.3339175542261582,0.9952195564153262,9.299031830891781,12.091740474083519,25.5450596735799,4.350006329033486,0.27611417754300943,SIT_TO_STAND,slow,51.617955429695435
6.50062020577699,0.25958099719432726,-1.5998465034619742,1.8349759448894534,0.042166836821120705,0.11835740393994319,-0.0609489160100552,9.593676359215214,0.9219974642285228,0.3440774449761242,-0.48348671122560544,0.573097283968848,REST,high_fatigue,18.729052994906723
5.998540154344498,59.26159988397921,61.12016492441845,72.53025936334134,0.4285002553995941,0.29285060387013795,0.2901206658767568,7.256786472206892,19.06242457977669,18.54426276823958,4.925929184812686,0.22534011718933972,STAND_TO_SIT,normal,34.50238758901309
2.295465996053082,60.46071414881488,-106.83806255672476,-144.0943991397351,0.9877085678125029,0.5563669063330267,3.0001019209291164,9.669224155272891,12.413188750221941,35.99514236335285,5.7289321640363315,0.4047289073530891,SIT_TO_STAND,high_force,79.17762345168138
5.299219019115306,61.76275350544708,60.47023869862496,123.11505225070977,0.4363069187486436,0.39858100566641563,1.2429295594192735,8.615461446515603,13.469612059308972,21.089746358773304,5.034488654376462,0.7170058141167909,STAND_TO_SIT,high_fatigue,75.41841485550157
6.601414787150058,49.2389488457105,45.954976951403836,79.22879435778694,0.22740074286415815,0.17769471757904523,0.4242428322682643,9.009348510060878,10.631314658669014,11.30092763245877,1.5837866892984576,0.6723389017413508,KNEE_EXTENSION,high_fatigue,43.980893542910444
4.797639634630763,44.701593839240765,-71.08651020570913,-90.2468471764872,0.256030378925965,0.36073535855658784,0.9586199045982793,9.946643492224014,14.255682660413502,29.850879907834273,2.2466381927280836,0.2318866830151006,KNEE_FLEXION,low_stability,41.21094704493311
0.7992789294356772,79.87168921202294,87.27728769906717,125.45839805600751,0.38879229578036906,0.2725285898264719,1.3459154373710935,8.789087912303216,14.352209683698073,27.79512297193711,5.522758450153606,0.13497516994758652,STAND_TO_SIT,normal,49.4733462468588
0.398054719981856,66.79979144836267,-62.942804779781696,-45.166746468131706,0.5721510124104364,0.03888676969177633,0.8315474510697345,8.981714630376256,9.453244629648562,12.906516153481139,5.14125184111228,0.25880462145968197,SIT_TO_STAND,slow,47.55232973073071
8.801185712902177,42.12260401641962,48.366112263668214,48.43488036797029,0.5856820803959687,0.466686919442741,1.0525532237988848,8.062614570586073,28.146248739395197,32.42240009684789,6.224214858388417,0.5876133304806386,STAND_TO_SIT,high_fatigue,74.26305707225175
3.80090860661148,5.358926055301664,3.1060870371421694,7.6463427480948685,0.12939190223955838,0.23081824643360885,0.12037780713670113,8.61761783928674,2.5774855131027024,1.8833614447372307,1.0869038412044627,0.11779658142112331,REST,low_stability,6.830106052814654
1.4991737800944065,10.050308759133197,1.6336656877105427,-2.343306849075343,0.15090973113619177,0.08819045107050946,0.1241162915439588,8.922247954300639,1.5680317359472566,-0.8219482854238441,-0.2016032105788119,0.042184581157333575,REST,high_force,7.275891635895902
1.5004616113169778,81.89720427052295,42.99493463150284,34.256665615566575,0.4988731565178794,0.16808474708458218,0.6741674012722229,9.410140383498169,15.432042630955694,15.484106634577655,1.135468928162062,0.20326439923799947,STAND_TO_SIT,slow,37.098540888831536
1.6024373644224061,65.8586503348776,58.7378721617982,85.00368139309332,0.4834195014537196,0.3282047543041854,0.9941975565434418,8.494163299752772,25.140925826948283,21.596143654341386,1.8101713596936007,0.7293046817542672,STAND_TO_SIT,high_fatigue,54.416733159985995
1.3990901203937642,40.62080497861284,63.042928172005574,106.69637067210176,0.521508517877929,0.19180257178879434,0.30488281448703014,9.410967930719115,1.3193751600261012,19.38361211755726,3.1893173240140062,0.11661363633241871,KNEE_EXTENSION,normal,19.178872626707594
0.39939764255628646,74.50305503375426,95.68183841689897,76.39965394309144,0.3598034323188408,0.2338577367534023,0.16000258133316306,9.6510104625031,17.195619400886343,30.40252308649374,4.031434749867868,0.21995396352872998,KNEE_EXTENSION,low_stability,33.15078411296399
9.198423076345174,48.87133935700088,80.05724827634035,86.31708433653377,0.6634637846649396,0.4074016163628515,1.0986372136168814,7.603929724687626,18.632908934979323,22.29585931637506,5.465487529475503,0.22112099476368047,STAND_TO_SIT,normal,32.26594194584601
3.9948817365862372,57.61276046750298,-81.80445386136239,-128.42891407845448,0.5552218525681389,0.23711349911254898,1.1574356846911962,10.193932388352534,10.576751115450366,25.232463023738127,3.900914298092246,0.1564995995914718,KNEE_FLEXION,high_force,44.85448781138908
8.398675378263391,54.16342769665634,57.39064563728755,50.4509588060935,0.46334609531580073,0.1901849124430543,0.578736031021213,9.640326716202793,6.926478315922906,10.872773431522976,3.3103832802082302,0.21527689654412788,STAND_TO_SIT,slow,44.142079045718475
2.2012436652743834,31.35487108698992,102.95951602323258,49.0756974598127,0.3658650448661968,0.10594527570984076,0.5479418057860684,9.66577326941592,11.396935815399083,22.386481582143478,1.580912339590034,0.230641084252501,KNEE_EXTENSION,normal,21.617751146072354
1.5979710311068172,44.128246599789236,40.13418683251682,133.78311444617478,0.6035483921221452,3.4113947929036867,1.2148898296715522,8.008505821382082,16.26691621662515,13.413865420381265,8.55470730108538,0.2836170333909705,WALKING,low_stability,27.804798205291128
6.700393913496643,63.49204752745104,-69.8473613950661,-180.47445528522456,0.718790317362107,0.570026658173206,2.3348147956162206,8.073622612457685,15.388316609189413,26.381202944965505,-1.2039455316992762,0.223202300384158,SIT_TO_STAND,normal,61.114500787708955
0.300225679500763,51.69740092471977,-75.59130097959452,-91.35098923900279,0.2158896901792125,0.13664165303285666,1.0337708236044767,9.237178538356174,8.606431812357886,9.317291546994806,3.6861718457511907,0.1637550263792175,KNEE_FLEXION,normal,24.83006866137306
7.397441219824158,6.132313213880725,-0.2367998825649554,-1.0244130870117492,0.13569091530816837,0.15883904900449458,0.19414379928646536,9.411491380179726,1.14651862953353,0.1342620158458414,0.5611785855092865,0.04343714335706679,REST,high_force,15.615449688283856
4.399670277430815,77.79645229047952,-81.53129301167365,-144.22250998422956,0.5556226134211963,0.476307780949879,1.1683616189229784,9.417678858535501,7.335009100340032,21.99733210665947,1.3106082096793867,0.21758184717372608,KNEE_FLEXION,high_force,39.81718139974801
6.499735587124201,50.1074759674291,61.796931898071975,94.6271497916363,0.6486493839650435,3.3726706897289302,1.078649645048081,8.177797355174505,38.99817605608604,19.105927654799927,4.849855052511948,0.19153019481175926,WALKING,low_stability,27.069002127353265
0.10264427178815697,3.8386765850220286,0.48815678154375985,0.1197867402879987,0.06575219653329287,-0.0554850734487997,0.04849399664130923,8.754476256681034,0.34548671446325996,-0.26134537603444336,0.5817764778856139,0.12123598305463218,REST,slow,6.649875779228205
0.10265577815934755,85.26293218840483,42.93864662553625,82.67776388255498,0.5977674949656919,0.622586464032107,1.2383982128009074,9.716315592869089,39.114907147482576,32.34290568973445,5.448463430220321,0.12621950580132893,STAND_TO_SIT,normal,36.23738225134525
4.900005247127295,86.88242904800968,-42.554617634188325,-100.4929882326536,0.30584284649165755,0.06869879104119431,0.5767615152430117,9.526881378234805,1.5021683799607128,12.127567855757308,2.245064915362352,0.10448294845378041,KNEE_FLEXION,slow,33.307835789626154
7.1015699085773765,4.657909685985371,-0.2195386719084768,0.3135662881808672,0.06490256259961144,0.028814833049069753,-0.03386218081607991,9.266532769401566,0.10299240962840228,0.34394146785540874,-0.163078622908595,0.049274553719115106,REST,slow,4.393596766579005
0.7008954300601902,5.4024347644239565,-0.175995699041676,0.18039034808829219,0.045442758687706086,-0.1430144587201245,-0.09575008903602132,10.23620401176983,0.5332942524131318,0.06601810174829494,0.16019822743104592,0.09408030148643308,REST,slow,8.342242457126495
6.197380204086387,52.79717252946282,63.972142945002446,112.88710208283503,0.38016241718312255,0.9995143529288818,2.514921810291345,8.015406143733632,31.84290076202857,29.20406696774183,3.0208678041255714,0.1179051198744635,STAND_TO_SIT,low_stability,58.713290784541755
2.1010677384786383,47.70474032557905,72.29526610059035,85.38521510060514,0.40487564312772234,0.2128569956941225,1.1966746404823556,6.898704859224669,13.817079753735976,26.99543304331724,1.5363533493056158,0.15952390989941279,STAND_TO_SIT,normal,39.03032629948754
8.702179422019213,50.43423243890965,42.91299154433375,59.22122877328029,0.2284475196187506,0.2859483509238078,0.2859348196838985,9.58745737214445,8.410981753675504,13.524273012280776,1.9535081826988876,0.6696968693865524,KNEE_EXTENSION,high_fatigue,35.72169356220649
0.20081932675519562,25.73918214594645,-83.05652400484675,-111.33828711653415,0.5691888346188407,0.2237123251226859,1.619371367158106,7.914533614867541,16.558283150570663,27.15997759677321,3.625493761601932,0.15516681484179876,KNEE_FLEXION,high_force,49.3432728034923
5.401692513871934,54.82363539123225,-81.2369992617713,-22.155643614207925,0.2860033044143568,0.21981309942801788,0.4580148943725251,9.051229808524793,9.90494004229969,35.624210082469936,3.490841088419049,0.14125280085343775,KNEE_FLEXION,normal,24.725867667617003
6.400543553319333,98.25021685277643,105.80524924068216,80.6596590192021,0.4360201306737563,0.3721513064548847,2.4980712615145046,8.012618381770622,24.886018899172218,45.85148487848106,6.498329124126719,0.13481214666538305,STAND_TO_SIT,high_force,73.90171353217454
3.301034054999509,94.72673122705399,-82.54761804464238,-63.4856207493471,0.18699698321797784,0.2183524419516512,0.6923810166695001,8.986820219720435,14.265002388056269,33.49616778447421,3.685574675236538,0.23203507104499474,KNEE_FLEXION,normal,27.42989091096223
6.199787187236716,90.86506923965464,70.06231445968237,114.06490003770001,0.7836757238419435,0.3113479801230746,0.8694859721869997,8.515924351384433,11.329423198917937,21.718257950096582,2.4370449194310218,0.7938034165877965,STAND_TO_SIT,high_fatigue,66.78053500328338
5.001289842353876,48.484259545314934,-97.86137807536471,-95.23396851712452,0.35841758083845476,0.5057092526780285,0.9189570729519247,8.199763328224867,5.5605163083163145,33.1614863669852,4.750994346249826,0.17918239772552594,KNEE_FLEXION,high_force,51.64592728816809
3.998877752120185,92.91511494446002,-101.2428568132311,-73.82206036012539,0.4068194119888206,-0.28810436230580827,0.7588866396029689,10.037104519211184,12.437993749827237,35.94535114941047,6.907171606950709,0.27290161021366655,KNEE_FLEXION,low_stability,20.06592128938519
7.50337445151175,36.157037177607414,48.30029527719292,54.19366732383665,0.3327675433021627,0.16407112503387117,0.8470785586642214,8.943656465217915,13.381354119312387,24.683115456680856,1.5263435324546029,0.1590186269342426,KNEE_EXTENSION,normal,24.51416401149899
2.394552378407939,85.70944683084232,34.70381951388423,82.33001774975514,0.5468117485852795,0.24481396646003956,0.7202405715205578,9.028341979948436,7.008861996991183,17.893740020634976,6.659310865963124,0.6802016709328145,STAND_TO_SIT,high_fatigue,56.7001166805476
9.499566613491888,5.738357172221584,-0.8778523297821019,-0.0916463126847461,0.16831621887083217,0.0861726061125577,0.13681514587567845,9.591808650855262,1.251113061629478,0.17675397027534398,0.15929067740453653,0.09402206277509187,REST,high_force,9.17609119417257
1.200581843796644,42.66618734422134,88.0810531530566,62.99217584701702,0.787274010003924,2.1517273597950197,0.7703359530645209,9.562810734549132,34.346804184105196,11.648435217471535,9.670228128597019,0.16940307119731593,WALKING,high_force,43.00059862011736
7.1992501106203015,3.2602740293521877,-0.4549906113935319,-0.09622221380755933,0.06748754390623131,0.0794503893666734,0.01296108072172071,9.679328682691919,1.026825500465107,0.3609109295718141,0.11323062579712301,0.04541414692895384,REST,normal,4.649359440774428
5.200274361612887,25.88469536835708,74.00766577590481,73.36930606790419,0.6296355068790993,0.34983151810830987,1.061345415019106,8.091607545546395,17.685180411184515,37.065857598057,2.719493249438418,0.8390603366532555,STAND_TO_SIT,high_fatigue,66.8786752653728
6.898886094298141,42.91079005702457,-66.76877654551711,-85.16537067658138,0.515199366460269,0.5267791904637926,1.0676409231732855,9.13528582576007,4.896982430189208,30.798724671790968,5.470551361507197,0.2673883290317269,KNEE_FLEXION,high_force,56.818370194816616
6.100498507768922,19.669128037541785,92.04565604544123,68.1762221062275,0.20659373476054532,0.13879734065487967,0.48771692640036757,10.15125532591441,6.798557138993019,16.583479620972955,3.1819408587817093,0.09635381632615317,KNEE_EXTENSION,normal,27.845051016436614
8.497866295057618,40.46271109506689,97.10744506789605,60.816593105987465,0.275288037456712,0.520084922701714,1.0558308921927113,8.497513953030303,6.146868861633909,27.74560038676674,8.406858478278842,0.14983373965665697,KNEE_EXTENSION,low_stability,36.30249248426231
8.100607463661678,1.1247055834966513,0.547288322398641,-0.6082782083579321,0.03212600854972573,0.09470396241262392,-0.010493935033630978,9.301116840179404,1.5913442720368036,-0.1086732577829459,-0.05314722179250879,0.5133813586868008,REST,high_fatigue,9.764451508473417
1.798679843479784,59.80219736857041,-61.298546993065194,-192.6685527607967,0.22324377008596957,0.08503776031951488,1.1204150339207082,10.739439893650616,13.025220362023983,24.881156424806054,4.37475306292929,0.21922451101145607,KNEE_FLEXION,high_force,42.75497473654851
2.99897190436754,55.23188397093193,55.879379957195304,97.39952426179129,0.5792823987000901,0.24632382115424986,0.9112853131311437,9.8288891648224,26.998501485633934,28.92293035921983,1.8935027047559216,0.21299765093440204,STAND_TO_SIT,normal,44.524280583749984
1.5000625265646932,50.080268713813666,-48.30552217118664,-21.34905821206511,0.1153095569002162,0.11657496998001986,0.46032388337882885,9.313798703336676,0.3665658620788903,8.834827811857968,1.8803840287914049,0.21560066632513702,KNEE_FLEXION,slow,17.335821992491745
1.401601406229181,45.366903738307265,106.33837734869768,116.6296611421806,0.45942409865266143,0.29375637237790414,0.8928488803273598,7.514346150422957,23.040853601117526,27.02186364507582,6.635226038736223,0.10647600665818731,STAND_TO_SIT,normal,41.80070703946061
5.99848249802661,26.034309557964548,62.03412234819778,94.20208425644333,0.15706548787735747,0.2736873085827986,0.8620724923337614,9.35884356632669,9.731307815795613,-0.5415094646120859,1.1935060410920335,0.6659569202465054,KNEE_EXTENSION,high_fatigue,39.9731962977075
9.000636586943875,60.1503651511353,-51.210461956366046,-83.71126849100993,0.6407426907645544,0.47858538215925733,1.5999487495997153,8.042280915757619,7.374663216843872,24.81342546900868,2.568256963238864,0.7322942548631737,SIT_TO_STAND,high_fatigue,89.8946662565935
7.105074874284334,85.72468281080366,-50.65665921674189,-81.88930754577855,0.5740639692482067,0.30039471588179334,0.8186890891059494,9.16493478653002,13.71600929558487,-1.3542478105036095,4.186744415183811,0.2840840960094047,SIT_TO_STAND,slow,56.681868684980316
5.198998027245667,89.20019139797637,-49.19720678895776,-25.17319899460906,0.32344643933673406,0.08640786380009688,1.0386876603206219,9.6878704114373,8.074936054652063,2.0696377116385962,2.125841305519153,0.6292551902679009,KNEE_FLEXION,high_fatigue,33.481415725082314
2.9008766900945298,32.39432668042567,-71.19448176162344,-102.22571437641591,0.28191593055267866,0.1983784375493695,0.7391895971565782,8.881452863599598,11.850225591267296,18.53770146166981,3.1142179024028778,0.6466042329739622,KNEE_FLEXION,high_fatigue,37.14574836764411
7.300476723411568,44.95890000660947,-59.083237099174795,-79.13604291637299,0.37823257891960155,0.4149949060496281,1.1348024323765482,9.457203486846838,8.248321062911822,11.628742660691657,3.163067128611357,0.20037523187788722,KNEE_FLEXION,normal,45.117672320240445
1.599754486262765,40.34045674444949,-69.69653461007134,-56.25022579154746,0.4037553736229159,0.559733755004445,0.5613983156407066,10.100028210426153,10.364450484876784,17.16827123697359,3.187586792117237,0.21201752232681567,KNEE_FLEXION,high_force,52.110742561456675
7.0964605054076415,39.52556703506375,-88.02434043669727,-111.25151191983296,0.5096867735345502,0.15663615153067362,1.3255158512307164,7.4501614441127755,12.877537237004681,59.96200634496685,4.1706533167652315,0.19248940865912198,KNEE_FLEXION,high_force,37.07792310581608
0.4992507394098449,4.305654757689908,0.045220968147808266,-1.8104899438754813,0.065626464508069,0.13191718625448423,0.01298272483595723,9.950923351743372,0.29148970177953804,0.03370202674339993,-0.9527907708052907,0.5197904676937394,REST,high_fatigue,15.178868129226576
5.698778915624025,23.000189759081266,67.81467944299054,104.65823010111987,0.6583738351694304,2.2342817933518972,0.6271781371461003,10.573480015691246,47.20924595871895,14.641919099508357,-2.156992567209386,0.2644635265076969,WALKING,high_force,43.07122040109907
5.599573637159962,55.48220126235134,79.7851164313027,81.88267646124858,0.4472242172442268,0.43769144317654995,0.8445577991151262,9.901868072225843,8.2412758456536,16.017087396353652,4.808587279853529,0.7085339111260813,STAND_TO_SIT,high_fatigue,76.36112678826446
8.400301952006894,54.56632332643173,-42.085841709219146,-61.95573308257942,0.24814605208710688,0.0858998267631204,-0.04741109316479392,8.906737775462911,8.714549616642056,6.742002645813304,2.0203571535903238,0.2787566616128037,KNEE_FLEXION,slow,23.04498177851629
5.098305114552147,62.66623020914669,34.87787768467976,94.89936487306937,0.6620584206902543,0.7723387545568182,0.9301688929812144,9.558222050716928,15.680600914825447,16.617480396461485,3.1397873169130377,0.789862141985101,STAND_TO_SIT,high_fatigue,63.39385965491869
9.698677166215388,2.9607987946280687,-0.39521644147801727,-0.3711709311021811,0.06076423718123057,0.08249587756926845,0.04073351288943622,9.559290397494022,1.4886151792334383,-0.4311011981840592,0.058605344884987955,0.05989113310645707,REST,normal,2.220400666528548
3.3002856418023283,82.4066148968854,-35.76390809414155,-6.967077519941518,0.9859090129238136,1.7364018019279548,2.8305127954676195,10.120313553541582,18.79053417308224,56.10229472112009,5.144176364463293,0.19492070262183459,SIT_TO_STAND,low_stability,55.045457013135824
8.894671890925379,49.92326412373826,-75.26852562875801,-93.13560384060735,0.29675740708192205,0.49447917420708565,1.0185766046907874,9.26756409034122,9.88031635549724,19.18853094772733,1.9795444056646732,0.22967009041835704,KNEE_FLEXION,low_stability,47.873835502692174
4.3014949139144845,33.39686074517551,43.97627980785817,122.48889180588858,0.5559186213948868,1.9887879226062088,0.8254642291469168,9.090754275500835,54.38634978715325,17.678883892035078,3.5783362325896846,0.2556966767170654,WALKING,high_force,30.6557910099244
0.6015054444069743,56.49313590419704,48.171987942274356,93.5924081976289,0.36662932343001614,1.2975373178525396,0.5449954115778578,9.875489993219212,-0.2290777714708665,22.218729456969573,11.317803845820315,0.2736064834966903,WALKING,low_stability,27.211927592209683
6.902944390085588,27.801818968562905,74.21752772456344,107.3889092627496,0.2948840854112231,0.32537614438363155,1.3090221694187387,10.1269775720637,15.366022802667795,29.465522195718798,3.1689682926276124,0.10569115039346695,KNEE_EXTENSION,high_force,28.0543062104346
9.601067796322269,63.38052187105468,95.59914225338822,101.58529016266333,0.7513823114625523,0.9777643497691825,1.1419682125101693,8.402975781005821,36.07886113104962,30.674956573805904,11.7750397109891,0.25262294842536004,STAND_TO_SIT,low_stability,43.91179816333025
9.899669873686484,61.72219568379568,-69.51951567921684,-83.36021203507349,0.3090097674927569,0.23139815887573162,0.8361524333523832,8.263070024095942,10.053144831357917,16.985571425574506,2.6309086847624155,0.6306038045887967,KNEE_FLEXION,high_fatigue,35.899809984909396
3.501390758320698,38.20425757621938,74.082841771814,131.58126068238448,0.6962283815818832,0.06841325151191864,0.8496605071671401,8.263135323941487,16.765863072936085,32.13185241215803,5.5202326198067135,0.20016257322230263,STAND_TO_SIT,normal,45.89382650170677
4.999901058165919,46.554756296127664,-81.93866848150871,-112.93844182229672,0.23961557855356325,0.21851447065941684,0.8511934468087231,9.838475562049714,6.452791824699667,20.487649760396206,2.3641945305993897,0.20460654527943234,KNEE_FLEXION,normal,41.24136564953034
0.9976328967475034,17.710500006143516,-85.75296454613715,-31.012877478155787,0.4640800897713608,0.09376015361420735,0.9848817203175386,9.792662647721112,14.391541109092563,13.891342681824295,2.4468905953644313,0.13829280178290856,KNEE_FLEXION,normal,32.40750834153196
4.7984782705099045,8.353977486587981,0.38290221830825605,-0.8620843902610965,0.05277486563266954,-0.0083619489162165,0.03930739914429075,9.528754431595742,0.4451009508963057,0.8890400835835901,0.436177936464534,0.09078609105885749,REST,slow,3.923401809366701
5.399593663157745,28.80802266433087,62.54520091012028,161.2397609081662,0.24348483334984616,0.156085429741667,0.6918816685114637,8.877985732198447,9.575828634188364,27.653231209380436,2.47899983115881,0.05737427306015595,KNEE_EXTENSION,normal,28.66510614755578
5.302467288310707,30.87174106806711,-87.47337152452413,-76.03707234329431,0.19510426755056928,0.16327347328337652,0.7040087204614558,8.684608185905558,11.57152408656087,3.3001008369654934,3.0362652141005553,0.1079026453055585,KNEE_FLEXION,normal,32.24371620492289
0.19557129678114507,76.60223383256299,66.63779749743912,127.23401085618711,0.48542622843618266,0.34540340064767344,1.3089896416924405,7.468124543411073,23.13026357541456,12.552613498234383,3.5119073242714984,0.6512228585443252,STAND_TO_SIT,high_fatigue,51.050052497335074
1.500294957585018,69.00290394146862,-90.68111807267806,-163.85353375800844,0.6160073511674793,1.2034709594427575,2.2192406896719867,7.805022566720388,28.223813965987837,43.09518451537696,13.899121252789666,0.3301369202864197,SIT_TO_STAND,low_stability,44.18819074547357
9.198596127354737,33.04457215056146,30.938183054916006,40.454915311275705,0.36381517794881135,0.8765791943174555,0.11144220564460991,9.37468229025764,17.81010077423802,8.257783482867318,4.437255203574295,0.17700761411768218,WALKING,slow,23.567531052427903
1.7962806470183548,41.27387964402741,54.8292189727021,54.167481120437486,0.5273167330508007,1.557326010239069,0.3642117364680574,9.883881500081694,21.79440585555948,13.08173726769349,9.495676573910643,0.3894982430972559,WALKING,low_stability,21.82765138223175
2.79927039219226,30.148674220775447,139.5677757059448,80.90302321191233,0.8677047400967958,0.4149151956955265,2.283080716731719,8.423078132324465,16.24186059811264,30.01119299074044,-0.9798465009048123,0.1766165421544708,STAND_TO_SIT,high_force,48.91205640064035
8.602783468557424,73.58122201031657,-105.72174757554842,-175.26431189295113,0.8887889493921132,1.0039721295756385,1.8183886425397136,7.000248155216988,23.187576482429957,51.534313998836915,9.60712428100954,0.07308290274851365,SIT_TO_STAND,low_stability,74.69325696818366
8.09933253024543,34.90046458193156,-132.02863460306472,-80.43679172981697,0.4228585776424806,0.20753385853686024,1.1422405106581437,8.587183953796949,11.281401335939304,36.74461897474332,2.9925417035964563,0.26462845979216293,KNEE_FLEXION,high_force,48.288617882604186
3.3010818429179847,23.717108051865278,83.62214937245726,94.38808430922458,0.5539604416333219,0.2727776934316419,1.532707999241142,7.528353342733787,15.077406686860037,11.00550953927805,6.87258601771562,0.11206166949379666,KNEE_EXTENSION,high_force,47.47369808129843
9.898341986058423,35.99046383466443,60.371632944481505,128.80688539911867,0.7481882692000575,0.044018124166995055,1.2519143750540718,8.341069070735028,10.894348013576767,42.8909459501962,4.394178173901312,0.1296319187257176,STAND_TO_SIT,normal,29.982567654316167
1.0022647486466498,16.515149606612734,23.313992285345403,49.76921129445544,0.2669508709612202,0.02135116508328979,0.4449702545713294,9.548240587947113,6.28639573206551,16.62299173223072,1.9748728745628639,0.14922842601042732,KNEE_EXTENSION,slow,12.7894348925749
5.697961649499617,52.37040599989507,-38.77449807191769,-81.68644135546747,0.2295510698148129,0.20417447554750373,0.7497538880630163,9.359497219608247,11.414891949470926,20.40379225657355,4.013926288598199,0.6478641965075551,KNEE_FLEXION,high_fatigue,36.816454517798405
0.10226494933608728,50.69678480767438,88.64263098365292,122.8845653437737,0.5665843504315132,2.724532831511889,0.4395783501536349,10.723575011824822,24.39758741048912,11.348913091436165,8.18669100681016,0.17261873010149822,WALKING,high_force,40.91753091510634
7.796081310089393,63.49240368486424,74.07297718197596,66.93246456489506,0.45436555659832223,0.16781049516331467,0.9358718470148113,9.194952573853183,18.157588981448452,61.931901978172576,8.335714793733061,0.2593073553043407,STAND_TO_SIT,low_stability,58.04100164560007
5.600018897008973,37.54668193730497,65.06387290124545,77.61409242526275,0.190531064120288,0.1043220668366949,0.06396518263966806,10.01758923986359,5.606115785594013,4.712593282325184,2.159639509618497,0.08094464650541144,KNEE_EXTENSION,slow,20.816681728618985
2.096939547116814,48.883364404507645,55.16186555360451,42.55162053304181,0.42009831331729347,1.6640799368556332,0.576518262500191,10.183552774688787,23.241092773466605,6.966093799016447,4.739734191385635,0.755309037101987,WALKING,high_fatigue,40.818965339574106
2.402349826944799,101.57422431496822,-82.69661637540595,-126.56643854773323,0.68937770917665,0.386286564013494,1.4688555074507559,7.708497485894405,22.542261511707533,22.270074851459945,3.8072489611716036,0.7781024103525889,SIT_TO_STAND,high_fatigue,82.48829459050002
0.7971672354242735,54.251276086210396,78.85259055509435,166.64563192646347,0.9816746618994938,0.718183582936113,2.030449925447901,7.8809822811578245,37.23208035136835,46.17806899806222,4.203888629083683,0.3065581696345786,STAND_TO_SIT,high_force,52.97199188698966
0.5009157432948691,32.67060174044348,80.63610428928072,57.654796645822096,0.44937430015408014,1.4436418023488238,0.6109833664273703,9.469617690727334,20.20725935271291,12.471639467389766,5.177399874896001,0.7494258248204742,WALKING,high_fatigue,40.66310694626808
5.399517973512429,2.150796713985594,-1.0237229781626411,1.320791292781883,0.038557434781786235,0.2089839915624617,-0.061351488834268046,8.973366768840979,-0.3693735220660504,0.49959090993373684,0.10965498225250143,0.6574486939145116,REST,high_fatigue,9.46524806344536
8.501685039421444,62.676621606191375,-49.59331647236297,-47.004530105031286,0.23615813795035295,0.10359682784505218,0.49392336952025606,9.320280350886613,6.787524200213271,14.180033669303413,1.9732490896302735,0.21328173995455119,KNEE_FLEXION,slow,13.7911400442033
0.40154672346438397,81.28675299571229,-80.1474570165104,-69.47721820296944,0.3635572161598608,0.6401368620337347,1.2282420116236121,9.601721712259415,8.864439709696976,36.474800446960856,-2.4071890845984747,0.14897242016867515,KNEE_FLEXION,low_stability,36.37139369110615
7.102079944827202,85.34510449841144,132.10324686735038,184.9284710190863,0.818214892189943,0.6002278432954327,2.430377849549026,8.536351962742577,30.62556277071009,29.158129305734192,2.6424216122713333,0.2618441254609238,STAND_TO_SIT,high_force,76.28304013414099
6.697619313023663,3.9427886700879387,0.6622223111316965,0.23013813419548196,0.0447024479463664,0.08762259505103247,0.07644307050471275,9.933903665511567,0.21735881665510548,-0.30997445675044627,-0.01945989222570124,0.07433673342226989,REST,slow,1.2080296017078713
2.9987544468867564,36.01322810922051,104.48453669768962,133.6489589348464,0.4700123290219491,2.415321998763328,0.7796526449092545,10.783811439903964,38.8573723229246,7.9476862012702485,8.010777729364426,0.2164279478927023,WALKING,high_force,47.41030498950559
8.799991369390751,58.8448801941866,-66.44548076238073,-53.537355907716524,0.32996884471597987,0.02099897623996827,0.46144761470584733,9.209888721927399,4.661920788341492,23.43204209020797,0.9315476345149988,0.2075995015065366,KNEE_FLEXION,slow,21.36293247507146
0.9984068839412531,69.73947052936765,-90.29211698773462,-68.41497220180474,0.7178373426744865,0.761974681116532,1.427061439838949,10.056430815896547,1.1285788191626045,-0.47262060564222674,7.179125628688927,0.36975857093828957,SIT_TO_STAND,low_stability,60.85594674832398
2.601457428468149,6.136379274677942,1.4637411087393324,2.5212094800509535,0.012458064693121794,0.1355820910119931,0.07294878394221518,9.376351194679984,1.1700923119392055,0.024518879898824234,-0.08446073589063069,0.0063957987102105235,REST,normal,10.31402372680305
5.900157411928393,71.03554743104205,-92.78973752780142,-117.17143699631029,0.2884799169156953,0.23447313286622162,0.9469741572937389,8.706470772491155,13.413133463685531,16.128965245467402,2.1694468845938424,0.17346180423247098,KNEE_FLEXION,normal,20.85819309252948
5.2000447637935325,81.85050557398519,78.90204548503334,9.579372489463662,0.6000554108654027,0.381484102624573,0.5924105194643362,9.520203048465907,5.48188923971959,12.365666831367312,1.3782567770690786,0.25636595820325564,STAND_TO_SIT,slow,16.609663604224018
2.2008969783814933,53.13824278789142,74.72928071870905,60.917036924471134,0.49269491727088677,0.3172793102259617,0.8662072386544439,9.591457463548405,11.485960566952992,3.1329640487755155,2.406771276978032,0.22880555682191828,STAND_TO_SIT,slow,40.12140759492614
8.699846694160307,25.73144982369423,64.82317030724359,119.7129111534299,0.3461121478089026,1.0544655438049781,0.4590853775123705,9.566608226898046,12.815741122138565,12.185756686042314,2.5464533595392744,0.256203879308947,WALKING,normal,23.40880856205922
1.6029851211275472,37.3502554957865,-78.96859238980032,-69.91145368458619,0.36713467520263987,0.0076233744407167535,0.8590351597552335,9.803171903256684,9.730081081434285,22.642974013317666,2.1420880652654946,0.15898265977434098,KNEE_FLEXION,normal,29.14152151726309
9.70246630941997,41.37490999593121,42.41092918206402,51.616246351119074,0.33565559561213976,1.4713195376133803,0.5109807155431864,9.436953636201874,29.120766761580352,13.903066092864096,5.639981207024077,0.6918601664530799,WALKING,high_fatigue,48.849928462972684
7.600088738825211,88.4351151958216,-88.17147805775024,-114.39436636064796,0.6417358649026658,0.14617976510310055,0.9881637775885939,8.653700410087914,10.540810282265369,16.04246247108814,1.800180072012057,0.17598418961092144,SIT_TO_STAND,slow,43.318872004872645
0.0020060348053430503,38.38766384251855,79.85950452276467,169.6662613535084,0.8038691363007663,0.42227648946309826,2.2277354449048463,6.8878420822118525,40.31398493727404,34.60021785557142,3.590737866216267,0.27402478075882264,STAND_TO_SIT,high_force,69.35178201294451
3.999920694604703,80.29508628818456,-102.98974107095789,-121.2677935314931,0.6677583226796775,0.5434602562446169,1.2363991910728722,9.731710832496118,36.015467225551106,42.37196414411938,4.440763275596002,0.2031706841165038,SIT_TO_STAND,normal,72.06338171309639
3.300173011083843,3.4386206563042716,-0.22309201432659678,1.202223185859973,0.029681310874293657,0.0014065492833074357,0.022711376688132674,10.13294573442653,0.8859387554059855,-0.18857250912665466,0.8278833192478496,0.05970322225091476,REST,normal,9.145122780133391
0.9010222689927851,73.0011951379347,45.37620264787394,105.10057471858497,0.6178678250886938,0.3752884784800681,1.2420605110151244,9.35429668423704,44.38002338225492,29.464616905367286,6.545651007247662,0.21134466135855112,STAND_TO_SIT,low_stability,67.8895406858284
2.6007211674054393,28.41734455683308,37.899932952362256,71.58127239516931,0.21147074649386735,0.07498558195568532,0.4997825571652578,10.06074854410739,2.9930132884956984,14.038533955475307,1.7319368752651547,0.07805166203361966,KNEE_EXTENSION,slow,22.509786567042887
7.90226513851573,118.61525963641485,-85.4485821462416,-200.85058451184142,0.7201294372132673,0.30499437484641173,1.0455672825913316,7.923846158673777,29.364145637620158,49.986015228328014,9.127308958867726,0.26029618717978614,SIT_TO_STAND,low_stability,59.877062929020006
4.097997417134487,6.191107141688585,-0.9893464504496265,-0.09164475643675372,0.057396539109485084,0.12365436199951124,-0.04130896473571714,9.815857712147213,1.6274964271819068,0.016424317179386652,0.4410652608353395,0.06947788256434802,REST,normal,0.0
9.10268153443006,71.33364118469305,104.62446606868197,154.72353574598316,0.8662236154240566,0.8253138024536645,1.533267024367168,6.982899444048931,19.303222942615317,49.42924749819932,0.5399973047210177,0.2523909889319096,STAND_TO_SIT,high_force,45.37881773376717
8.899012213309467,49.9485821356369,-24.387949340997665,-39.06971133031845,0.16124006384194225,0.16792133425717798,0.5171290702693193,9.981893806159784,1.7104089694018179,12.25404814224035,1.6259590632848915,0.1379086095846488,KNEE_FLEXION,slow,7.7831184990524225
0.5969400313268607,42.25514532479485,64.5253228285839,59.69937090204281,0.21135739901234726,0.11411848545025341,0.5484258379836245,10.848597854315944,7.463413031077335,6.322347287969965,3.74735395746129,0.10459197617799826,KNEE_EXTENSION,slow,18.33472935621728
7.201142189088619,73.5886964354,74.9879859782854,133.29618627418395,0.5603482795298248,0.2542352266805167,1.2492772786713078,9.06701990882636,16.76218937656148,28.080488789688186,4.95808388553591,0.6853094206321063,STAND_TO_SIT,high_fatigue,70.08909887990804
8.906617417468278,64.81512614434828,-64.47749671371847,-80.42314343324405,0.8559457871179242,0.16380812292108962,1.788631513172604,7.833586043882315,13.289953701302611,11.201800237534846,5.406638056272062,0.2293025325690973,KNEE_FLEXION,high_force,53.099001409431345
2.4980908189029547,71.26437187480713,36.968736179172346,59.18368800106837,0.4571935823952328,0.4047711923252277,0.9517094113579314,9.195962996793567,14.66441211442926,34.616269021785904,1.4010613071314124,0.6773024409445386,STAND_TO_SIT,high_fatigue,76.07603278341026
0.8984195057081116,36.45376930902285,36.82595903571304,37.20106142379864,0.26020898510672863,0.7347581051372155,0.32137229611201623,8.745041275434236,14.44667766806101,4.800663152113301,2.5865205012384536,0.21309249772947722,WALKING,slow,25.715501507809524
3.1991787812726367,80.96360249199145,-61.631344182024655,-56.177849914360834,0.7308457005229245,0.03699106957017886,0.24375330635912085,9.260663753784316,15.017388585758779,15.591222703917799,5.04942201423208,0.2665760657911454,SIT_TO_STAND,slow,41.90965539268716
2.8011190807412327,5.795135277931501,-0.6394035537860046,-0.8598965783514527,0.027535970585407042,0.03124908214728237,0.012711378237679042,10.015576582011853,0.4403867536083374,0.6088288806340103,-0.11035341910737122,0.049907340555513095,REST,normal,4.268311669467987
4.103430514205326,6.5482302930191505,0.16890620152288774,-1.434287734481938,0.03688420075952687,0.09479650002713366,0.05635035997743662,9.598850148663024,0.5251346656066761,0.7697731641007179,0.4118685283685743,0.5797646240254517,REST,high_fatigue,10.078899885502318
5.498246080806544,60.465196760496525,-70.17288570011434,-82.728931170524,0.4403204375862894,0.037883833931877484,0.6181317078504536,8.45963055013952,14.392135247719077,4.839215605636223,7.368433760293811,0.3228059895436706,KNEE_FLEXION,low_stability,40.34063051904232
9.797752128820234,51.35058198891278,58.808048401977466,151.76378409895767,0.5102249390489944,0.10838562039743511,1.0319711108589202,10.094974004476644,16.622843342920582,24.80842873032856,3.711005378172239,0.1900266433053609,KNEE_EXTENSION,high_force,53.91152723985081
9.299629040048192,0.2243215029813256,0.9641681087146073,0.1099365624799588,0.05475048868977627,0.22312984466346847,-0.0894861319352942,10.29008131686582,1.3164223754367148,-0.2533068190227208,0.2239665001425226,0.5738461488624257,REST,high_fatigue,9.197444528613856
5.799414558403288,69.7853977988332,-51.150384996100286,-147.39834098231591,0.8948506709047774,1.030350061963782,2.279578198418081,8.044946144154855,36.69522697912162,24.22595561105124,1.0530238320858243,0.23472651404613645,SIT_TO_STAND,high_force,81.58119770954092
0.09886213621410986,74.31190740602705,-85.40464406838011,-46.755496519077525,0.5362163422632364,0.6029077992687427,1.4216183533259523,9.917529414171769,12.946637327524906,28.459981661072046,14.975087481183662,0.42132824349019565,SIT_TO_STAND,low_stability,60.33587085482085
6.498711729790733,68.64114487899991,-70.02149789149958,-137.2687023811176,0.46546258221437137,0.13828804882285445,0.9861651768940721,10.930431645739812,19.684828102322214,35.612116677420175,7.690133230021455,0.17468077757482614,KNEE_FLEXION,low_stability,38.54545917894509
8.202473235428002,108.71895023313964,-45.30741847870544,-145.7454192783741,0.6408474340967294,0.5894639301493473,2.4897974718505047,9.211489805671505,-0.6661955362471439,48.576455972534546,6.4519108049682945,0.26272055551909657,SIT_TO_STAND,low_stability,68.65479731849119
0.4002382574448896,63.7803204355664,-95.63791731756642,-134.52452070535304,0.8131095733500174,1.205829015452225,1.5648051956618967,9.047019371503945,31.115201757072136,13.308961637895381,8.401093415544201,0.4073631613093812,SIT_TO_STAND,low_stability,56.26474187014893
3.601852753495667,-4.693979098405719,-0.7819960250210158,-2.025052780519987,0.15642347948771257,0.13743427535372044,0.1252546717066875,9.043263088838678,1.3803277400324279,-0.2941296195890748,-0.4467919722586301,0.05892275654479573,REST,high_force,9.35676236810658
5.101407037527109,34.88308532823916,66.58272292664586,83.66454407710361,0.377709343196833,1.6290330026869346,0.5035378607424867,8.777731256558923,26.204250652889158,8.82066691295614,3.353998419068865,0.11589368650777133,WALKING,normal,15.8842862148095
1.9962484317678457,31.961285624629486,59.2972692412083,46.539207034046534,0.3727361406938515,1.4116840834908957,0.5393060119577873,9.70015011945915,30.44542654103696,8.24790546141826,0.6125965971383122,0.07013709886471693,WALKING,normal,29.703687571304883
4.600879353461791,25.172441503547056,-41.6086363758117,-84.77252923194216,0.2848901975106683,0.3387271373103513,0.9151223138916041,9.27027232733528,13.627832868003892,18.987026959610755,2.830506309783569,0.5895322575719795,KNEE_FLEXION,high_fatigue,35.95353535337563
3.2025515881647095,63.26635171174491,-67.68554056739382,-182.77950675195552,0.9018911275080357,0.6693292004118153,1.2093087999845533,8.231359059250154,17.828618071340824,49.647023945266774,5.904431909771146,0.32564845495326655,SIT_TO_STAND,high_force,61.09012965635851
3.7992236083141484,74.92700781203563,-58.88453346784152,-112.31402513668223,0.4847386275166284,0.20751602948685258,1.471531345696496,8.671634966943175,11.927603424711602,22.996356251201778,2.7943211010130247,0.2981022692897558,SIT_TO_STAND,slow,38.44129197747789
1.9997020580520846,17.76067596488893,47.93198827507696,126.15655251777008,0.6193190493630066,3.040116999103792,0.6735629764644694,9.983576343545975,45.8409309666877,11.971456976955922,7.970172714400906,0.16477578780176338,WALKING,high_force,33.679943772537555
3.4992318335927943,31.98963900882092,61.85930153029264,60.26141489343685,0.7617687519803349,1.3011568203856878,0.5504697276518666,9.817617718834757,38.22964288156288,13.68727983836262,3.0789419518068475,0.20101533519698458,WALKING,high_force,36.85355139161952
5.298159339018294,76.84515911950659,30.69769062960135,20.550396217035676,0.21878670225642854,0.11800083142711752,0.11598119124690495,9.130082463555457,4.0688881349960875,7.768393064218054,2.461009546635758,0.1832364504286946,KNEE_EXTENSION,slow,20.21738534375993
4.999656038565788,69.11440004942138,97.9858663207467,134.90443096646902,0.8235192828895438,0.585403063516994,1.9202709647284084,8.596642375860105,12.441734545444085,9.938640192253672,3.252934650945009,0.09002665492539869,STAND_TO_SIT,high_force,53.187669130497106
5.803479296083863,3.167815517863873,-0.4983466270237646,-0.13130116549826706,0.03468967544926535,0.11161554006516601,-0.06213376032267934,9.682524325387128,1.2891001144865941,-0.9657016374547068,0.0019086239025287858,0.052366958267764094,REST,normal,0.0
3.09843984717857,27.789048976606118,41.08867750954903,40.35717046540854,0.294146392138664,0.5637296893807278,0.38725317262116654,9.652032247061666,27.710636893456783,7.4103990778035485,3.384734309985456,0.19275894609951766,WALKING,slow,29.776251036815797
8.09620760748435,66.05274289736445,-37.37648730458793,-90.65221699703817,0.7782911568101307,0.49639021040009385,1.0460237822107057,8.277879084496249,13.788686714480466,14.199438832630763,2.9454021552455822,0.25394740301312196,SIT_TO_STAND,slow,34.31458283488516
0.29944858047852113,62.20467247410403,-89.11773681631351,-124.66481175675365,0.4023643685864525,0.5791279836939323,1.3226022531958208,9.090104458332492,16.298334109851783,2.0074078089141096,7.031006480075491,0.1976063091834643,KNEE_FLEXION,high_force,48.26076095914675
9.200942301626661,39.12083354581829,77.30028214392576,76.19593893719852,0.48840266165384344,1.7888693525412065,0.3802389561862932,9.344754625993753,38.438599949263725,6.081071280426127,6.117624205386537,0.2213487081832181,WALKING,normal,16.9805162294367
0.2978981818872851,46.180582584929645,-111.59755671250035,-93.55528441267614,0.5879349291439799,1.2369908335704727,1.8956390456390482,9.938430996282296,44.021903449718614,45.495270489027206,10.472549266852734,0.18771899749273455,SIT_TO_STAND,low_stability,78.89857833515066
8.695458527478648,93.02673299604889,-106.20489412673541,-111.52369413291754,0.6942266685303585,0.5743416367142494,2.009882232000195,8.03063149000912,28.887996615258306,44.312322164241486,10.525809193489385,0.2071635789848129,SIT_TO_STAND,low_stability,91.05746285520715
1.4977295364556547,42.02750977115494,37.27733472162749,35.25687505242039,0.2337354932916047,0.03591092589265025,-0.012467944464501063,8.92339293555319,4.591497056399051,10.576037752471743,2.4463864861295317,0.14241157605778132,KNEE_EXTENSION,slow,18.14619045407946
3.001232715245506,41.13627965764614,34.1320124135797,33.63728064750779,0.17275053431471032,0.18250139497528067,0.23448885537706793,10.093876935473318,4.878583627422001,10.700724173735919,4.168299210038631,0.11148193576876098,KNEE_EXTENSION,slow,10.802375811090673
4.499181614102583,85.38022513550735,85.24963103407185,81.47022623716525,0.653361841213795,0.694648125319339,1.28322339468861,7.897813329260479,13.400946447272823,30.55780498501849,0.7576076992701108,0.35054850537293436,STAND_TO_SIT,low_stability,61.77375516160906
3.8998376252989218,46.137434110322125,28.364763629425845,76.06497817848386,0.38172710147447186,1.393194218804619,0.41564408606269687,9.80667356390573,11.505875308893598,5.216128107922026,8.138062520139027,0.7431209239525615,WALKING,high_fatigue,57.36573419526462
8.801345036494574,24.01062308355179,73.98454430357862,57.79230844061848,0.42549983784045325,0.4545494156327038,0.9021146182014467,9.63288711582852,12.577332551836149,29.920129104091547,6.260273287067885,0.10898012370516307,KNEE_EXTENSION,high_force,31.13579787358332
4.899699189570788,71.03002111570922,-92.81067379880413,-245.33187148504584,0.8861973804073733,0.5408335117554185,1.9418674207946682,6.629071890806263,28.05925661110738,34.90702538810284,4.29522576778363,0.28174686776329505,SIT_TO_STAND,high_force,93.7218534664389
0.40090686724667907,30.739150174071824,49.897327915930035,98.10401633994123,0.4310155376881526,0.8456221459146286,0.6237762972736394,9.384409453101638,23.419046176000414,7.831099233364482,1.4764595044362163,0.63724908113319,WALKING,high_fatigue,39.708580459159904
4.298382424136423,33.58447847856527,50.147040523553216,28.86578246688762,0.3538671079206897,0.16539839379224738,1.0560867126804818,9.235280841821533,0.5739849827012637,21.21548983277236,2.6354414214060875,0.1250889012094765,KNEE_EXTENSION,normal,24.67685421794141
7.901577893078904,101.8570145963029,-99.01949055819192,-224.3129674829473,0.9408239203909857,0.6251508798382422,2.120979559199202,7.86569727476364,21.366918750644917,2.793506479224342,-0.12414031585211377,0.20845421447306486,SIT_TO_STAND,high_force,87.78643134712301
0.1968161114649307,53.430345024672555,-48.05399311588384,-119.80857006808466,0.24604282913702052,0.1305669739123953,0.8913085306382915,8.719089741030539,5.541189916241056,22.787396457642092,2.8858796297875844,0.8060079494166803,KNEE_FLEXION,high_fatigue,46.016135522923676
5.901310719162995,32.675393336623515,38.7833015808541,99.51034297698482,0.26930943919449674,0.20098612514760952,0.709380459024126,9.815515275526765,9.50054866420225,-0.10055875014727716,2.676472992864262,0.6061432242101938,KNEE_EXTENSION,high_fatigue,43.788866926107644
2.602511268765494,33.515023117024775,-61.31869063254075,-45.685601077627766,0.25854183644534035,0.15305631476833859,0.6904399512539167,9.421765285249936,8.886059543523368,9.87348969618502,0.6106921064654651,0.15350512368096353,KNEE_FLEXION,slow,24.814603689604873
8.697567732170059,74.53047833508047,-60.110107404944124,-96.44100299431116,0.37671435392018654,0.2717711607223568,0.6798850852512397,9.173098882409562,20.77182651559541,20.60235042283514,4.6794307644047715,0.11812676177010487,KNEE_FLEXION,low_stability,38.08802798541386
4.198014750655486,64.73935412751655,-91.08028857420332,-43.4050845436477,0.4228844277711689,0.19508808994828156,1.0930506671447067,9.432573794889668,17.16699042285137,18.583121175792407,2.9217669572221325,0.12963243511966893,KNEE_FLEXION,normal,32.39862591449668
4.203036734036218,88.25581438720866,-44.87157276802082,-65.72141352608584,0.7056103024410262,0.6600761342031701,0.8640011528245184,8.528001996070145,6.0384081098646165,25.72895877975737,1.2067959735313387,0.2731520355516484,SIT_TO_STAND,slow,38.3260820487684
8.102976497247866,35.83694455557711,-46.16816616374224,-8.344656276448003,0.24552164279868177,0.12776477552711038,0.5418574368446655,10.329689522941003,8.46398745841055,26.659398373868342,4.707676673508694,0.2543572739722792,KNEE_FLEXION,low_stability,37.733950699929395
0.6001842949760691,45.012154763356264,63.36353172399527,56.85708601135066,0.6476938006007028,1.4538112464354835,0.8651118079236567,9.188380810770617,52.08082462542325,4.8651042652836995,7.330954855572026,0.19450861598856742,WALKING,high_force,54.33256768230259
4.101388431938553,37.88619134498067,36.384992435371636,42.90974593963159,0.1460835466779915,0.06485754110904593,0.40824380403733024,9.071080453912156,3.9866344507939546,6.409864176798255,0.5274214683638113,0.17498600360040842,KNEE_EXTENSION,slow,21.076678910811015
2.2003566398963423,73.43900056791202,-111.46997985493155,-151.84773410498784,0.44791661042697667,0.279228339079978,1.1924293499801057,10.401533505558431,27.108641548875397,31.91901820048347,2.879154128876933,0.15276261957944676,SIT_TO_STAND,normal,39.332510093563656
4.499726331054644,13.905972895885851,57.379993597731186,41.1388977844238,0.5685396466380697,2.509406469220611,0.5052242158424964,11.479095829058041,50.60104726877321,13.784231834756527,4.472096423827452,0.33744345378901064,WALKING,high_force,34.51021714827805
4.598552659721041,80.58387862505141,52.589177640236215,150.53211669369355,0.5477038430502496,0.3263478061224612,1.6630680138419809,7.894876206542667,7.6904149684632115,17.84583275526216,4.099964742243946,0.20499737498867343,STAND_TO_SIT,normal,39.03297186248671
5.696726396632743,67.74095872433895,-40.732784033095044,-171.70564251645985,0.36742364495372737,0.4814534841605945,1.4175639247715857,8.954430991440866,22.726327012499357,25.04487826464529,7.439228016920873,0.1559403779807273,KNEE_FLEXION,low_stability,19.65624450207151
4.600310697250166,81.89858227016124,-83.4202751355038,-94.86098335177542,0.38588943690371386,0.31652438731975024,0.8611283792995417,10.343423621957255,4.702481827457007,13.30641997663817,2.1972825978502875,0.2071464506171423,KNEE_FLEXION,normal,32.05532569026081
1.304624133102406,37.03654383553617,43.57926314149272,83.6160065589661,0.5950103083692457,1.3762674021354542,-0.032908220786602396,8.901439143287961,31.036243014662613,7.124176568220417,5.337428976661454,0.07803158622405969,WALKING,normal,24.281766002630352
8.095658769180408,2.9737968099312164,0.21968192586020485,-1.74506292473256,0.07352234231879749,0.17212721595318625,-0.0574926397897586,9.491003699485116,0.9798587750401291,0.4747874054340112,-0.7653223053115776,0.04697504706507249,REST,normal,7.564057190406685
6.09785337029196,59.9014712033374,46.449078371311025,20.079649730818648,0.19802605356313147,-0.0011631080011217584,0.5475772181430524,10.125513181008118,-1.6634665341605648,6.991543773933071,2.781989936013633,0.12438043799776653,KNEE_EXTENSION,slow,21.23702934677495
0.7991988729236001,47.44113321653264,-162.1693161225505,-194.48221899575591,0.7715784032116968,0.6511799475349255,0.8618531797708925,8.654118312335235,39.16599592890025,25.187681566505514,7.914462508943773,0.2893866717042454,SIT_TO_STAND,low_stability,52.38377473115894
9.501463988628927,78.36589524015714,-26.34816690120765,-105.44354111992223,0.32327758325099176,0.12354430006715608,0.7275776131045528,9.78386327616156,8.72972919847064,18.35782642012809,3.28440417171704,0.5604825537019217,KNEE_FLEXION,high_fatigue,29.94397387513736
1.3989794105043607,30.719532470093764,37.239312092747326,107.34958270961383,0.42433345192334876,0.7563061061293609,0.6366895078246626,9.24702985421911,30.957710626880633,12.22670982638794,2.680253705948203,0.6223262961341236,WALKING,high_fatigue,53.365489651601166
0.40363690680711267,80.7341883758374,-50.37860991561927,-141.23154088183372,0.5837990823164838,0.6752542352384767,1.597073366854874,10.471277101311735,13.844499787293033,43.79439470742062,5.622953749127055,0.7938183205811171,SIT_TO_STAND,high_fatigue,90.73088111227648
4.701691935013848,58.23896718158881,48.27188211289721,90.90203736595312,0.5026985798067944,0.04749647593448608,0.6501661623036789,9.665703173207982,14.35744191903116,20.14786532671972,1.9445544715558456,0.1831696230147972,STAND_TO_SIT,slow,31.008072964269395
6.001388702715041,20.041818900329197,104.91357432330793,157.95547149131275,0.3499362122553751,0.30502461192674607,0.6271025182832746,10.461030432415505,13.574002159889808,27.81502978949636,10.985871910000242,0.1601244193006718,KNEE_EXTENSION,high_force,44.80222345826338
0.7997990905297341,72.01820141401907,-54.7951052068258,-108.26458040537845,0.666988458545557,0.31857941997297234,0.07456281428445992,7.526745484701214,21.365576701502437,26.84006596494557,1.7068015903319658,0.30948437678542146,SIT_TO_STAND,slow,38.0564806095434
4.998514642290598,6.668899447878489,-0.2681568562846094,-0.8358683975003293,0.03762761757404238,0.019691181559801745,-0.007765251602939306,9.610269713989622,0.4976305685673695,0.13486936198286545,0.5747146054124838,0.08129886175101485,REST,slow,1.8373784369780144
2.597468627783624,1.3153394239320146,71.43857527475514,94.56011234467957,0.4759606564057274,0.1592362422934073,0.7094171948621271,8.76825516152652,18.801343004163073,28.090491644683066,3.4402421199297457,0.24039079824559115,KNEE_EXTENSION,high_force,25.524983291152303
7.401549200230663,40.73726653830511,81.48658168110185,75.05950511573268,0.7450470522344013,2.4256765286709534,0.6103317251848404,9.19182004887787,32.46505200672096,10.104698197666888,3.1573406548610663,0.11215045402763409,WALKING,high_force,34.550090393349876
2.8986243849659794,6.853860682393892,2.0634050510933557,-0.00421748252983091,0.09950369843196077,0.49193996219903,0.2939567008263855,10.272385061369697,2.446784183391239,0.9789281213503159,0.8312672664120238,0.15208075437580532,REST,low_stability,6.395871903987717
0.5985753258711747,5.011585057733484,-0.9498860296995449,-0.8497977843597712,0.0446331729972844,0.09190655838470271,0.12112968334088964,9.791974059103348,0.5399126351026213,-0.06036214991474095,-0.1139221818317521,0.0634015848440438,REST,normal,0.9325580866203378
4.301249872781063,31.00361174762423,60.92445727645295,57.53553737376869,0.42890558856402966,0.2334851872758802,0.2866818560032189,11.09891857616481,36.0282205220364,11.055920100382435,3.8062992069267545,0.6902463692995974,WALKING,high_fatigue,49.50067103650743
2.2016252552269395,61.96842104120038,49.449263216220814,139.98030646955263,0.5782761832159872,3.4862067779085772,0.9867722190235328,9.252759029036676,68.37369135678307,16.78242550074084,13.235910166450353,0.29500603754162,WALKING,low_stability,32.09288988495196
3.4016480114274836,28.55257380724268,65.47474461754638,106.48857476616735,0.5857968751715485,2.7628543015882894,0.6791811816990452,8.60768090173045,32.223875797825464,13.164268687158657,5.229320018629404,0.17034732142521058,WALKING,high_force,58.42030345744477
0.9012775949724559,28.965633302302738,47.20040851727142,96.80395067036875,0.294056329649735,1.5026692885706294,0.2167738623958379,10.379381817849861,23.995447436187604,12.33966707154246,7.4863914035475645,0.6749728199771852,WALKING,high_fatigue,64.67215405022907
6.799801802816265,1.3323749684615602,-0.6749413509019566,-0.7476536261025191,0.06431861304297574,0.12895704946236608,0.020841760551940917,9.768192236894356,0.7131877931072487,0.07561374925676187,0.017643709960300197,0.539173597845616,REST,high_fatigue,18.37085493513111
8.104109090189242,6.724379927755337,-0.44464736616043443,0.4927726655838164,0.04715160996729865,-0.032940843044058615,0.04469168541618461,8.632403041472827,-0.5539337016734808,-0.7490402481680923,0.3843229679126995,0.08649769437649169,REST,slow,6.778692507544698
6.402762558031118,10.020602422856136,-0.3515189234399676,0.5560829203504196,0.045181961517715814,-0.02707645488978769,-0.05430865694859055,9.47238249918303,-0.14830533259927187,-0.3219511669646236,-0.24521788970117742,0.08971377918381031,REST,slow,5.982905179879181
2.2997716518950613,77.09611117748203,89.97299721058074,134.32871058881165,0.523474760908753,0.557218503855892,1.4759030484265718,9.3875618475514,13.310519486036867,33.24100994583339,-0.024299671826482076,0.14250868964707353,STAND_TO_SIT,normal,40.94251001468194
5.09836756154676,3.4272730512441734,0.41833855228953987,-0.30028280115916334,0.07862832258160267,0.17963074920415578,0.07590281667649898,10.1883308297445,1.5804496568925082,-0.09178323564696876,0.5084666442368275,0.564296735064684,REST,high_fatigue,4.68548635865038
9.000847011531855,2.5419703461017673,-0.30359507792591467,0.7342141050032668,0.035830079032316206,0.13257441017073707,0.022063390972326725,8.236848651188868,1.3098064934358187,-0.6384945891735878,-0.1913381254261358,0.6561608750749601,REST,high_fatigue,15.642830053300656
0.40129466910167155,62.415439682086244,-84.76782005358014,-117.14158091229882,0.19438845594484105,0.23809505712670112,1.1376867753414486,8.624215664283934,5.648513285125661,15.87337072045914,2.6483501544818986,0.2024226794597714,KNEE_FLEXION,normal,28.2952319479349
4.30015509428759,90.62613779248998,-61.1163538511138,-63.216443669635744,0.6616568349405991,0.1394026690699747,0.734861709251482,7.262679500661004,18.211336450340294,12.290616877880195,4.078782044622782,0.16509941131354827,SIT_TO_STAND,slow,35.18081404166821
1.0998252859638447,78.7038748855286,-108.40122515760956,-122.12000991799772,0.731541047185616,1.4043422112087576,2.1800632971841583,8.434647780686031,42.45942286832412,32.82606774379865,8.774059506650875,0.17606865461257745,SIT_TO_STAND,low_stability,47.778785767267316
4.198881719784207,65.25271291952453,-103.60297206284255,-124.30492387794438,0.53992098338568,0.14032504806264962,1.3093967977910328,9.010195895901703,10.376309164077087,25.394981178593433,0.3109530113915612,0.16371229103727059,KNEE_FLEXION,high_force,49.035133422531935
1.0985496429330006,86.84840783399234,-47.31301255364806,-78.71115205810466,0.43781554130533373,0.4212086682850048,0.8301763172505,9.381306899721107,8.584504102430543,19.25401251256523,3.6621006471173545,0.20674376848899456,SIT_TO_STAND,slow,29.01257114159575
5.399399200104872,55.449941910041524,49.82951447082635,109.6877304382915,0.3013921691495132,0.2040357309747725,1.1616418943990103,8.664687268650974,26.466845919075652,32.49942503040329,5.705965270850264,0.30091636888022844,KNEE_EXTENSION,low_stability,28.964069476827486
7.701414315072084,63.74702207110422,74.80263086243188,103.48017117566751,0.6066996621254765,0.3380415968931374,1.4056038787184795,8.020451993059602,15.99890850535888,17.497040541651476,3.1143597594427472,0.8346969688258452,STAND_TO_SIT,high_fatigue,59.048819951452266
4.098468446856299,94.87010666407164,-92.72792027698935,-145.46314067329718,0.7398972547516688,0.5621527699426287,1.5489824172427427,9.00655890843356,8.731478755038191,15.8784602757654,5.412928046369477,0.6260609008524172,SIT_TO_STAND,high_fatigue,97.081904442378
8.901145549682896,78.31112537006031,52.07703015442511,118.81400478368481,0.5970558230662312,0.5217982053132657,1.5666690776605912,10.362094441615076,12.671974109558883,36.19633211155439,4.731893177612345,0.251403020537326,STAND_TO_SIT,low_stability,39.65453746459636
0.6014792527331922,54.15375245654264,-66.56554953932302,-166.1727204444272,0.779850898160263,0.7355464543300749,1.8020046633252698,9.406844643389135,25.489246031764566,26.25053985373514,8.463721205675062,0.20465184053054863,SIT_TO_STAND,normal,48.606440044540776
2.699827190502553,37.37509944304174,58.49002055987622,81.42671975087148,0.5557496306538294,0.034858358967992116,0.373794786174501,8.190979322429357,5.902026284401408,14.166679859110397,2.3492186049403885,0.23265096800649093,STAND_TO_SIT,slow,36.88570539992737
3.1982118702131257,69.92034500187972,56.63928676924764,58.853214008460924,0.4606040588338857,0.07453871824810701,0.7184280284588822,8.794927054546212,1.8861226648891056,23.098767300014483,1.1528279102367311,0.22458445086009424,STAND_TO_SIT,slow,27.390919516654193
7.400711945646063,90.0632474936453,-94.63523025286098,-130.20935924424361,0.7090527805240141,0.39005484558055875,1.6169986790335027,7.278393955336641,24.073399253248407,21.693311865341574,3.4006910733286335,0.1860426304986412,SIT_TO_STAND,normal,59.65651359083354
7.801351969628708,38.149167108791765,44.628918395660406,86.78668156097727,0.3679588115943415,0.8645534137445152,0.30562567505268406,9.770459645324335,39.67782241634227,13.44438690358105,6.517767344813871,0.1775420100224055,WALKING,normal,15.857084217677052
2.6964327026079333,25.713079637691422,99.06551532011923,39.343619824130414,0.4658788947896221,0.027112430638674814,1.4380810504360095,9.506436904311373,16.83998385541259,24.80144954049592,5.912735458884185,0.18073641870773066,KNEE_EXTENSION,high_force,33.76666370325241
4.498818055875427,40.250920280579905,-90.53878472444099,-124.60262528154288,0.3126619650006604,0.37783400094456066,1.6207291203974545,8.902502550372663,1.7332970897081288,14.863797487208194,4.6387555129773,0.14991995110209122,KNEE_FLEXION,low_stability,21.503401435086907
6.299744829987759,67.74054683606182,-70.15465538314629,-88.33742260946335,0.5910227292931458,0.20104502631430396,1.0744122044046436,8.157154165136673,14.996479855037327,17.006073111332903,4.598652776785753,0.17573613120756987,KNEE_FLEXION,high_force,53.600161784982944
0.2009070977805923,81.3290183928527,-69.21796500600564,-131.98419048244452,0.23506266882973342,0.7778209553005946,0.9755467006014066,7.8389492654938016,10.290627845834369,27.651072092280735,8.37327531191788,0.17369023785956816,KNEE_FLEXION,low_stability,32.71641245213535
2.702641009414965,4.654041123191004,1.4077810508292161,-0.5954805734454295,0.09489240117606422,0.21521183419325385,0.16084225190420293,10.019804463653912,0.40057180587244273,3.4232662168659385,0.9031658547251191,0.07658637626474005,REST,low_stability,8.745805159939634
8.999242707544282,42.007996339406915,74.74110085368449,77.66273111285349,1.0,0.8802666129726207,2.4343586050260306,7.862421525906409,18.895726221953677,32.286271562003776,3.7967334914731126,0.14751450816980982,STAND_TO_SIT,high_force,48.54843402283071
4.196549307051482,-0.6617109012036316,-0.21550012024485393,-1.140986985276656,0.05358797146182978,0.07035286682799287,-0.05997151175734962,9.735732956696703,0.341068432107678,0.24949197417368885,0.09571302627254238,0.5881272689099633,REST,high_fatigue,18.368478591955178
5.800668971986987,27.801293841028397,56.62797680823485,194.78322728630891,0.44778640068689435,0.48027530597119034,1.4432793458999529,9.26570750818835,10.131321401690457,24.114271303337578,11.729134112210554,0.3102289604750847,STAND_TO_SIT,low_stability,39.69093278116942
6.9972934521243975,54.67868748792561,-42.057515024800566,-35.92075455090375,0.22143340067215717,0.17773310124321037,0.7354958493896114,9.589187214085198,4.820162074452885,12.944983408396759,2.6226820401772217,0.07254086636304051,KNEE_FLEXION,slow,21.724536426813827
3.1978840309701204,46.99327388150209,48.680755219048415,36.75680825360252,0.20909214447852933,0.6733852309591876,1.3363679728436189,8.31691973740832,10.46836568576553,24.264040534744062,4.195142563182583,0.28325040035806837,KNEE_EXTENSION,low_stability,33.66228405617639
3.197529982026212,44.03627066603429,18.178876281945843,103.20471366326663,0.3993841434921492,2.0852711090428113,0.9735310705197444,9.84964534151925,20.83689297106249,16.37924569298612,7.54912027452598,0.3778791024595698,WALKING,low_stability,44.78154849834529
7.399565231203857,63.653170172404224,-63.24585546729675,-132.4320437456971,0.4463764501040906,0.5094099868898999,1.133278376874586,8.649645489353214,20.07455722337196,14.427244691347008,4.588479574719302,0.25288486905946816,KNEE_FLEXION,low_stability,33.05736428776838
0.30293151200615304,47.73420071882872,-31.536534229113524,-63.633882390278856,0.21570989424555115,-0.028770094318332315,0.4356596489641997,9.252716681896844,10.961243949943936,8.633182803360404,3.298920365652299,0.16393906135685715,KNEE_FLEXION,slow,19.938801518307137
1.3965227606563255,75.12861895055559,-78.03939394408447,-94.97368113815797,0.7011932905464956,0.17684010747297024,1.176584053947231,7.667693842115478,23.903525813721657,29.015310201275206,2.943876199713812,0.7607088395896461,SIT_TO_STAND,high_fatigue,70.762437312723
0.10019775418966492,22.51444036231332,-101.52263153186125,-113.28890084081704,1.0,0.5621478901763919,1.7929800328202432,10.830765124346627,21.156333196214824,34.61185143696372,2.78153782960773,0.1536023495678453,SIT_TO_STAND,high_force,57.18284308409952
1.4003790744841793,68.99448636035525,-71.19008838821995,-107.40910691269966,0.3807872627106778,0.2953374621335145,0.22694035257897804,8.693679270508563,22.058620143295496,15.583743912988835,10.336679202436951,0.278502993564179,KNEE_FLEXION,low_stability,36.16513454304984
9.903906471557804,100.18518814205304,-60.12003124222732,-87.59663413383856,0.6984094046858293,0.7317251408043283,1.771610312699305,9.315187542289628,23.397906982356957,19.316936245875887,4.368573476528831,0.7414721259180753,SIT_TO_STAND,high_fatigue,100.0
7.70298202476002,22.159146389049525,84.07673422858373,83.806780931549,0.4219776826043981,0.46042887089967266,1.1622623877802774,8.881711372148352,14.152123497879451,23.704634293993912,4.537256015848403,0.20679361420560133,KNEE_EXTENSION,low_stability,33.41171584818734
8.597347207793362,4.367107368329415,0.18370116213938917,0.25641055877421426,0.057391742404911746,0.06644732325911927,-0.05907360375343411,9.875184182260341,1.0172506606639526,0.6219735433846759,-0.7002898085478293,0.022037806804022987,REST,normal,4.051406886256436
0.2988993785613349,63.42030556336814,-57.44193787116156,-111.68216528308852,0.816510888894438,0.21856817401682957,1.0286652101660043,8.539977652384437,16.632538465838167,1.3668499138033905,3.70845903362776,0.7422439229674923,SIT_TO_STAND,high_fatigue,80.35178292512273
2.6013722859014345,41.09489126570637,40.34632606651027,50.23773522920719,0.26975078636211836,0.1920720117523907,0.9567093289716916,9.411094771196924,10.27263168962196,20.37833088928245,1.2484191847693402,0.7222265268416217,KNEE_EXTENSION,high_fatigue,32.0867472477503
8.105137602645831,71.02528127510847,-84.06652213427239,-149.43016228663052,0.5508227712497236,0.6960761236858904,1.3026945237004235,7.476531186049179,26.66234023111127,29.825436406532468,4.20101549220199,0.6931297394613359,SIT_TO_STAND,high_fatigue,100.0
7.7036444764534595,51.42289377309394,63.220517296098194,100.53185857266729,0.7477248025420205,1.5353421648086598,0.7117959888782578,10.673794790153073,31.653777908851,11.226864520096036,9.0192011607611,0.23204293637023765,WALKING,high_force,43.33299606202806
9.898021457867797,52.69619956311813,76.62096809729721,65.29546165809623,0.5241492093857201,1.5721307655699768,0.6941044049053157,9.77271812286032,41.946580417523876,8.731616699144666,8.95857120157048,0.14249367721598064,WALKING,high_force,19.729713171624024
6.598565758683403,74.84343792750492,33.96841800867013,37.40558014812073,0.4155344689812183,0.17618452169916846,0.5121214969007604,8.52634095518246,17.12992577351444,9.847026527846035,1.2486901754600683,0.2142051037318572,STAND_TO_SIT,slow,15.032617453760096
5.398549216955985,4.527877139498003,-0.053002682521809674,-0.2495661738963332,0.07075406973764295,0.10884172774677274,-0.004246211308254119,9.86302738394791,1.9112576464764301,0.14020894720592963,-0.3533168285849816,0.022453686889592653,REST,normal,7.093450517000014
6.200532050677524,66.39668409127668,-58.80755181371987,-68.88333984932498,0.23849747190521547,0.07188563338245267,1.1596556943190117,6.498503537705633,27.990459349045157,26.750971035107085,3.842043037843405,0.26212533229762136,KNEE_FLEXION,low_stability,23.669820372303292
8.698434080885217,80.31138954653416,-119.2591457433281,-176.28691147953032,1.0,0.8273796492198039,1.8324219719587953,6.815726817731351,20.90832621364156,34.74272504281113,3.0321098930216643,0.295951907589831,SIT_TO_STAND,high_force,51.433537132826366
6.701323403692663,74.56061697976399,63.1490327394717,51.535122914394286,0.4656227843349502,0.3463286607967493,0.7839735373048906,9.465053710425213,11.808052191276733,6.3430797287289735,3.6862991154570715,0.2605550408419726,STAND_TO_SIT,slow,32.95772294958179
8.600864235429897,9.761573521713188,56.293636120564614,137.3183439776995,0.35506683212299067,0.11714958300315256,0.39155222778904575,10.511643852484703,4.23794732297607,19.07211379889206,3.488536393845397,0.14331459759406304,KNEE_EXTENSION,normal,19.3314723190548
5.399314490616323,40.707320434763325,-36.25954921837173,-47.87257992993071,0.1521426327790665,0.027484012587956238,0.7308713075815161,8.974742672156342,3.5480028132871975,13.261110363955883,2.148122651218934,0.16022933187342783,KNEE_FLEXION,slow,24.6037896422403
0.10008466294064837,55.81803464765495,114.75023991305007,132.29764679363925,0.8851099589948733,0.4690678146851749,1.4490618849136556,9.563091247164067,18.43913525828098,33.61260010285198,2.084913878675866,0.3097589071050395,STAND_TO_SIT,high_force,55.58524766737967
4.496551872174464,75.69625271429747,-116.5300160636421,-151.0296199098653,0.6323132460574361,0.12185523990538094,2.555535029435127,6.730222203155376,23.17617763737964,39.3039099141793,8.028564288807782,0.14844559471244478,SIT_TO_STAND,high_force,44.9486853374532
1.3021514459349883,4.993282907777066,-0.7205001161348198,0.40090905484493916,0.04281113850663109,-0.056784910655422564,-0.026677723075928094,9.62300687655539,0.059700199949509515,0.3893994488006362,-0.5126093009842109,0.08276446850948606,REST,slow,4.283874660857651
0.5985970447904972,40.90235350687974,54.963815995434125,69.99967341258193,0.1596872099763295,0.145779936980333,0.6694171453655645,9.867138153480298,6.60389347484666,-1.3837733228988238,5.690282053358838,0.1364404215524239,KNEE_EXTENSION,low_stability,30.122259299968604
8.699864680652762,30.734273938354246,52.822747005821356,56.11154819889833,0.4719836074723758,1.5382407010176522,0.03690007037986063,10.234635018386925,38.32231152511438,9.580789244747294,5.335654095445115,0.6925524583867438,WALKING,high_fatigue,52.99057037941001
0.10141036065194017,42.36450016731892,58.47635268552386,121.00294584622148,0.270105382132286,1.4733205699285374,0.4939845101332554,8.703260648693943,31.848026016998258,19.312307728443624,6.024464547743832,0.15287128873898426,WALKING,normal,13.484419706394943
9.097668294148939,57.271770640897664,63.23353398168481,121.18879811604195,0.43957671904621165,0.3374322149592256,0.882205843618812,8.15357793761488,16.550680515084146,12.491125663636266,4.0637185893071335,0.20577297826377255,KNEE_EXTENSION,low_stability,30.812227550321676
0.8987552375583004,75.29545945846193,-95.10441088061145,-163.1745976973393,0.6438061839075382,0.49112639681557413,2.3806403816028214,8.471243964004668,13.117635831698689,45.83398174169239,5.807852243041013,0.2383065872786852,SIT_TO_STAND,normal,50.72880176437504
9.796963891601228,65.76121468829174,-55.03138438590484,-46.90136567761909,0.6803974510928268,0.3216680223598027,1.1835171991181166,8.47943611062407,15.695435649234518,-3.858601219447113,3.9842994779422636,0.20498067155648902,SIT_TO_STAND,slow,31.00764565645896
9.402021069535305,55.953218264149385,-97.08772278253042,-143.3788764830246,0.7663354140841566,1.2629680560163403,1.1873159025073123,10.230040911313615,54.934131678745096,29.089465976160724,10.513138645051411,0.3665275902206169,SIT_TO_STAND,low_stability,54.03168712291642
8.898914952240151,80.11527818190659,67.15665987403641,60.67997579342574,0.5867470445069997,1.4408933844090166,0.15902050629744552,8.7883018925569,43.5882210224829,6.807224841704258,4.622987769523297,0.21701936665133592,WALKING,normal,18.445743151197476
6.801138729510805,36.98641541707747,38.28480488587889,96.76190045176608,0.8021067175195102,2.0082500599732342,0.44846102568270707,9.483746249145382,27.7637785767502,14.281242129433963,4.635547798935989,0.23617814227793643,WALKING,high_force,34.5374176398029
1.695500432444097,3.174355549113711,0.022381290310958705,1.3414873138109602,0.031426843851467476,0.16380144493586915,-0.03420564259625149,10.220885297900576,1.3092272544041248,0.12249374191726697,0.2644473152971102,0.04452298988907526,REST,normal,3.9161887249896634
4.201286714406519,89.88728149207641,-38.33535953715954,-131.1304059909474,0.6043437753530561,0.5711465914858784,1.2885746482096319,8.75195820731065,16.40684099623459,40.208399875626924,4.199768796400476,0.18312790697957368,SIT_TO_STAND,normal,47.158779508142295
4.701380655089089,67.14235420216278,-72.10490804004101,-77.68460881028129,0.7230655522771676,0.5182666963481963,1.5415771655168984,8.644728423733172,13.550672022503038,28.213205816198144,2.478318407825801,0.8091544286562852,SIT_TO_STAND,high_fatigue,71.48169961622268
6.303936357843479,57.14994797854367,-71.72622463571226,-105.92840133647273,0.27740032034298423,0.22238523890685366,0.7424448986544585,9.953152175471729,7.563136915002597,22.499886579545347,2.2363065093596557,0.5815498168890544,KNEE_FLEXION,high_fatigue,42.241491454239785
8.503107129336989,3.006378232734883,-1.5605831890687665,-0.3629470917926674,0.15300003343881927,0.17498105442515313,0.10859880489154988,9.560440046160966,1.4791329345973514,0.39762283794639514,0.07913002888124866,0.015321551935406755,REST,high_force,13.30724997731036
3.7995437416709525,29.95192168695624,70.02778647974972,78.50142677002653,0.2527951960884045,0.1273479380071941,0.3309340066188832,9.668049001166214,6.444883795002068,7.944118907746977,2.904157560235253,0.159973352873461,KNEE_EXTENSION,slow,13.32255572949121
2.801241594878295,1.5727464472022725,-1.8667188335593508,-1.1676446082994218,0.05719169782377797,0.16033782520248147,-0.06303376531678655,9.783986193497864,1.024068122834539,-0.3566534827051998,0.6155955125956566,0.43642567118059805,REST,high_fatigue,8.979881849820663
2.7999917830319245,99.6986060538725,-89.5844726457827,-174.07637348158104,0.7116068699782889,0.5503404520620696,1.97526601267563,8.21730795808698,36.36234493601446,38.325627482594314,9.711902862828058,0.2647474268815134,SIT_TO_STAND,low_stability,40.478432430947876
4.802773903758856,49.45435025451011,6.853659061514885,103.5869137279811,0.37500376823647436,0.17303634735029277,0.6925374512804124,8.723305030690412,23.867337485885976,26.055617478117817,4.550200312618954,0.7290720590695,STAND_TO_SIT,high_fatigue,50.96683344298283
6.9034834476574005,27.715379331721273,8.63556550978859,10.414674916789853,0.23352073118419367,0.8739145881095151,0.14576577456954237,10.369882216360603,24.33840209515334,6.574308414910007,3.3662553757622815,0.2333219362576053,WALKING,slow,17.5665017544131
3.097754463135458,3.923881217033107,-1.3771799442149677,-0.5897427291929191,0.060588563961571036,0.12358415006854884,-0.04704299499495798,9.759416139701713,1.0039912441999066,0.7903185556903058,0.22131206261721914,0.05405550096504735,REST,normal,4.210779726630942
4.101940802156852,117.91503053982309,-93.63542854336504,-98.783014146854,0.7856213845077922,1.1510458644527113,2.4825435370752666,6.323084655692256,34.518909840457155,63.48518356524315,7.206404545139443,0.18592779993899305,SIT_TO_STAND,low_stability,53.391198715775985
2.1991533165413317,42.98610120786265,72.75229590561507,94.16902164521834,0.6581800522437015,2.2367559271390314,1.1211944730387313,9.243579638655717,48.00813845262577,10.368817308116627,10.505761981424863,0.21483285065719832,WALKING,high_force,55.386046095271006
5.100233237004608,26.493914058223098,60.23875157581695,23.20151156539062,0.3577272754929628,0.9200357677244538,0.9123492663745008,9.330610268211487,22.700336141370954,12.834884161526844,2.9679071036132463,0.7248300679228751,WALKING,high_fatigue,36.524036480403865
1.3981672734548238,56.56551352990223,57.13822516472415,117.39388660859647,0.41918344210191194,0.5653310327809016,1.263342506003777,9.40850270130712,20.303122214261133,15.46151213093094,2.2818078779997255,0.7078632422420741,STAND_TO_SIT,high_fatigue,48.33443387071054
9.302094397766773,71.18213636106208,-47.97720498759649,-90.33346153711953,0.5640243693346335,0.2963564934947858,1.3880992524983597,8.554104052506819,4.5938247156849075,35.09663599503321,4.208578933226813,0.18284349650541684,KNEE_FLEXION,high_force,42.354016663839126
1.4015420724335197,3.471356894052476,-0.5859680209699683,0.17910466329167182,0.19160108353743707,0.12585015231821123,0.1742001307907175,8.818355688186108,1.0785648184710124,0.6801698413011399,-0.20340433350011153,0.06541963178386298,REST,high_force,3.474879838004459
8.901036388484798,20.89132510417289,55.544413696176996,56.51837505499983,0.4151455244636905,0.7769110144352095,0.9314169944164513,8.640612658341693,21.409784129059602,7.875416030681788,3.0082787598068546,0.8444137983501505,WALKING,high_fatigue,47.16614573483949
6.399902258940345,78.8237360503798,-65.52838649796844,-98.93505239708004,0.5988014107666556,0.23564377843824047,0.7794145996917227,9.527993339316524,10.010671948575146,27.280856527932656,4.77661154109838,0.31207231483665077,SIT_TO_STAND,slow,44.799050649519984
9.19904126077839,50.825663841734126,93.37778403571201,94.85420354514112,0.7432524123001641,0.23068694251371258,0.9166656073160848,8.814577608503766,5.489437988901425,19.653987644964722,4.058021478103214,0.16294113000265406,KNEE_EXTENSION,high_force,34.96335220835487
0.49993398863543537,49.1361472827894,-98.15977569915071,-140.0447458824125,0.2890182532649448,0.3670627922013369,1.0003303119847753,9.562809935831618,8.610075345036845,15.384534589617136,2.7142993097521977,0.20991972816136376,KNEE_FLEXION,normal,25.99560531011232
2.6025029214183615,0.7862733335725725,3.569077591407719,0.21971747577863227,0.03193264370869571,0.39280196758133784,0.2612752716648498,9.605985304703427,3.4625727029848616,1.830701820678213,1.3089359348731346,0.1004401950150731,REST,low_stability,8.83485457550764
6.000489621326243,46.33702731229667,42.548303721648374,100.89386335294788,0.2502433840775189,1.1775947349248408,0.6647184241039062,9.544810420711375,33.429867150842746,10.730106541183405,4.336656058634494,0.12871349647254413,WALKING,normal,36.98052908869708
8.299036675152719,99.75942498787556,-82.36852851381201,-37.77594266431048,0.6468460413537256,0.6535333992277678,0.7451425328989811,6.9767102675987624,40.75495408868682,59.051843131634406,9.601679218334999,0.3766509140345369,SIT_TO_STAND,low_stability,44.77078221813003
2.4002957199423376,41.58087639604503,110.63821134537957,170.4220923217644,0.8559806694955636,0.24786200080143275,1.7648882751675072,7.433710480822865,29.504786565853234,39.0598034119559,0.05226223940130886,0.24546492732148964,STAND_TO_SIT,high_force,49.11718796415427
8.599375363037861,100.2615969081163,-80.78938469815341,-147.05521107655676,0.7778853456765943,0.36595459944186715,1.2614688344138776,7.344565131256984,23.102480076721204,15.98285626709977,7.030990086326275,0.16227476207225755,SIT_TO_STAND,normal,62.88352237033743
8.29853390572365,39.06597433187344,39.69123739599216,42.94094814243389,0.1707716132688335,0.17819800635703942,0.2913912087786012,8.880217779163104,0.6359025958533896,12.966050639758002,2.574089126964009,0.19900900136507765,KNEE_EXTENSION,slow,24.37308504329858
4.1021171621074695,-2.406092473650838,3.2986277215125344,2.7655787865310444,0.03867655484109315,0.42470094259314384,0.15765869905908594,9.023632192333295,4.278774315888142,2.68111765396516,-0.14517117705601876,0.11585850164663751,REST,low_stability,6.3817560908916455
5.2987884732254305,53.60815195476056,41.214771791263345,111.80280465366917,0.33571978091517174,0.1313849263328055,0.8936828960145716,8.426241465060627,6.691316170727304,17.268493407791677,0.7678913724514205,0.2718815577451063,STAND_TO_SIT,slow,30.923413332057194
4.702097905732723,3.5158779993816074,-0.22708382784759348,1.0274065305136952,0.0399900074460833,-0.023567348290423836,-0.0309970561922801,10.066649353948694,0.2580465063966513,-0.0569488091651373,-0.6749009977223505,0.08355182233847185,REST,slow,6.957185727329929
3.899892815237992,31.601494537237947,-111.42102145473922,-98.37271179456526,0.35546978581743427,0.04491345437722317,0.6695481370604134,10.57115451668721,10.297241023153257,27.277995412920262,2.9180989651638933,0.24704838355252273,KNEE_FLEXION,low_stability,33.14342613170157
1.1996044467255205,58.80865195646502,-57.823503576687315,-109.90990108675446,0.2832192786054162,0.06478115203378988,0.8676249794839848,9.067452448781214,6.649374754966281,20.050076342941576,2.618252402804533,0.6565283327539341,KNEE_FLEXION,high_fatigue,41.213750002817896
0.7012542926089952,89.15988795900792,-52.62104364372759,-37.02320890431337,0.7065128979072902,0.27934839167415143,0.9483524827524904,9.844021501293557,15.111163032487054,15.135670174764055,-1.3612193538269253,0.2744602643011328,SIT_TO_STAND,slow,47.62639076723597
4.796905406740947,47.644222648411464,61.272874198312294,6.4963512907643715,0.6390409767005437,2.0213259199022726,0.9582195787802967,9.541241520175566,48.361606829239335,8.394073022380349,10.364478781784678,0.2318433607056079,WALKING,low_stability,24.038327652933994
6.601869879484259,22.696742146786452,62.071355182940984,76.14585024741459,0.4888131294586864,0.6614766572410992,0.5797698667622158,9.221277997766498,20.313500393994378,4.409449291885117,6.693914048643787,0.7873910853992636,WALKING,high_fatigue,40.0778708124252
7.197831972708383,66.71780987819814,-107.04155835598871,-135.28995377799973,0.6897846529675379,0.483788036391197,1.3178012185861265,7.380028335534024,16.084523489362482,24.775076343157217,7.837818878608509,0.16336470275091644,SIT_TO_STAND,normal,56.76914981308903
6.40158966914699,31.60779993833463,-36.4393150906522,-70.27877612137826,0.35732194983699467,0.16818467272335785,1.1256220081686388,10.060711628143435,5.105469486403045,12.489540403917374,2.327941605826846,0.6316472679181967,KNEE_FLEXION,high_fatigue,43.700954475833655
0.5010344468295049,52.78481929571812,69.4373693411143,124.31510811661617,0.7778650256472271,0.27802249651503774,1.20351169786819,8.710448627382835,18.86528479202401,32.56038571230265,3.5371950371834866,0.7986422399526883,STAND_TO_SIT,high_fatigue,39.35181912460316
5.499494555374854,0.7161527123449042,0.04371624272864705,-0.20169593411710462,0.03918604706609187,-0.059830250166931914,0.07875648099392162,10.230069650815576,-0.5702869506311883,-0.3870379115055343,0.17104445777551833,0.025923646398533194,REST,slow,3.3077957276453382
6.502305978610685,18.0606942623251,31.658594326946396,64.23359882510317,0.2613296985299471,0.63595350025705,0.10009689026060489,9.647398574312321,26.641256340158893,6.122376445254644,2.1508618177789622,0.23824502776341305,WALKING,slow,12.126610282444693
6.1001931094926,31.33670055936492,39.092328343370944,45.124123047901385,0.3768137145303424,1.128659096936931,0.18048146401871698,9.677513087524828,11.825499554321476,4.916789141909743,1.6518727327493483,0.19453803293765015,WALKING,slow,19.594933754089656
0.19756744147407107,62.052756422304924,-143.27056288888582,-137.8810160162309,0.7900186101164257,0.11144887415496532,1.6297598869698269,9.818068435932332,35.37184348683637,25.939262215486973,6.166376794651222,0.17836749176984695,SIT_TO_STAND,normal,52.227805570989226
4.0997080801367565,56.06045990076349,-74.65530059011789,-70.5739288508264,0.30593919304220946,0.1239782483962018,1.0178949844777059,10.22073202700989,18.314676096117886,38.55262396119445,3.3843133978058004,0.26835421384476643,KNEE_FLEXION,low_stability,30.39356073227921
1.5988775766005043,5.083975424499046,39.14417481374978,30.04137699949242,0.2339201206921096,0.3188134211338777,0.4662535833725147,11.220667293821995,14.369498835057026,11.064603786759108,2.5144624860293128,0.18943751034347706,KNEE_EXTENSION,normal,40.07895875311307
7.600679283533427,5.740907859895368,-1.0177808425555552,-0.41491874654131766,0.06643141651103393,0.02745379591625227,-0.06610075183689508,10.136412350365427,-0.006732616359955318,0.4316689222575551,0.4805231093067228,0.09250423861158931,REST,slow,0.7249988078388245
5.402710938428087,29.300985318018647,48.27441911800849,31.054737199375342,0.22895506057979903,0.17302182002179348,0.5423899761255193,9.137098963787961,0.5901888664389545,13.770642839394833,3.0938161358777747,0.09924036098027543,KNEE_EXTENSION,slow,20.566532010712443
7.896607738521203,72.23555572380504,40.26487101028856,135.80558102609567,0.7152961057331968,0.8769980239958423,1.484411725083564,10.307780066780198,3.746079289243006,39.20548123547129,3.7935877951145063,0.24915684885800526,STAND_TO_SIT,low_stability,50.26271153952704
2.4020127069889794,55.282746206652476,90.36065164318538,203.70172922262722,0.531339189451799,0.2940255219054164,1.8068782729544504,7.7722361670796225,16.026536641470127,25.002340652812908,1.2810426450054422,0.14569626574832234,STAND_TO_SIT,normal,53.15909022986747
1.6995354622554641,14.809373626594239,46.756617394574576,121.61256377793634,0.4925736149238326,0.6108731246068815,0.8804120712962298,10.170934357695115,12.781085987189726,28.338471461975377,2.9098012354971563,0.16549645738797708,KNEE_EXTENSION,low_stability,42.1242539063202
0.30017359407745253,69.09347104966879,-112.1281929613569,-37.08894437535981,0.90682442985472,0.6482528375361623,1.2574998047397536,9.014034749071877,17.798668269207703,43.786716670539,5.526521787028144,0.25613831392396347,SIT_TO_STAND,high_force,67.11690462929167
2.398198206009391,4.19938685629718,0.8352076220168143,0.08916685312497805,0.08691370690343689,0.061103635511250844,0.06999020001476781,9.720419901626595,0.470606220922106,-0.9310376207947023,-0.08598733427638172,0.007840933164451142,REST,normal,4.447472760454335
1.0036015521996227,27.602500811144974,25.55994204231801,80.84420221128198,0.5069784969245834,0.08452568181042225,0.9868950854357924,9.295009232104023,15.193738395641455,16.400461680972548,8.296311452172395,0.24234073689997965,KNEE_EXTENSION,low_stability,47.314428388958035
0.8986336635265223,39.92050841388601,85.44808259725683,122.57603202356701,0.2621112643182458,0.37289926404968876,0.9646584743010035,8.745243757555203,18.484261626822573,23.00597266834572,3.1788133210737732,0.2079611551134147,KNEE_EXTENSION,low_stability,37.41921824711051
7.7011294894728275,69.84099209493804,-77.20506131804474,-83.65973453405671,0.2356470349014918,0.31910524615375696,0.6229660396028286,9.300976639013301,6.897951497633825,12.29162096331896,1.3034894903364724,0.21861199657901814,KNEE_FLEXION,normal,26.720799031056725
9.901718104860828,29.27130941732162,-77.58512405843224,-110.91781705761257,0.4292206697286461,0.5038247789116687,0.7741366014105933,8.177826477923695,-3.475330501458993,6.502449016012921,5.60699176564792,0.22437904432520323,KNEE_FLEXION,high_force,46.94010595324667
7.502613652569592,39.59896570259129,63.36207407650961,134.78880579071836,0.6683090703767337,2.2384735127631608,0.5269905509697781,9.638453689747498,35.33823187611151,15.176193506166886,15.666637339206925,0.3098948964871747,WALKING,low_stability,28.60285092812928
9.896790650536824,30.497630920319676,41.00084982925651,59.889366627609945,0.1688620375898145,0.09863970903253325,0.4087284779719609,9.215064350060851,14.252309235397444,29.824382108629,7.604311034929272,0.22442515258084278,KNEE_EXTENSION,low_stability,12.05340931399137
3.799827901866527,34.09750046268562,58.19525465893396,76.24682275174625,0.3301418301155336,1.6100901255217344,0.358697068699015,9.067565834130399,36.55870410488639,6.431609131859532,0.6225053709311047,0.7204210168450181,WALKING,high_fatigue,59.44947771485826
9.700794999136859,5.5510746291541775,32.47894767304004,19.772780867553184,0.25955468911615737,0.17608633115788275,0.31605196588776774,8.90339454286713,7.76915235609648,11.981720704496084,2.635204033409851,0.1854362979062438,KNEE_EXTENSION,slow,24.67627069190185
5.202117021202363,46.3784137079638,127.6640414663609,132.334288154481,0.5461518384494544,0.5468210617556039,0.7111220515113741,8.667504264278213,16.92179955642908,17.450311046612246,1.2532430728209776,0.28995619026724706,STAND_TO_SIT,normal,40.60246448697055
4.599922034463545,13.892408868123036,2.049797701425322,4.302098507450298,0.02892542921768101,0.49114934922365844,0.23401714373456067,9.586227999623633,-0.6213043824468515,2.932645711145966,1.2676608985840707,0.11797522470339968,REST,low_stability,0.0
0.6995401609987099,49.19065505596091,39.35262377408679,91.7447427399696,0.3358682958883775,0.15101990908394058,0.8732699376886336,9.983574123281272,7.6749121228704,14.826129390309866,2.8441575511809742,0.15627621350147797,KNEE_EXTENSION,normal,26.359621426647443
7.10075413938228,31.494321722362052,80.06606269842872,18.749083402526953,0.23344104557486114,0.2832638744306789,0.39916745276701304,9.588115002831294,7.0325863047173165,20.17673376437965,2.195099582556545,0.701473533292148,KNEE_EXTENSION,high_fatigue,39.47634389005687
3.7012143162584437,39.73109360037483,-72.00828566530178,-132.6516239116026,0.2775855428857165,0.18017788914674382,1.0392741528646254,7.721763752991095,12.35661644150993,23.167922217826536,4.718434133136164,0.16973523848631974,KNEE_FLEXION,normal,29.43052028572436
2.6028281498792074,71.69334335562479,89.78856901654585,137.74698217679446,0.49668795448140196,0.2843168146971916,0.638497566813789,10.0036309448771,16.309192551375897,24.200296877107387,2.856846549458097,0.71507493491372,STAND_TO_SIT,high_fatigue,83.96945303242757
8.497573206651182,7.878151963529468,0.8445208379512044,2.282527968161909,0.09064117623412539,0.2790638445144728,0.23772373573441163,10.369460970955052,0.9043390070013166,4.181813244984686,0.2177500271157194,0.10438868638325553,REST,low_stability,5.8030603654212705
2.899962832323635,47.245877876599046,45.68308950023638,234.55345244484548,0.8509149913049583,0.971804036040155,1.2035878601032348,8.43942234402456,20.091258563414286,2.8291507603247465,5.77915079970389,0.256675931734018,STAND_TO_SIT,low_stability,42.650194587457854
6.097500494407173,54.627630898209745,-27.849985037937326,-59.287203501058784,0.1824798877575726,0.01000716993783086,0.6221206845566368,8.833809153592,7.098378342171586,22.382830756645742,3.864652457316512,0.23582139267445607,KNEE_FLEXION,slow,21.62232247267154
0.8069652045857219,28.786191443414786,50.25554317730888,102.20684431769436,0.34677679932283956,0.07581119624647611,0.5547026636719675,8.63513608778305,12.027431981858655,12.146040240588643,4.066009910996345,0.1379753706046496,KNEE_EXTENSION,normal,8.096220492431442
9.598128080875336,31.821169018540505,-24.654708430808384,-56.3856989618067,0.20429339547336312,0.07661530787273126,0.5888425123040889,9.5199230159787,2.9364629636989625,13.312686390280692,1.7969213111212152,0.15844596072702433,KNEE_FLEXION,slow,25.02250268734274
4.3009594650310445,4.29152118373087,-0.08216202097036326,-1.1395754238735252,0.13647230183541498,0.005809096897878186,0.15348713389143523,10.293728145521246,-0.06602506963450272,-0.026059913689735415,-0.6020684738484529,0.08499507838892592,REST,high_force,9.961048126433955
8.59653074240125,33.44744946615368,-68.79566516294437,-68.88034361618259,0.24210895706478058,0.08857379045456028,0.7414995071638012,8.772135675097935,9.491601179182643,17.914119178430415,3.5111338481701377,0.22967621306822908,KNEE_FLEXION,normal,22.52456043425881
2.5989572296483208,65.35303508744498,59.5165265691227,131.24890347511544,0.7030768189780927,0.6355455401023568,1.8148163131155877,9.483920325051217,4.043123699502576,7.106885914525531,3.040647565217832,0.19483183061366574,STAND_TO_SIT,low_stability,55.59279620560165
3.60232992633482,39.70215125390027,43.44194386945599,36.58842187709393,0.4364785679883134,2.259472588746757,0.5726481546555944,10.622372254039407,21.251292341165524,5.23064076517115,6.616795022291552,0.580688989201612,WALKING,high_fatigue,41.971451454063086
8.900456291815686,63.813622495813256,27.981965133773667,55.28522007299421,0.4831551741729394,0.1358146628096872,1.0007439562313805,8.164787643085027,8.050340765703286,12.953788759532873,2.8617508981848845,0.21557566476273682,STAND_TO_SIT,slow,36.01101435830649
7.998211103323421,21.90764210060616,56.73100953279801,85.94584080387916,0.2701808253112349,0.18046645350320017,0.623159372584005,9.47202242547731,15.277256316325259,6.738648552919581,3.7716841557102074,0.16706812148257347,KNEE_EXTENSION,normal,37.19042811651442
1.1989685068307518,8.926073577808301,0.2517384090158104,3.287156213595982,0.07420033470086512,0.2957024688331634,0.16372027212799584,9.862719489210978,4.587359796304562,3.4439880307777577,0.5359315939914486,0.09513548737074154,REST,low_stability,6.444853820374759
5.90271920515705,85.4652288932798,-77.38147798093426,-155.26197910031425,0.7658286463196492,0.2898657856808058,1.5691024771408573,9.256941326926446,14.189263352939015,20.620039182254935,5.959960168734414,0.6958723193424389,SIT_TO_STAND,high_fatigue,78.4652325192806
2.499149113977076,45.478953499867515,52.21799778576721,64.32758864611256,0.24768439370522224,0.11115757153908744,0.8312604085794912,8.792836447686494,10.114002977102723,11.563024869611514,2.1482597714448604,0.6494149001910848,KNEE_EXTENSION,high_fatigue,38.12654127498022
0.69889541280265,58.859040532278854,-47.26263055540584,-64.27869044537555,0.2850746078625216,0.08598816465318944,0.7740147461096585,8.671485327688988,1.141591905272615,14.728539739359206,0.6643191743056053,0.09487272718465582,KNEE_FLEXION,slow,14.14795966333947
3.2016120085808217,68.22768206988108,-73.46826264247528,-160.2601631265733,0.9568018898504259,0.7582448017284296,2.3996534562549092,6.704573237181785,26.654636703899566,19.707354191447706,3.652432956708446,0.21949484353120696,SIT_TO_STAND,low_stability,60.012150132494696
6.797044440449505,26.690025973625872,72.41852747182108,60.85453221607647,0.5322132847200584,0.8751327265071395,0.18213627034996513,9.857604588793638,23.99859119681158,1.7428519159715918,0.48335444525180926,0.7687296134256665,WALKING,high_fatigue,36.346523352148495
5.400289095755897,80.8475673984725,-87.13779876618693,-142.76570011544806,0.6298594532808411,0.3311163306970078,2.153445573446046,7.803505074708324,7.164284097705299,24.57457301786095,3.1906621251929894,0.673456510771722,SIT_TO_STAND,high_fatigue,45.78168429828602
5.998177136874273,32.090803223944036,42.280480569628914,47.76598442306183,0.2778573247462932,0.7271464918411318,0.4809998085928376,9.971744441240167,12.439940605295604,7.3293790959523335,3.923834538028402,0.19060449327243398,WALKING,slow,12.643723412686377
3.39787670811027,70.73706390753104,47.70563862855536,169.94103157086315,0.3226084851061481,0.33663568752807144,1.1489725083743818,7.897325792522398,6.306792160157954,19.917206948238675,2.2285756217401897,0.6348301252602523,STAND_TO_SIT,high_fatigue,69.3779371304472
3.5012602906415875,33.06161250013593,63.76065963300169,61.3862300835718,0.323393781829917,1.207661726052838,0.5337795019112448,10.107611700104203,20.51722246863645,-0.6985844283007002,5.144053051155063,0.6649587080674254,WALKING,high_fatigue,41.64493466110495
6.998625998532172,6.987863115285391,1.473460777444809,0.7405349674440085,0.08324355354573564,0.41371226289789603,0.2153536099171343,9.774042958131766,3.360631510195355,3.304794410805048,1.4788134479232071,0.10227185074205233,REST,low_stability,10.893136631723857
6.600914878032246,40.46869417873667,63.978885608260036,83.78290787847445,0.4773023129677877,1.656606380276286,0.20977405874501276,9.231951568404634,28.13195793288364,4.663193777539019,3.787995564138221,0.0779334432747064,WALKING,normal,20.909735011034034
7.293566936758946,96.41138052697269,89.72170254239188,83.27372070863689,0.3880460993038262,0.3317199672002679,0.6420820200045688,8.385514465268978,11.396006831416187,25.031862535096334,5.095508983970531,0.827055739050089,STAND_TO_SIT,high_fatigue,60.038835316124846
5.400882464899081,71.48309365937342,53.92602652053404,145.37013516532681,0.5636087570479819,0.7320093709256488,1.3064610529492233,9.424633284405362,26.04427908569912,32.44507132170557,2.8328444443085496,0.26191095652048746,STAND_TO_SIT,low_stability,53.054577849208975
2.397169810303753,84.57413620941166,-70.9064356353755,-126.74286717530592,0.6547277115897995,0.33195987267811855,1.4836876835588197,6.2808035589679,26.810730825474387,40.099543986370044,7.73489375526899,0.2523817438552573,SIT_TO_STAND,normal,70.08988223811772
2.4013993876568733,13.954333278491823,66.65396572136851,11.378906196408199,0.400547592093125,2.5241867586363425,0.9711618890127212,9.142863664757382,31.201753644761624,8.038894512894863,3.4013965849845293,0.33184379198331393,WALKING,low_stability,16.74227818166664
8.201551363282032,16.56729968095129,58.68973226422472,108.09520044126845,0.37686035606164364,1.6408521101671703,0.237836693819099,9.982529901131345,20.101282883145068,5.736706679714142,5.530816859841225,0.6587833400214511,WALKING,high_fatigue,61.77597830158916
7.199002014267457,30.095156285410237,43.22343967265866,52.381778523135175,0.2467926867146911,0.05798144289957902,0.39583495793755585,8.79534704465518,9.754756916084895,6.16275816728475,1.2077609470222797,0.1608936247363917,KNEE_EXTENSION,slow,17.063560624663047
5.600517099480853,30.66076264614535,23.66836512665368,84.80508083221358,0.30973061184666606,0.18743953350119483,1.1082155738957493,10.119453849711952,9.531252041781089,17.429214926189807,3.8979579136009885,0.742958243336996,KNEE_EXTENSION,high_fatigue,39.20933093315348
4.499403683868048,65.80390382075436,59.54619920681694,73.06828640675879,0.460432613966263,0.16675341695065507,0.4514151760677339,9.753230752780047,16.231729640141186,7.520149687300989,-1.2854541848108363,0.1719004159125717,STAND_TO_SIT,slow,33.30427524012125
8.203586106974726,28.90359376196588,68.57630466865102,82.11734111720219,0.2836335092884671,0.23808490588791154,0.5201164579664342,8.227535062474562,4.736313592320974,19.26110171978517,0.06484041575360971,0.13443279390367815,KNEE_EXTENSION,normal,18.02949391916979
4.499897645650161,22.42561167545403,-92.21428934470742,-128.48919986137426,0.5842265663461924,0.4356483834285294,1.0381366201610744,9.72871495816896,17.390829560154994,23.26327254272634,3.008862474643084,0.12592512539960954,KNEE_FLEXION,high_force,35.964771881478036
1.8006401354668247,23.523690231151615,-51.63963491418776,-52.31944552174913,0.13636381469892647,0.13858984003797814,0.44309413280522597,9.845587746315102,6.412758144835715,7.474215976150424,1.200369968828694,0.18348259500081615,KNEE_FLEXION,slow,18.653152906357366
1.2998534179109191,38.519814395844215,95.0312484380518,79.35485035274125,0.5001272663914179,2.6686342365077165,0.8558136911346835,9.370847741136819,47.55674395447424,24.88797142480056,9.480158681880717,0.26274679673305984,WALKING,low_stability,38.88276639307498
9.197993338834738,65.15328072162747,140.56357867614508,106.80653930293755,0.9505803132259864,0.3124807054711431,1.37543887734835,7.2339674240623575,23.204317848166873,48.89051915151574,7.636263260147381,0.28600582392830665,STAND_TO_SIT,high_force,55.72828707154138
2.9984168778167097,40.219087661028986,-68.45033636724106,-124.58283365242,0.8550524467548418,0.27810458919944303,1.3859852534539754,6.871932809997649,23.52116869500474,45.99698737606858,9.547951609552076,0.759343378652708,SIT_TO_STAND,high_fatigue,63.460905017585375
7.805594032020324,30.75122065275522,39.045300816104906,65.86496469093898,0.8444311251229877,1.6586941540415392,1.1705305537660544,10.440969301989286,45.060235555825635,17.911567608529804,8.575916314806529,0.19809239118948707,WALKING,high_force,56.145464908808876
4.898742962316196,76.45742406858488,80.70231941657596,144.94006089126597,0.7875597325712528,0.743473399654993,1.4631550104408906,8.78805406150409,8.212762423093212,28.509806395882624,8.861763745780264,0.25154335569509323,STAND_TO_SIT,high_force,55.851185391260856
1.9984332294498013,102.30636593249402,-60.80040393455053,-90.62335748162154,0.6514412597989706,0.49289898368754237,1.538414796248711,8.38222372561978,30.047883535930975,23.094238628621152,16.083283939042552,0.3335963980252752,SIT_TO_STAND,low_stability,74.45936393259744
9.899967369690925,31.072962731331707,-60.89566674315145,-118.06493573482328,0.1399437893841884,-0.023721822054452443,0.7468475835828057,10.806085727946098,17.29573598843125,34.290644306963415,2.261185003164848,0.1778624641617835,KNEE_FLEXION,low_stability,34.91392194550689
7.100326991426102,33.17235076703328,83.94350812727001,89.9351005273171,0.33843873675309416,0.3475640258537581,1.176198381072309,7.635965583423993,8.244950793869243,25.758016180013648,4.803622706568348,0.12895679251344677,KNEE_EXTENSION,low_stability,22.985468826269276
5.203524402897581,72.29385396130895,-108.65488679350096,-210.26264837391832,0.8793304313906135,0.31552226930217825,2.2079701604989777,7.829674818759677,14.33526286586846,27.05339858978057,3.1562994205217434,0.2640065240405,SIT_TO_STAND,normal,49.551915422105395
2.0973175501786243,72.01024954546969,-95.81076559438627,-45.4571754015124,0.38093038333806917,0.2688841710287058,0.3677421703792279,8.976398480511296,13.959568113285693,29.854716488398946,2.0598448175831754,0.22396689556563482,KNEE_FLEXION,low_stability,46.9899723442182
1.2979148797407472,68.43029244710087,-98.86493860265635,-189.78834879235393,0.7279860436696591,0.20754342283408847,1.0459947141839834,8.26077126098124,28.80022077221529,29.579985103122315,6.615659720938745,0.16334146210146644,SIT_TO_STAND,normal,74.6196064294803
2.799478418070166,63.038208375918266,52.42565085392978,30.757979947381493,0.4874856726354167,0.07282440973361178,1.359314325288265,8.970358463819982,8.859177342938839,26.58735296375819,5.163623066476088,0.8569674991450298,STAND_TO_SIT,high_fatigue,79.34393408276367
0.09449473916223557,55.93968327926258,-87.40240670900155,-69.32559509739923,0.6474261389053428,0.4915203319250537,1.6063215467883019,9.377558836351616,2.7722217911360127,41.39393065338253,7.01453379646378,0.6148835542929239,SIT_TO_STAND,high_fatigue,81.81744041177754
2.2011143997273757,21.796015004949314,107.51965338040795,144.06360719920613,0.5631332630593183,0.8615514499578022,1.5008434234059282,7.694792505717879,2.2748012362397647,48.20633345477123,10.359791423946751,0.20009904390409033,STAND_TO_SIT,low_stability,23.623088741132527
4.701415649314172,45.54050038036665,-91.14114062978625,-88.45993028886274,0.5167483262380799,0.31599373459224017,1.2768752968168862,9.206391706503439,12.21049794921,34.302162779066734,2.5991706836501502,0.12314806634606872,KNEE_FLEXION,high_force,45.95738987522142
9.299497740492788,20.91830788863665,-68.83482929516371,-82.49872440467628,0.31326289997872575,0.19510682527397177,0.5603759920001475,8.670201740516342,11.20152381328025,10.092714148882687,2.8848707852227204,0.5677105459379206,KNEE_FLEXION,high_fatigue,37.99232914807428
9.09693365503424,39.42078551721022,77.01223392907167,40.039580872758094,0.3722280138245639,0.010291287855884972,0.7536775683591062,9.668005267827345,4.846918025920745,22.828273162102366,2.9580122181039097,0.0779676092673196,KNEE_EXTENSION,normal,12.92360761002577
2.6007694466291706,0.5729022343073036,1.0539391604117376,-0.029678412585324818,0.06548530759118139,-0.04532461949068246,0.09212982303622169,10.034781809778677,0.36943085285593724,-0.0212586621854747,-0.457294354883795,0.09170495062717712,REST,slow,5.761658505675346
9.098435475191001,61.10918180531075,-79.2610804086839,-92.383157311219,0.36519448983088737,0.04175835094830532,0.6499755408743437,8.714944539694173,12.879086168542216,22.173802938903666,3.7306101380557655,0.11673174677854775,KNEE_FLEXION,normal,20.93447903362792
3.402508276219241,85.14733456888071,-25.67996576663249,-81.04504041817363,0.14174754306868914,0.14733247110665137,0.3906731968880416,9.308800919869519,7.336162255038858,13.706653586349876,0.6239213315111828,0.17172327374043656,KNEE_FLEXION,slow,15.516556176860131
8.700953029326456,16.53026344307284,35.463645361251196,105.05854731376024,0.5411289197284497,2.8262624679440758,0.5476081730785763,9.417351217750333,26.508237786294007,19.6185793205418,15.32847805625957,0.3442664289679768,WALKING,low_stability,48.82710252661615
5.597825424497635,35.211247109027035,-48.917873800358656,-72.26965526724106,0.21559488503805807,0.08523095683275693,0.41400901004300583,8.781120082336336,7.174548799503289,16.94171604653397,3.41494222428644,0.6759953027930665,KNEE_FLEXION,high_fatigue,44.272003274056125
4.698970093810437,36.22086083482979,-36.952176155017476,-198.38036964114607,1.0,0.8618958437203238,2.287030347062719,9.993630310663233,35.300920376384816,53.78161301931354,10.654184416479925,0.15812908246592605,SIT_TO_STAND,low_stability,71.05665012746427
0.7005111442802388,90.2601872408271,-76.56420514916344,-83.59226250031395,0.5801876889782903,0.2858043635027511,1.4491510399785559,9.22405489098537,10.288370276289498,23.116969599505435,9.246586995465421,0.17771466215842607,SIT_TO_STAND,normal,56.6236986031601
5.497962772283201,5.883449425366819,-2.750145568190279,2.7207793858826204,0.05717825552175552,0.14684206802351596,0.22944925555173695,8.952789109524847,1.9369648809109774,1.674442577325853,0.6388334244729911,0.049987812624300104,REST,low_stability,6.3474380487662785
0.2997271011385996,96.86434973543875,-47.498133366401355,-135.6361567605035,0.7047139110899323,0.40184882742744443,1.0364395696033266,8.04486478560887,37.81291616517791,22.15725793126069,6.742148419924986,0.2177484976251688,SIT_TO_STAND,normal,68.63190891123367
8.294958820804911,94.87752942745367,-93.10329986810103,-101.13834805899533,0.5610256078218939,0.6405277549749825,1.340549320442921,7.704243281671396,22.409370257928238,32.49243181220226,6.2531427962132335,0.8398209451110769,SIT_TO_STAND,high_fatigue,83.64429160592582
8.201746352856034,27.558668784660288,36.995037529325685,53.76473465537334,0.3452605447595629,0.5586533321926181,0.1702323709636798,9.870989240052923,20.22184342417315,6.946646683607309,2.528103618498842,0.2409945385664507,WALKING,slow,20.333992421056802
2.698688635740185,7.505915802105854,31.891729664170008,131.2976536491094,0.362717129031014,0.9203383397453417,0.012617826891131244,8.793486949229624,52.29549236052745,24.96156477258808,-0.49004448043495047,0.17336327282068303,WALKING,low_stability,55.41538784316944
5.001471778686005,61.21768304166332,57.949584283341245,139.12418975291163,0.3533055423858115,0.2743440401180104,0.8194617402426136,9.175982253291387,15.771126067058658,32.07269314203119,1.7582323062647767,0.3137401756723205,KNEE_EXTENSION,low_stability,40.45686956009957
0.4033263769869651,30.819235784156547,-93.19655780969326,-112.62630610868149,0.3979782322982799,0.21217959856768578,1.2452038500910056,9.207838357953149,21.798977308062412,46.77224904445719,1.3552016530449909,0.18821201783645786,KNEE_FLEXION,high_force,47.97026533104779
9.101286914630654,47.294041005074924,46.195022735154645,84.18951727784787,0.1655009865842218,0.07881102438825047,0.2838456258106148,10.662371680994447,-1.4672021954429622,9.26034272052396,2.0308191113147367,0.14948931037766405,KNEE_EXTENSION,slow,13.0321037990937
8.40264481015543,39.83106824686662,63.168164099402325,108.78842461302557,0.39317893381547975,1.1612359766316536,0.7118783406199068,9.207835095423565,37.164141970654086,16.737591313604685,4.280356194172401,0.7216849843838159,WALKING,high_fatigue,66.74424942526714
3.298276081426143,57.970119052350896,-97.27082374876527,-238.07269698533415,0.8813772295370073,0.869734508165684,1.5268137559342514,9.997355754666541,22.211508337974873,29.793407824374434,4.61950613604208,0.3153038840021786,SIT_TO_STAND,high_force,66.34525096330557
5.297832657930254,-1.6516750931036095,68.96100811453819,102.79139714398478,0.3320575605656896,0.11092514311761213,0.5818439510261916,8.679602899645175,12.013682345033589,18.219459890370622,2.3767111924972673,0.12249703695219642,KNEE_EXTENSION,normal,22.937954333089145
3.900666435496315,65.2774271067863,53.004955835525216,49.21126892153062,0.5492015735421139,0.03082849692935377,0.3565539915828726,8.817284117633031,1.1497564105129883,15.835967874801769,1.4511622830144013,0.12644910444327767,STAND_TO_SIT,slow,26.05849530886684
4.00035409869502,7.560783921875902,0.031604534388892984,0.23149623949697903,0.05617134807479536,-0.04263482952114515,-0.008396927918968403,9.897397022052278,0.6268016904381861,-0.09446104040945405,0.5568576931387802,0.0730366041832665,REST,slow,8.964520600291179
1.699461939031479,2.024085882159251,-0.36226737193769504,-0.1583054194864536,0.14350800294777466,0.07197718087080701,0.08928263074022641,9.391161318138279,1.6631710009962815,0.47932635180388716,0.7127153368687654,0.04794572106650203,REST,high_force,6.612251557830269
6.4971237700331095,55.58390761030131,-37.90268647639543,-79.69923783933311,0.25976188886537704,0.24758292659162406,0.5079979536365956,9.315128108267471,2.445391347897007,20.044900062530566,2.1328230962372876,0.8826750491692419,KNEE_FLEXION,high_fatigue,42.77642670581438
6.197687691760916,5.10372834455263,2.3022156864602223,0.08720876630760942,0.10235874208474187,0.23329008324942738,0.3149288670172528,9.255245220391469,2.056066162063353,1.460994647689975,0.5490990333935203,0.16156058871289883,REST,low_stability,9.83092098225049
6.403887856598983,47.41945259451417,58.10565282646173,52.61995111179132,0.2126513844785779,0.08672898187928373,0.2693157235130477,9.219836238087062,6.853819725261829,15.862778512547385,2.609655610086057,0.07781795218003873,KNEE_EXTENSION,slow,17.655698936780347
4.499756511085778,10.668917684171213,1.3370696040468502,0.1664674822975827,0.08128817112052057,0.016679384714990697,0.28930751039879965,10.447621325776197,5.08897671954011,1.7560443104968122,1.527090279265312,0.0566411515530661,REST,low_stability,7.0935469778185505
5.799386233727564,58.98619734949826,-98.84118547574758,-98.41354873360724,0.32883794071852435,0.06419747401398376,1.0798977443202205,8.298490658356771,8.142072791907538,38.587589511860585,3.053066696346422,0.12785968018102342,KNEE_FLEXION,normal,18.106715725647746
2.200821965153802,7.439632566323712,0.22020426734344462,0.17584365631642176,0.07540769976778879,0.06704080482012942,0.06706820305732969,8.79603535869807,-0.133748018192841,-0.5843621185916386,0.059840369007822955,0.058196569146573854,REST,normal,2.7505599851464475
1.1006866337481642,43.8774949450528,47.036313916453295,61.70205697112726,0.7562302216597647,1.65027721185977,0.13516213008530054,9.629525795427918,13.761996184709245,16.392538800345072,7.9469392287562375,0.2929791631831375,WALKING,high_force,43.96877274352596
4.900441705760304,30.41388789740083,68.60008168154492,55.65073273973925,0.28102153140120084,0.28241962863312897,0.790403892991929,9.477697032283718,4.9787501544621975,8.938004712425837,-0.25279954265719884,0.5419857614413517,KNEE_EXTENSION,high_fatigue,48.96551310224235
1.0017735181088094,6.469727514177223,0.4342010078924487,0.9161142082224029,0.07429833956180268,0.023051090453052526,-0.07849385026944397,9.218495065193382,0.9287386671096264,-0.09943837086400215,-0.37378746471046725,0.02530373826177043,REST,normal,9.462194869057587
1.5971998322865237,33.59539082222383,-77.25020913032768,-62.274399112056514,0.20101961254723527,0.3078761915616062,0.970474169429171,9.424209996409852,13.747746502434982,16.053254477502122,4.055506990859482,0.6604424401818937,KNEE_FLEXION,high_fatigue,42.21455511615704
3.4004730713786806,73.50735529250217,62.072346046175966,158.39374994798763,0.5038632838079576,0.3728715795754644,1.3973725066194673,8.089087191621559,11.57394540782002,31.349477821596434,5.140189665826878,0.25174328784136757,STAND_TO_SIT,low_stability,59.601173974175275
9.300659310096936,21.458408551232974,50.773692446506395,79.58776516293442,0.4347719820571072,2.205404407006764,0.8553370334560335,9.064042290216877,49.61895776409841,11.722179816249033,5.519934700392618,0.26618460000734506,WALKING,high_force,63.55413502726656
6.500956377341602,7.970762442907958,49.11305932694409,153.89440284454935,0.45728911084411117,0.5029639676954792,1.2562645514353836,9.079496537085802,0.7009477840355767,34.37923259073547,1.914251238587647,0.25251827562397555,KNEE_EXTENSION,high_force,57.74841485378473
9.400515280841843,1.1669330502773818,-1.1072336430919474,-0.235672237335584,0.06078834337384311,0.07551327888411571,-0.06411429685416457,9.65989620002227,0.11146644618946405,-0.15516277865310904,-0.05178600664679928,0.03687890126718066,REST,normal,10.80138045556456
2.8997756721997794,7.160770231671233,0.9115647332657952,-0.27800988091623147,0.04770652597227591,-0.06319581983768838,0.1246747843951443,10.228058567491008,0.13382687374441612,0.18412727000525442,-0.726341100209292,0.07477471217917492,REST,slow,6.5850148233452135
-0.0011138642415942303,59.3994505213822,77.71227639839695,113.80843832959847,0.5364555712280825,0.5428939971986269,1.1268732477270642,8.202863315956805,14.220927264064342,21.392529384682796,6.930680766606321,0.7986915754623812,STAND_TO_SIT,high_fatigue,53.051908606329235
0.8970533658246426,62.91917131680449,-79.41537928476264,-85.50482181317575,0.31909939857228853,0.13225880274065957,0.8704226171932743,9.263679637885852,14.068041346636544,10.971121847813382,3.732177185526416,0.6403784717780011,KNEE_FLEXION,high_fatigue,45.28166980824592
3.2010927671264193,75.44108692436122,56.629114669399435,58.185149748203116,0.5141390753476822,0.21237452096895465,1.3277694615876694,8.580391032301064,22.84902722216906,38.73559635830797,4.392673417358888,0.8320483507306277,STAND_TO_SIT,high_fatigue,70.69016996366098
6.899489969639769,28.506911511200368,30.7015180909816,37.51046734268539,0.09162926737374935,0.14182041048023986,0.7758589918848946,9.227981033081566,5.350385894071078,14.006526177505066,1.7738566370183342,0.21748440598431634,KNEE_EXTENSION,slow,14.03449708733488
6.510014470463818,49.597274685875526,68.91413871076657,144.0792893113351,0.410175915708707,0.6906179840963487,1.2442717712501794,7.91539519281416,23.573267408024385,26.859011853516225,6.174729079891083,0.3546085587743978,STAND_TO_SIT,low_stability,56.12784960294714
5.804399173836464,55.93702584579893,49.89232981130717,49.88562859682843,0.3281479123290315,0.22696395277829484,0.4757409529840907,9.484229970899424,5.423030424652183,11.970520838905056,1.8557988256983626,0.22577870957044247,STAND_TO_SIT,slow,38.70593257771728
1.5982030822808453,26.626315523276443,75.26434738053551,63.838147753529256,0.3417212018161453,1.414168087431401,0.5770800371885243,8.145688083468443,27.053219742084952,9.197646927887115,4.411302280032867,0.1389691831652806,WALKING,normal,37.98184664508519
5.702733655071659,89.9040857911688,95.54022619190226,120.81547583186945,0.49632567415912787,-0.40798649205420506,0.5586915725862862,9.448068161700261,40.73989079076332,15.412659223686218,0.4971050921047322,0.2651767927342812,STAND_TO_SIT,low_stability,61.87972069024586
7.701954163791987,97.81269880445838,-83.48706269527943,-172.4252166820839,0.9512772595345136,0.8253010954410487,1.7495531290863282,8.823951981714895,22.287543130108244,32.24728799677774,5.13769100551413,0.18912008592072801,SIT_TO_STAND,high_force,61.816546603025955
4.999886983615708,23.897019232554847,50.665124295841835,71.69414366984981,0.49779896991747347,1.649562306331911,0.38593655088869294,9.43203272418256,22.519009104671714,7.255106430210785,5.607774588325979,0.813579021618557,WALKING,high_fatigue,59.639765858222496
1.9959397616192989,104.16644303118666,-55.732638111925375,-111.05281253931396,0.36656063599030736,0.3540920792463432,0.292686970209844,8.524121483302368,12.15384849788341,24.560861973779385,3.2288337011023,0.22756257079954392,SIT_TO_STAND,slow,31.62424455084119
1.9035902089314738,3.7253358384082116,-2.3956532392673417,0.464893867989748,0.04098475348096694,0.12084206228546203,0.0027078483735817876,9.710444829510982,1.8819447816547032,-0.0943655644059746,0.21086023629212802,0.6161405844770046,REST,high_fatigue,13.607007640022747
2.1999465669420037,32.30186838169601,58.09227753471335,28.282618171095354,0.3425468098089612,0.9446181533017849,0.39842264702123503,10.535220308507853,15.727029749977197,8.612153133753484,6.828281141222212,0.8447430754841272,WALKING,high_fatigue,52.760909644497055
2.7989357031133437,20.129089373275086,75.72736962399465,103.58901941726566,0.37430683842203477,0.16007352888444917,0.18427891173564045,9.75016431677431,3.785909700534559,23.03705313338392,0.03366906008594868,0.15917929501609557,KNEE_EXTENSION,high_force,50.00013850136061
7.703322427687144,2.2241956175770783,-0.17257085632587665,-0.39745331431039865,0.08463177385779823,0.13667753049665954,0.031141353625149623,9.798561990562707,0.7050676245505098,0.7654677564744693,-0.2339393746549539,0.5261280863145551,REST,high_fatigue,8.094506439259202
3.502147393038288,56.47776036420668,-62.510030680239694,-117.2108155737704,0.30129175931548385,0.2956379052992166,1.2907903006050494,9.503621267100458,12.178613999242524,26.00830589380466,2.1427308411026926,0.1858886517162096,KNEE_FLEXION,normal,39.73690882791357
7.7017079503591,63.607771790420216,-15.145671404931978,-53.92272176283941,0.24740625053388293,0.02193539047197619,0.5159475215396084,7.979188266904282,2.9942997531379523,8.967391076326889,1.746527799676531,0.20239274257521198,KNEE_FLEXION,slow,28.870834802036537
9.198709478234532,57.8332637223913,41.61566518448001,47.80367964090093,0.4803115612527256,0.24136662379057605,0.6298172729827098,9.26877446996834,11.89849268033308,24.088455809271377,1.561467380782031,0.11258373637507475,STAND_TO_SIT,slow,33.786947641910736
1.198032760032416,30.6690255904723,-66.18878829753548,-90.99554355262981,0.5913037290951353,0.12903911242520383,1.568654367389917,8.630023298450066,12.97234090630285,22.943773087003024,4.3357483732091575,0.18982045928177568,KNEE_FLEXION,high_force,49.118252646434875
7.097919805878461,36.57850406538074,-101.97751546571095,-68.95179861553336,0.8147431775980775,0.5952973367051937,0.876938815716718,8.956092588945326,17.28253126786029,31.693871270254366,6.425020028917289,0.8343501127928157,SIT_TO_STAND,high_fatigue,90.60732925145754
0.20269886410112653,82.5576129640507,-100.85697714545415,-200.64109756355305,0.8470375971295004,0.5409553547227997,1.8776791357450207,7.707962583210623,31.31863259081779,28.921631013721928,3.7602389352106407,0.20842914910513377,SIT_TO_STAND,high_force,93.69541822360172
6.899573496978342,56.92174332172421,38.681910971790295,114.80708133081632,0.5087995923591814,0.2260839151733409,0.14912340236527677,9.508840919423456,13.379837507918696,15.198429961111644,4.422702233448741,0.18892301372139594,STAND_TO_SIT,slow,28.658705515734546
7.401036046016689,37.516931491721785,77.6259688815432,132.4940020234017,0.38580742284692393,0.1589948557366906,1.0959008071855443,9.476174673158098,13.508903056546094,22.110867242238285,8.775730880966632,0.24456178587708574,KNEE_EXTENSION,high_force,44.289713860151
6.999819599451215,39.22760432355618,35.328288649975285,91.74255524292167,0.6093774474619367,0.13640721958929525,1.4947618583637978,9.505245679498502,16.138732476214052,26.22148997986167,6.1450123762433835,0.7025901905603062,STAND_TO_SIT,high_fatigue,73.82166081648411
2.0024935805514508,19.065203079985533,64.52584998247899,114.4461370590597,0.450102834317867,3.531975298577982,0.7716861397978075,9.389152575581692,27.61011034401893,23.161445688105154,1.3848941147468865,0.2904495856329699,WALKING,low_stability,32.24480917705836
9.698346761906352,63.14689203955945,93.27949062502591,79.79530106632447,0.556763553971145,-0.03614360284993777,1.0411809774980363,8.611936360788826,11.78479033568319,31.697437596081524,2.4552689714826554,0.7268415612872994,STAND_TO_SIT,high_fatigue,46.826935039080944
6.800679144713825,33.000761888090274,58.60919265249987,144.73319131834668,0.37596472322832075,0.38647596679232443,1.261738842003666,7.682811403611583,17.333351980548485,33.43534075622315,1.296516059350637,0.27382656273483824,KNEE_EXTENSION,low_stability,28.596007222130755
4.801062984760212,79.79854790401112,-75.48062020090275,-147.4716383087706,0.9014915847278482,0.9448178798791328,1.8296978571242783,5.77348553836459,41.926371835071734,52.65294521954948,8.870798351119518,0.2821770652702152,SIT_TO_STAND,high_force,64.1465433888601
7.199615296359589,5.1790663410473625,39.42343396473739,117.69521019239109,0.37897731380075433,-0.07785527730852829,1.2091691315243622,9.509524139046317,5.515273225914953,23.672368612284544,6.303288705042713,0.10730227495835873,KNEE_EXTENSION,low_stability,38.84508514569434
4.901431125533686,60.42893194275001,28.33396374375956,-9.724352971341727,0.27626143431299816,0.011469320822117149,0.49573227929775626,9.333119942972456,2.3227901669976507,6.382932941979045,2.761442945648714,0.1288569462766386,KNEE_EXTENSION,slow,16.22272259548127
4.6007447243348265,49.57964815529602,-107.85894452149245,-147.53355533151336,0.5746230495099381,0.7059210048637311,2.627495981161877,10.822321154191481,19.051428193565663,30.262735433046444,2.248383788983471,0.2216059210609014,SIT_TO_STAND,normal,39.695263379729816
8.801866237833144,52.46164653742565,99.59493740360753,155.63647737483856,0.5660592681249687,0.7069009528557317,1.0592736329186596,8.212006123583375,12.557802270089363,8.95024878401558,2.513070586944931,0.41641904663437046,STAND_TO_SIT,low_stability,42.772779929923416
1.500173442747063,20.882587948533875,33.32022587073971,59.2570280811849,0.3321239153423823,0.6679598217762742,0.540512587934899,10.158652496391747,23.421787430985116,3.9960404641401257,3.152076922502236,0.1732320598364533,WALKING,slow,16.325620474498916
1.7987216450600894,115.62120848815412,-120.42503248209333,-179.87156473131864,0.8220103476582238,0.8883710056397998,1.2971024223077257,8.024074976243726,30.528920355793748,48.422402094956475,3.4066361727176036,0.3674159330679768,SIT_TO_STAND,low_stability,80.76025953077169
8.39837308302884,29.840550500471576,40.06238883819758,81.83413383184242,0.34673498924867174,0.2585515472487007,0.7794178153792894,9.57610686939337,13.716055895699826,40.46532329992097,1.785815803762397,0.2711585197001398,KNEE_EXTENSION,low_stability,27.180765493937454
6.0024532864286915,26.025005742032874,-63.72453849207711,-22.339343770456736,0.24104748424985395,0.22837891049907383,0.6961550978435294,9.228022789779986,4.946531811761562,13.720719185311554,2.528827519996468,0.7789274811960113,KNEE_FLEXION,high_fatigue,53.846742954208324
7.203083980489733,56.96532074920478,70.25135014880193,139.09644647955994,0.9937642417917311,0.5318457873887481,1.8975286681823087,9.013809201454881,35.57752439399095,22.156511302687324,5.797033492636291,0.17394672928621968,STAND_TO_SIT,high_force,55.5485279673791
5.101924510260078,44.462475431518655,40.21158375728322,84.7655371649522,0.2137030693980277,0.036320880201030935,0.8985094977938707,9.789488293459955,3.855220981559352,18.575088522270327,3.1576515644996057,0.7378178855203982,KNEE_EXTENSION,high_fatigue,47.602146493470194
3.0996264837303915,2.1996605785769083,0.5153156411564033,0.284466628863063,0.04200602000483074,-0.0651571343601207,0.04901674912634107,10.188940685628769,0.2841456746975231,-0.3356447311788775,0.7549429771992919,0.0793064149996282,REST,slow,7.806940769535009
7.703240140618273,5.360503646748949,0.15921708373168847,-1.1092050569778067,0.010878245330381085,0.043932794404155075,0.06281057155201457,9.847274932254303,1.201234750111915,-0.10839886881175705,-0.20117977970863168,0.10618421722459007,REST,normal,5.445881285908492
5.204309550645453,49.0746928778049,-60.15338249986571,-91.31409732282212,0.264988307044562,0.2092868123653672,1.0366781471691144,9.261514792048423,13.699893646740941,13.772794889625077,2.5806763497223546,0.14491960044652588,KNEE_FLEXION,normal,28.607065291383222
2.400079379064913,35.61133924246524,58.05207869680166,106.75035429236146,0.6315633357932882,1.985824800652432,0.49148417892205515,7.148828901880915,35.20193663894213,12.166614803451102,3.031649546610848,0.20288048829248695,WALKING,high_force,58.3958292331353
1.4016074252779833,69.66694983270382,-59.44275720547933,-145.75022928602075,1.0,0.3276765625865705,0.47742941669958383,9.89990984533603,-4.3928383523621415,50.7766562113428,11.203581611307884,0.4051235549474287,SIT_TO_STAND,low_stability,49.76954096420921
5.095801525398316,60.4295841544398,94.72966478562911,136.4770251032156,0.6872194770096696,0.5987355739371996,0.7112708797535718,8.902031115287103,22.866619242947976,34.50486795775111,4.939357813428209,0.22620958674311853,STAND_TO_SIT,low_stability,56.112477541010016
9.599240621196413,56.8521292574281,-72.8778947954006,-113.68675536828042,0.5207299433860997,0.14607730347514733,0.9465798650771565,10.029186800215703,18.69518344953882,11.487665828591798,6.516050946950077,0.16113962875127152,KNEE_FLEXION,high_force,49.48843753191983
8.598252733917267,62.68009525174387,-46.285375429059755,-61.47089094325749,0.301388043252692,0.19064428037347392,0.3594047668267858,9.979809915917818,8.97365913962901,6.897912342036169,2.946851175026274,0.758377287684381,KNEE_FLEXION,high_fatigue,41.06496247163056
7.199482951733647,55.675871765875456,-104.80263941307803,-159.01348443882796,0.5184520678697839,0.8360170176198398,2.1353979426117546,8.83991693500995,20.729271848398504,39.89669324382938,15.17924441249037,0.263227643878905,SIT_TO_STAND,low_stability,76.65537098967022
5.500474241506339,64.36162441769766,73.24209895981814,114.35958273072974,0.48147446155315365,0.8223830432698203,1.361578583492411,8.591658311193289,29.744002324857117,21.441397130207058,2.3526592915636333,0.3832879553263709,STAND_TO_SIT,low_stability,55.224677201659944
1.8988406133690159,66.23947426833115,-61.08594456195251,-175.27334245533498,0.9483293268161752,0.6597882358446872,1.266731518075427,9.513139994322774,38.98317922843735,19.958200371180755,10.029647154311023,0.3101585592592722,SIT_TO_STAND,low_stability,80.45792437877365
7.3979899504048605,17.30250793998833,65.03528455292135,111.39865916229896,0.4273050828731536,0.804833611173926,0.773261510133598,9.808753790352085,18.637620133515277,40.80342630774163,1.8074631926290101,0.16844137021546374,KNEE_EXTENSION,low_stability,34.57581836482981
7.099179035699203,28.95668840482961,-60.121008013272345,-16.62373699652753,0.24199011158223516,0.08799941454481582,0.2926976413680172,9.164727501392937,4.280213082378805,9.928797466434784,0.15046338974431955,0.21428437470944658,KNEE_FLEXION,slow,23.43435860677353
7.497524407561075,-1.5646884371421976,-3.503966920609902,3.6740737415840967,0.05377762890856347,0.18830226047089252,0.24772387265301588,9.065668327178276,1.3113420056240677,0.851665875801283,1.3677123159620657,0.09606142187130358,REST,low_stability,3.394165228673147
0.8026452987256251,81.63690275920645,51.26111342337055,97.06117629662788,0.6014358658613057,0.3671877428915217,1.4965337395611005,7.753873264370556,20.807959688896858,11.826256660600778,3.921504118348158,0.7383221096890273,STAND_TO_SIT,high_fatigue,61.555193707831855
3.298076612002493,6.783950135959716,0.2835221354392936,0.14297985305375432,0.05034889762905174,0.610844961585348,0.2739369959623178,10.597193396820462,2.230389342650035,1.1382066587507575,1.3079124976041812,0.07814156912382145,REST,low_stability,6.611998383332143
5.099350138599754,57.86405908023793,-130.0343696854747,-124.22243545464292,0.43635864101933564,0.1632257135972182,0.9019303015506679,9.36320789303442,21.72141500549591,39.518775194175106,4.571049731972461,0.16413798285999742,KNEE_FLEXION,high_force,44.08419295386833
3.6009590657624186,48.80300872609393,62.78946792553658,75.29521747400476,0.5826748269604592,0.2253067918559519,0.7588979496680959,10.398999695167179,4.534624413089871,22.230454461408076,4.953526943979437,0.229646755124226,KNEE_EXTENSION,high_force,42.04235383531084
0.39517752923937516,63.90299977537462,32.10431158362728,88.65060947167382,0.4380572682934723,0.047638452598961545,0.5142966880759016,8.888757310885808,9.953775803531054,18.55787555020262,2.350542443748808,0.20501784157973688,STAND_TO_SIT,slow,31.637816370634194
1.8035657326648495,67.88720737063534,-85.7195480914217,-18.544259363995153,0.7333392450836075,0.5303131218967104,1.427119617357186,8.528798404356072,15.361868198304567,8.787548837347016,4.34006885001221,0.29598555762181805,SIT_TO_STAND,slow,53.73238193564053
2.8003708796712403,-7.9726845007687235,62.11006314320451,113.37025070321538,0.021880931910967516,0.6320469773567391,0.9242999565901899,8.461419606982238,11.495586668777577,30.987165717054197,5.423215455633675,0.32851358729915453,KNEE_EXTENSION,low_stability,43.540966567771065
4.298972321186058,18.20057538028102,32.53153795880958,111.60059639165775,0.48351027325837675,0.14264519754639604,0.942766783211798,8.730638445320812,18.09053167528316,30.29725278272107,0.02735401353885425,0.7560355642924415,STAND_TO_SIT,high_fatigue,51.92898096676157
6.101136397840871,55.71028454685077,-41.76290776530237,-108.81263582676844,0.40943614772923514,0.12930007245659766,1.6432037578575256,9.84531055883323,16.999989901488632,28.86481620459267,2.832185353898437,0.12652365903714685,KNEE_FLEXION,high_force,47.53960824211291
4.89907991734826,11.078875249849773,52.64589551555142,49.75896324066453,0.3316416617037065,0.3365625939825378,0.15264173253514035,9.45492084373774,12.331413829665529,16.713905562510394,1.9126422018157785,0.24907025952928302,KNEE_EXTENSION,normal,28.107991072609792
4.1982680200030735,83.0105219241813,-41.29017954114099,-56.04973975987797,0.8381639535127093,0.8386793160990875,1.407262659558234,7.276233169281833,15.111341165723049,58.33441819612653,12.121755792705425,0.22788373689670438,SIT_TO_STAND,low_stability,67.33836436898605
2.0005050398206343,11.222011136519216,1.2884992251319993,2.2318675382703526,0.08762591627288219,-0.06920898581482524,0.2076955800840273,9.431166625834555,4.202631241321779,0.731149274865166,1.0281216663523558,0.09939948909907224,REST,low_stability,10.496914987322615
1.898176956520305,47.63878638719089,34.501241537135286,88.34164830064864,0.40990104422428286,-0.08505323744336499,0.9919060937927827,8.119306231763254,10.52205842734404,18.01564704401402,4.756506731968323,0.19400118787851436,STAND_TO_SIT,slow,13.498543561859723
4.700785009347807,46.51064624778802,-80.99633030168773,-63.5429801039368,0.38957379930416214,0.0976499697553828,0.6020341787778661,9.3221551749042,4.008031926863517,11.867935438328743,2.611279610205616,0.7430639590792875,KNEE_FLEXION,high_fatigue,52.82891459085662
6.00123138504583,44.52296864901634,-84.27449955908604,-138.96409272253683,0.2613838787118971,0.09242626612574108,0.7893683826619378,9.36191139388401,8.842983740514715,13.527986264436965,1.8808287829994723,0.11744401353054873,KNEE_FLEXION,normal,19.42680903626998
7.29754489124676,77.24788721407097,60.774943874258824,79.41122933686832,0.5776315541551678,0.20176491666802493,0.5319692418294724,8.4102286167146,8.35602754718662,6.950904919371155,2.5722252076134224,0.22789758732037452,STAND_TO_SIT,slow,25.693633637494806
4.200385354216793,61.30228169340448,66.54040176815327,72.30329414657017,0.45148552742246134,0.2326559551821669,0.7518981570008335,9.218103672116206,7.643407678347934,18.661350058069804,0.6434968179698392,0.7513213795017072,STAND_TO_SIT,high_fatigue,53.46119584655998
6.002398340937354,0.0357386822736971,0.17770454519769657,-1.5931583823090318,0.12588517844950378,0.05263127724924134,0.10389296653871787,9.748711235074607,0.856398196214239,0.2793089234633229,0.812381592761479,0.05757753824040348,REST,high_force,15.233732118919054
5.401869424735677,34.29652662208339,-57.230266909897416,-154.61271289982972,0.3398710369928468,0.40189058055795246,0.8072466666363263,8.760352300453937,13.709285368734815,12.694833419067795,1.4565138437635157,0.25483044172501057,KNEE_FLEXION,low_stability,29.274537292216888
3.905061234196102,57.78242575161787,-52.88879381535742,-81.22833576248911,0.3495523458710505,-0.022164495990002767,0.5947107395549405,9.392166263190916,7.803705631762294,24.125876871942793,2.6094859233593404,0.2157430708699159,KNEE_FLEXION,normal,35.60308477377471
8.90017952175044,35.11934093254612,32.65009875816084,74.66305749545073,0.2782601708092122,0.781288979315869,0.2969393817465148,10.324501002937488,27.310017684693523,10.802248048454109,4.516576522393405,0.21855673013548918,WALKING,slow,19.317540577353107
0.1024069824510471,27.897613690982293,60.81580201936387,55.08583310252163,0.2974971520688464,1.227170390559781,0.6671789526129821,8.989446905495932,18.227350583714838,20.851563242762087,6.2702456420960555,0.7467971144372311,WALKING,high_fatigue,39.182214497476984
2.6012519762262754,38.987125204447054,-68.26439871557665,-112.64030421234473,0.3463936075795043,0.24765104985150638,0.8397886809031394,9.790236255360792,15.161307943279612,15.77865938754378,3.987013609441218,0.15411126882684,KNEE_FLEXION,normal,19.282556994280153
3.801726184907222,7.159732194245432,0.4963062708696265,0.3052324515659506,0.05681139833136738,0.12282147682043287,0.059794704316653,9.74133666237207,-0.41738211218021753,0.26803807947217884,0.45455067841124625,0.05842085625902732,REST,slow,4.431801989278434
1.6979470519737716,65.73716191291034,60.01346686660686,71.07507950048644,0.44075944006296597,0.4814623422365416,0.6937491920822374,8.168829003412633,15.623977857460382,19.917980953647454,4.985645105580806,0.6503522060962952,STAND_TO_SIT,high_fatigue,49.91342043664203
2.8018589951857344,27.728534045978204,113.84543002917,60.264103261738505,0.7346551057529421,0.42412865581817105,0.7744639925679936,10.149262451800183,37.13159616020591,24.351219044470927,9.668465106858438,0.31648661589803173,STAND_TO_SIT,low_stability,60.87834624504742
7.300663147451811,60.686516154628606,96.19443504185696,111.27469578155821,0.5002091488058873,0.23858168362302037,1.273606853873356,8.95553078446757,16.416287925963978,5.340627792517768,8.415152652402181,0.13308887313908607,STAND_TO_SIT,normal,41.52606144617885
1.901510538315141,0.9479873845054433,1.219714965974917,-1.7933337610117246,0.045163122855287854,0.25864284476909777,0.07413837300165582,8.585016151976529,4.903459151174219,0.5512224655927329,1.6556378163730334,0.16808837707855592,REST,low_stability,3.681483878580705
5.300390099960391,26.65576122026412,28.240378238183055,43.97646739410997,0.1840605032627043,0.48777985748554226,0.21915467905650587,10.132616914660101,19.361746094244676,3.464503389312751,2.4820938018772924,0.23521415101997517,WALKING,slow,16.729863920499387
3.7041311638347203,60.627290755351574,-21.81982280667842,-40.12901365536998,0.18215228726198354,0.0649872516239456,0.2251930703930787,9.96915601216025,4.191189261020864,20.355907569240447,1.2638769864447885,0.10216127758868009,KNEE_FLEXION,slow,14.074678687748172
2.200440816614914,39.961326663035074,-97.55227672885849,-108.62709561744501,0.3024793277197936,0.6977885600512136,0.7550628863194009,9.314823229658662,8.192251243553823,22.572579971073484,5.996711873777604,0.2280677866480866,KNEE_FLEXION,low_stability,42.9411869889789
5.801441646193371,33.97761283730507,62.27009186020319,74.69134855756387,0.41139780601349646,2.741487714020949,0.4125184339416995,8.978863906145177,42.21494758669308,11.922780968038191,4.908987950553226,0.17132412021151433,WALKING,normal,17.40809729445339
1.1987487517871973,7.589290150988978,-0.8517091211469153,0.10481627903438932,0.042793258771269285,-0.003648558235906976,-0.021039602133752687,10.071484472290662,-0.2105114586613946,0.8083537486356783,0.35210755320862247,0.07651650875557603,REST,slow,5.258819073791738
3.0970273500484,30.637587012385517,52.80760768838446,72.45508268588614,0.23675185237729834,1.2540549469232023,0.6765652526369198,9.496908060718521,39.363056781646435,11.792321105378397,4.286414976079393,0.1665910773388351,WALKING,normal,39.939791781076934
2.3962192555045827,10.223190385966175,0.24333705596772093,0.7552839454019582,0.10772360224820013,0.07999934041475451,0.07422796118316823,9.902831295250625,0.9722825429529053,0.35789931721870816,-0.07991362906179093,0.040302000144423304,REST,high_force,8.454040800970223
2.300116226348268,12.958999475032376,47.174788789776876,104.18909398005097,0.6650971512578375,1.9000201987308203,0.8229284090605699,9.402871984237061,23.447615663858247,18.630762347162626,8.286761334282279,0.19066441445085713,WALKING,high_force,25.12623499026502
2.8035240444430967,68.88176591010016,-54.40491953688504,-68.4701594701555,0.3174672233334461,0.01803272658352846,0.4103622098739301,8.919925288306848,6.985751471469429,17.513712670207024,3.3018807186476606,0.719379643830628,KNEE_FLEXION,high_fatigue,35.27209657728636
7.001342532222068,-8.351091037709251,45.15176458414605,107.9941203135167,0.3816129977467031,0.15007753779882782,0.6670048055495422,9.210469219376769,9.066402357907696,21.900147723372864,3.2146406175606783,0.10561602172496315,KNEE_EXTENSION,normal,36.18311336886589
3.2988183595453955,62.03288156292719,-77.58700846335141,-83.76279212274548,0.587832361362448,0.6225725749556509,1.9094348613635175,9.925100517563857,16.297026640642763,36.718146275882326,3.6677710413185864,0.6239789558074995,SIT_TO_STAND,high_fatigue,74.2237284325957
2.9020977348996944,70.03235530850928,-110.3445567052957,-122.8914468161031,0.5148883763153208,0.34871452532690844,1.0629680675446127,9.40917377462274,18.626624814104662,20.596273164044515,2.049634731832147,0.25540481021966666,KNEE_FLEXION,low_stability,44.96607592451936
5.800626103618029,68.84909620895299,-80.6971989967377,-78.05470812429692,0.5648326496779161,0.3345918309108493,1.6860176767619153,7.351202400853035,21.500038469076625,31.715146437863304,2.8913426652566447,0.7996868032071056,SIT_TO_STAND,high_fatigue,60.21133745237488
0.10505701161094115,56.0626214181583,55.32756249028152,72.62596048488687,0.4009045871333428,0.46413622184723785,0.920494397836013,9.438329728824613,15.206258394466891,29.795352188541997,5.716228979317615,0.17502091491408148,KNEE_EXTENSION,high_force,27.86653750628681
4.59829554479858,15.056802405181834,45.54174717393126,33.15086491597205,0.43090290076250526,2.7086138184888227,0.9035648616135973,8.147669048492382,40.294910147343245,23.742352251916603,10.48955812832546,0.3540634027492049,WALKING,low_stability,31.061735812550946
9.300896284289253,5.279224563780266,-0.37942531526638834,0.34991012791296067,0.044635022377815865,-0.025969932462786643,-0.03318082876200692,10.547691055845048,-0.39345286955727365,-0.590768212102201,0.27696904970002606,0.05905816558467091,REST,slow,5.4829043192048585
6.39681831539694,87.31811356367551,-110.89691601837784,-80.98548578101857,0.5739703832103288,0.7594301919840272,1.211670043159101,7.622575843528404,7.270947588740692,36.33380885586,5.464944663980395,0.7980535266529752,SIT_TO_STAND,high_fatigue,59.25222945330742
4.603104134642815,48.010959181371895,51.44386868951748,88.17530282791782,0.41194837034541265,0.5577972132038139,0.5435681943682836,10.334529004716261,19.363788069021133,16.773430370728533,2.412264576037761,0.7274999653979899,WALKING,high_fatigue,46.40912596902607
2.1013616254465086,39.557542483280365,-21.384699709908773,-120.0992174358289,0.27160853484874997,0.15881500729059933,0.813744700254109,10.41242560824142,15.629763567739563,22.60621427702421,4.192919312610022,0.16328711674318497,KNEE_FLEXION,normal,32.49121724827505
2.9032400244359535,67.49380737677244,34.72154552424699,69.20076392333031,0.5060604089972803,0.26793178809509,0.7905827168804482,8.56626151938207,9.428640772569507,15.205066466265027,3.066613554321644,0.19466973028230364,STAND_TO_SIT,slow,28.570355825400583
1.6998798155044899,5.6304901919231956,-0.31507537316464707,0.7191405406309441,0.05769253386279857,0.008222572272666316,0.03901498939342699,10.125600482546911,0.5277832901192374,-0.07646422809781628,0.604127212103451,0.06660009806243555,REST,slow,6.888831737080546
4.502188808568499,35.41792782600181,30.21975070149286,52.09911219789871,0.26937095681001877,0.901468595534578,0.5617059146393193,9.959082641161675,8.329027584521352,7.0121534409840605,3.4704101169733192,0.20328061386085944,WALKING,slow,12.733396458440408
7.001810685998491,65.97597440062945,76.28520680118399,99.88849985366858,0.5196293682240402,0.42292875308502265,1.0507511563341179,9.143624530544173,21.501938177388666,20.558445576150692,3.6949926591350364,0.2950960129818743,STAND_TO_SIT,low_stability,50.84690587127544
0.29979520658677783,7.065803637810532,0.7372542329117638,0.6449682122887205,0.03972929807011889,0.06894690126226388,-0.07521871764382972,9.574251263368138,0.9843566084162009,0.1928094197709994,0.7957376266511071,0.06267820755467485,REST,normal,6.558981720039508
7.398752798621484,5.27889926698778,-1.2780389714954425,1.5688244505064488,0.060490461796417254,0.13643049456666428,0.009249093369178438,9.13425700201273,1.0089055222004768,-0.9445974050424752,-0.49952057229767866,0.03174244026562346,REST,normal,4.7454484050139705
5.502704181431568,76.1085336238933,84.5052700657871,107.43262190319454,0.6624585889702341,0.8766504853924262,2.626923812685431,9.10900770711869,16.835999775288652,38.14986214142106,5.833528717575224,0.170100633269342,STAND_TO_SIT,high_force,52.33739587227139
6.700580847782592,5.2171354453815315,1.3347688775685809,-1.3998817614645618,0.018858318592629902,0.14198195349472417,-0.12690603774874465,9.952231337970172,0.7892587150071912,-0.49410152615876657,-0.11036104914284044,0.6441740214580907,REST,high_fatigue,11.507414842803152
0.498651575076551,1.787934160043965,-0.20506831133707015,-0.04716403649745463,0.0324765949309075,0.09600916508236362,-0.027613423624239096,9.191719564436664,0.5692295032253141,0.5478872434373812,1.0293705845235028,0.05680419953736676,REST,normal,7.102169470578757
4.6004432443157555,95.29310070014544,-99.51606327028244,-207.45380520256444,0.9349364749023441,0.8268383389013176,1.813265470853043,7.637584591877731,23.54740265824094,42.21922918872561,5.401404614831858,0.2432162295757854,SIT_TO_STAND,high_force,70.29320143711912
1.898020951247177,34.687859732523656,49.180535316791186,30.321971200430653,0.37421353682680053,0.7928483334283012,0.5490387662159265,10.023021449762277,25.674376284742376,9.860116367604066,4.113507334108535,0.7228597557433002,WALKING,high_fatigue,60.50858396915399
2.799217604993359,3.043876464953588,0.3272598108522676,1.2964037495285419,0.18991030104404666,0.14600652838321704,0.11948878484195433,10.353540084452302,1.234145048861554,0.5037141315802447,-0.11424043742035234,0.06348046404632393,REST,high_force,11.442133045399428
6.2996722895559305,76.99232218671911,-72.73490353227903,-206.8391530235564,0.6509938079684362,1.0075732220497438,2.2378587514156743,10.05038724866249,22.62012438489474,21.55168006970368,4.198086761211648,0.12736910303779925,SIT_TO_STAND,normal,60.3687765683509
4.199977418306078,7.798278415435304,-0.1085746604824997,-1.5169246640528802,0.138440277742022,0.1217266572667081,0.08206733224387673,10.108561461412824,1.0297136356416092,0.3636725820957845,0.3019235847227982,0.06383728044674129,REST,high_force,9.750575275500026
7.898503602370605,31.781810615329544,-99.85646359394735,-144.4720786491017,0.6568383899675867,0.12059356146853441,0.917593945373839,8.812068920898069,12.769793952784525,28.75674140584491,7.017327724330125,0.10920617404607323,KNEE_FLEXION,high_force,42.55624618570505
6.00165415189355,107.4844519630178,-53.0305746519834,-88.56784562270035,0.609596475521575,0.3157847880075551,0.5210249208707088,9.120582806642188,16.833594747048878,19.905790644209322,5.5606931278005804,0.23310332300407421,SIT_TO_STAND,slow,41.063033482013125
1.2998769119211477,23.085096776600466,48.84901222347679,48.54373759176039,0.22992445239935874,0.11680990403805154,0.754289179420242,9.589104822661303,13.864661349988491,16.071180548641433,2.4093857809067027,0.08393686084356425,KNEE_EXTENSION,normal,21.207092579220713
2.598757388293072,62.28490132124158,118.25938214688442,124.57847464225142,0.45042870549273956,0.17250412128188916,1.1847483344581673,9.142783986009293,17.155051614669055,16.123486219187928,6.089683341063707,0.08496177006866028,STAND_TO_SIT,normal,39.31307639432281
0.49957761242346027,53.989082572476605,26.00785593919136,71.68063023258387,0.35424096844726016,0.173980061257548,0.6941965494486187,9.809001229418294,10.138711961573964,11.532305875655133,2.294607598912442,0.22030637038601142,STAND_TO_SIT,slow,27.267819769145955
8.401668700654996,23.681148801094746,67.68457925485691,85.76979550135172,0.39388348829932973,0.3881050066811981,1.3764241035632236,9.459220221254196,12.62304408851622,21.550153658720934,3.38368090447959,0.20181311419316927,KNEE_EXTENSION,high_force,39.72163916981918
6.598533649507344,19.44417376742794,50.147871867394,50.55297057059535,0.1945294461418932,0.11333249241316666,0.05138031936159767,9.947214916276264,3.5260163356554965,11.849457869026438,2.4755749363899615,0.17517267045783158,KNEE_EXTENSION,slow,20.21512839319548
6.502967802624351,35.39104578970217,18.91229928449138,37.981871876810224,0.21229072532565127,0.06032489179710167,0.3984786766437505,8.463761473790818,10.671139609891574,4.639783022777858,1.9504343839124099,0.19090315782535835,KNEE_EXTENSION,slow,20.822855325146822
8.900857088659901,57.9920324151945,62.94250695661513,105.22497186484897,0.49406758924620814,0.40348273006194146,1.0918073080241917,8.90205580302849,15.757041659818736,27.162711164580536,0.03330109426254267,0.7657595357258198,STAND_TO_SIT,high_fatigue,70.04115512789298
0.9002121197776773,65.07729387030484,29.902465764196034,66.61640909621342,0.1288739264092146,0.08733629414564592,0.3911339743981863,9.616418949793593,5.05696662138759,6.820095025174683,1.2853473002261808,0.15924986439318087,KNEE_EXTENSION,slow,17.91676631666855
7.500337478367796,67.27472110546073,70.76359270033407,93.62959859105813,0.4884123832995902,0.12836573813144408,0.49265969183713215,8.5047296199817,10.783233490477388,20.420300020608064,3.1674716158468343,0.7911431045216634,STAND_TO_SIT,high_fatigue,55.12514956484674
6.097993805072606,68.4310768071836,110.67597672020797,152.79997829563274,0.926958480329124,0.7388028959837796,2.836305573157252,8.656701090003345,14.812512561220327,34.23591463955296,1.03715569912465,0.25759730638677253,STAND_TO_SIT,high_force,57.504895085747485
0.4978486454024424,73.23409561387872,-99.83536285143116,-121.9478171918794,0.6657213483168594,1.3327112253543962,2.7381148228938503,7.77669829970097,27.43009775248915,37.67804101348424,17.868533236850443,0.4054104117087583,SIT_TO_STAND,low_stability,73.5989726280438
4.100353011460922,32.625067201929085,60.21193219370187,134.2866408432483,0.413809691185916,0.5982627503071912,1.05454656663734,8.688267090474222,5.004609911070687,8.51568352544969,3.637618257491893,0.20132361262830964,STAND_TO_SIT,normal,27.10579447850007
2.201031312092214,23.89106969842689,38.186274826185205,48.72590233882841,0.30769324714979146,0.02269675767610783,0.43992394845408067,9.21237719679892,17.04376454369872,2.9756879541415646,3.635143500591979,0.18441369935224444,WALKING,slow,22.13662695458484
1.3021780984820792,64.48897904823014,-81.05855421715074,-160.0673522930392,0.4155760220862174,0.30557823687346136,0.3190229889457638,7.602854038324096,16.34859942256916,36.69367205206483,6.840632627530763,0.21755407074278332,KNEE_FLEXION,low_stability,42.59104950697229
9.298262684630334,89.09766661243194,-79.27220132857957,-117.30818816635107,0.6824765937890555,0.6224526706296888,1.338128865102532,8.171667895663338,13.995909177848173,28.872977521544986,3.150775158049411,0.6649618675765184,SIT_TO_STAND,high_fatigue,66.8590750806907
1.001021415898427,6.817899396235996,-0.4494940079323067,-0.29906171855173175,0.03666584277501281,-0.0024840902483053333,-0.03170421870483139,9.792506298886954,1.1803743464213674,0.11825371783605713,0.020596128204346295,0.06987661466615332,REST,slow,0.6096325069555828
8.699138516341591,56.34245893778244,-69.53697322409454,-120.4835590514508,0.34425046574903095,0.284223505585671,0.8997363038121561,9.193074198107528,16.19022721625613,13.7571634056968,1.6537743518583692,0.6153260868811931,KNEE_FLEXION,high_fatigue,33.18156372725231
6.9011652885937185,75.75094557093072,-86.56850883187195,-81.92236797026706,0.564609954682077,0.06923235296574368,0.7927147054758623,10.049055913809967,13.94735752014659,20.450303690675202,5.4163781597382945,0.22666352207910556,SIT_TO_STAND,slow,48.699941236575924
6.097929928500159,34.52468345354767,-34.6641983405871,-118.38615627489523,0.3133800481763315,0.22805780380223536,0.3456466863751624,8.987821804886845,4.882795470072947,20.675436430537907,3.580074839513653,0.6044902920578993,KNEE_FLEXION,high_fatigue,36.19712173776146
3.200404636361117,2.2534236292100185,2.245895026682166,-1.078792144574243,0.20119560249662038,0.16143524201913714,0.09962141056628088,10.20521626019076,1.1271372713041086,-0.5433613151688782,-0.020799527752391796,0.0,REST,high_force,12.112233522424933
6.598327885770309,4.026468146042794,0.9308892409282833,0.15180311359442172,0.035711119724971895,0.07939329733256846,-0.00803014865676064,9.653919319602025,1.0909616594147507,-0.6595385292840594,-0.12630678209610852,0.02856074895419562,REST,normal,12.372272276227676
0.7033417795106892,-3.3821383829493055,50.29124008020519,89.11987009364442,0.37950454500515,0.44069905250065056,1.4425141803167272,8.628275869940374,16.53636266126809,10.410614950926163,6.89528048215147,0.1774886599996278,KNEE_EXTENSION,high_force,50.801117900575704
7.198266966667667,62.56975403678143,-68.17817510773205,-69.24819909207162,0.24247380278118835,0.2824252895827292,0.5827032115672373,9.24023696098575,10.577229179461106,22.867323834027427,3.737914196940745,0.09773507025838304,KNEE_FLEXION,normal,17.902467254006915
9.200849135169003,33.945906419939284,-28.70508742598194,-43.88335639128207,0.21366433264557563,0.1765652660042296,0.6082119829921038,10.033187942699595,4.874476690907012,8.929275913878419,3.424150460364343,0.13889851723043922,KNEE_FLEXION,slow,19.84594565794359
3.6038999245974126,34.962230242515446,59.77635052660817,91.96813449430701,0.24190003736876134,1.3366204413684977,0.4300631322848673,9.680840867017073,37.593145651487674,11.31771548473653,5.185726313656348,0.12253976842873171,WALKING,normal,17.853684923133965
2.503136412894128,6.550864695990092,0.5699106885222646,0.33960064923945366,0.05064638076967882,-0.01866175518558836,-0.005815279668050176,10.05024535943222,0.00595607680353112,0.2786616971481476,-0.2960206514672134,0.08567812002350947,REST,slow,5.750514956333472
3.2980956947250544,42.789103133375804,-31.623595581830344,-31.409359149854694,0.18978131288178351,0.018895460548193438,0.41458972438536174,8.806329075863978,1.3559767985162117,3.7559461546098554,1.6383877013957815,0.20191568400488236,KNEE_FLEXION,slow,21.68451676440352
5.399733827309101,57.415982456433426,-145.08718604001916,-18.535324905464,0.808652689136143,0.43255845480632216,2.389649915843004,9.220950439986336,46.36897431391921,41.16625646652508,10.486568254782643,0.23115910474276496,SIT_TO_STAND,high_force,73.80855801029784
8.400804638218343,70.60824594368248,-59.37108849661531,-113.24085097680307,0.27265660610015513,0.14973847896837145,0.8223712810585313,9.743975613724336,16.401209931027616,10.306915818180212,1.563098480348722,0.6668297865623583,KNEE_FLEXION,high_fatigue,37.23976636901328
7.600559453184113,50.22994762709741,47.66920314572914,99.65168782918266,0.42274234101175856,0.5250586625600775,1.2786724314779685,7.68043169903366,18.677427945278833,20.004481095929883,2.3671111915034007,0.5652035735920943,STAND_TO_SIT,high_fatigue,79.32376179584784
6.200190767172864,42.18146596342404,-56.385285365343165,-112.55892426509463,0.36942432836349326,0.1734802091231039,0.6712118397784058,8.930804546576429,13.033803428267568,21.97932131539705,2.405801840049844,0.811225525640537,KNEE_FLEXION,high_fatigue,35.02764793217081
8.804259886658123,29.32761979687023,-72.7623859353535,-95.1891549116273,0.2527063180934734,0.26608081328266353,0.8365264118586563,9.045758348796376,11.746100860568715,18.949541986109622,2.7921470511668676,0.7353348178662567,KNEE_FLEXION,high_fatigue,51.369094057238414
7.5009362170274585,44.90284478938541,-101.46381649787432,-69.89744428608843,0.4540840384020387,0.34576818128343184,0.9827852631998888,9.015119247671432,7.110494966051525,15.298413805581033,3.882991226929443,0.12483962653034081,KNEE_FLEXION,normal,40.572064406844305
8.398062929199016,9.534119908345152,0.8953796180078063,-0.41210535109679114,0.06081281349487087,0.05659795609463423,0.09431018212041153,9.614700575033705,1.4683035410792225,-0.2849900537080703,-0.5909324980214063,0.729719309069374,REST,high_fatigue,10.195052286997825
5.399656622384354,63.981303699041014,67.61471654038694,60.99450645497816,0.4603408287109191,0.05065490209360324,0.6837846775428824,9.70971365525432,7.313237506709374,12.005749631740434,1.944340937647865,0.1891943004689717,STAND_TO_SIT,slow,31.471446871271517
7.602739968822373,34.12526055364676,30.345124710930747,48.18600606490927,0.25373409617942244,0.09980059640395174,0.21420511340407095,9.33400185102829,7.923807987705037,12.813337120111028,0.6377158362020042,0.10787598476075558,KNEE_EXTENSION,slow,18.00924413298367
4.997945887842412,6.48633548588394,49.02675731030694,117.4928961186548,0.28298594035722585,-0.05974049326893793,0.7539797238079261,9.830400722877746,6.081161476798574,27.26078623607858,2.162075233278864,0.09054985711904592,KNEE_EXTENSION,normal,14.27972470786732
0.5000514754863269,70.61563482663821,-85.14395330101584,-101.88338758879829,0.3655193895924587,0.1428452261487887,0.942819431767559,9.154882916134929,4.1829531798289405,13.282250331128092,3.653607200559225,0.7072978254761076,KNEE_FLEXION,high_fatigue,52.55021175565014
7.40079578767997,34.50328365987772,95.63131598752646,95.71642457582652,0.853460535606876,0.17663860003921117,1.433185374768239,8.856614946123116,28.68343345134098,36.12061211545627,11.741624706222323,0.1757360126304861,STAND_TO_SIT,high_force,64.76698240507046
1.7980276848042749,30.52047464039536,53.33264011846206,91.49797129815335,0.26795848140297995,0.6727497625724413,0.730306704215362,9.56949898900944,32.71797385874123,15.96164942526433,4.409047554771371,0.7124200260032779,WALKING,high_fatigue,58.23949247190717
4.602752680124691,62.73406030346518,52.63400334028858,74.77763499762983,0.3881917684787942,0.15865109302347846,0.004427436340977281,8.503986788452483,10.554226490367729,13.105214959399602,3.1232151510752915,0.24314768033970333,STAND_TO_SIT,slow,34.56805812652804
2.603277156256135,86.88786076292494,-94.12207774170615,-81.91576608105818,0.818995860807438,0.2912990140630021,1.580574248057671,7.489616296514846,21.47574470444936,63.31864317421662,1.8915057147717196,0.18267765593546814,SIT_TO_STAND,normal,56.956851536268516
2.999015930386384,97.67520733152037,-73.54337766091032,-71.95765990988733,0.7190356719350952,0.5012774672740018,1.3454388431011606,9.209844380549603,38.38262187399351,34.99686238103506,10.244496086232228,0.11770677624794049,SIT_TO_STAND,normal,58.50677487934123
8.20020632896995,44.8071186416214,48.29361831618218,112.35795965453913,0.3743700881307523,2.7935295271847673,0.2894381075776581,10.371633966201419,38.727212356748076,-3.5807024390509334,5.7975835033946,0.2947581981270194,WALKING,low_stability,58.42883558076062
3.4994195992014463,52.47597196479641,-56.999621250863775,-77.57453441881559,0.6833779702334831,1.0348290835544613,2.687179354730453,8.33222829966861,6.9416680779462645,11.041967224723976,17.791579711832384,0.22540742441133396,SIT_TO_STAND,low_stability,77.4028290987935
2.1999020959528597,28.724610861851655,-63.631254054988595,-152.442194071289,0.3750772704746161,0.200851980266738,1.3377537253489071,9.509722986558781,17.54820338810024,32.638597641407074,4.149063395656168,0.04791678065600294,KNEE_FLEXION,high_force,43.41377526584744
6.404373416321864,11.84233765180842,4.171805117598081,1.085523486417315,0.08240032355593774,0.3024679718828467,0.2249097287818554,10.483913580738967,2.45584184753106,3.3562744419448474,0.4681380001506788,0.14281148374717625,REST,low_stability,6.985753024570927
2.5013679568627842,56.499404633444925,-28.66539967878652,-76.35147828727659,0.22835657352615427,0.20602730246456677,0.3687843091546539,9.081459014978764,4.590945386775855,18.347836138933303,2.3573855193567934,0.15644471401754317,KNEE_FLEXION,slow,6.594347249525148
2.6988467054155327,5.341650984562488,-1.1882734241131727,1.8763135594445437,0.05280015304790128,0.1834514939110415,0.006930252272548196,9.343478870016156,1.2510728173272687,-0.060956097603320415,0.20842826299560993,0.050721198535955914,REST,normal,4.704661993076361
7.300617701116608,6.32998141086254,0.18349792519483488,1.1339850675356813,0.04250765952285567,0.2533925769009865,0.02620469985537681,10.048357691861185,-0.09872689019022521,-0.8734571657143468,-0.38690200136321484,0.713097442780627,REST,high_fatigue,9.558553473983077
2.5037376663463022,47.305106162734496,42.976948319474396,11.267658620595583,0.3057950634598389,2.421723695392696,0.6263012519519836,10.183001447847005,10.128699160178812,6.686366460070178,5.095148185128728,0.14420860498165497,WALKING,normal,25.71990775287066
2.501112074882693,47.903702282140245,60.52072340233586,70.16799592718807,0.5984293559579443,2.357578658011944,0.5331911502927358,10.156238910103161,42.49881981553442,22.381215554688513,3.9416159998621225,0.34122728458773877,WALKING,high_force,42.91024202666986
5.4987430305397265,3.8364452853754156,1.767869206238031,0.7753791235754117,0.05057891856641478,0.11108298450485138,-0.01551216652507287,9.235615996784281,1.5977380923251194,0.009460217291984646,0.6821431093464678,0.07944029132980267,REST,normal,5.331839367736033
3.802907076262515,24.6493052374853,47.43949302771025,36.29034010614129,0.26027023600502436,0.7825925217491613,0.3606714559419768,9.287319893113938,29.998999545370364,8.569812703025443,2.68751101060092,0.15393510919350517,WALKING,slow,14.669212017596992
0.19758344011066828,3.223718774555685,-0.40548368805314894,2.1160253847266315,0.08347483554844368,0.20881217219710554,0.05195142869023847,9.39757255624227,4.073396309846229,-0.4119257899060604,0.8892154089291663,0.13246591991797915,REST,low_stability,9.647488079241265
0.7988415305167322,42.86969830489456,42.67640852570152,45.14050959380175,0.2015496945060249,0.22966736300539375,0.3531169641685204,10.039208032846748,4.9613226070279435,12.596300029939234,2.4879665190080362,0.22111123828986098,KNEE_EXTENSION,slow,23.949974097142956
7.601106437643889,49.44523440739615,-126.63665124270636,-108.16971765948125,0.7953377932626299,0.6065757967631844,2.0014634453450384,10.579360940757605,18.067380602551985,35.82049482595725,9.723756952687085,0.20334922345047307,SIT_TO_STAND,high_force,75.63655876658532
3.5004680726341655,74.68031922684703,11.48982728124142,48.50310763684843,0.3297584922319861,0.11915392884954204,0.3069307549388312,9.513891282917463,1.6727780483766566,13.906604562366388,1.0924586324018424,0.11125613145338606,KNEE_EXTENSION,slow,14.275124565336812
2.401315463444306,7.19493183345571,32.92457856211124,59.84935442476547,0.31840859987439246,0.186953689024861,0.4024667825738756,9.144132785315032,17.783149966800593,6.2899052629917,2.632976533350476,0.1635777293929316,WALKING,slow,31.73336503140613
5.500055691401984,52.77297648910675,-67.51208381253208,-108.89885315101144,0.30656302015014664,0.17980268284512704,0.8441853668599305,9.788044837807835,8.837399381020829,22.45112795692398,2.2275851630112187,0.09968381545385363,KNEE_FLEXION,normal,26.793218778725798
8.001662231899937,86.00347106157345,-106.899288816215,-205.07032036074654,0.5433226271358178,0.26916101592973546,1.7103329138377485,8.714422258643648,28.161809208721646,35.47896289314354,6.303433999024818,0.23292379571039537,SIT_TO_STAND,high_force,70.22246049501491
4.903138927271619,84.65274409466718,-123.33714669337905,-123.59188157297814,0.768153859931023,0.8221422589696661,1.938397711929739,8.218163373423193,38.61124437390489,26.01658162061281,7.449107806629525,0.11106206070551816,SIT_TO_STAND,normal,59.38258019764092
3.5979008503469303,2.9628484498660206,2.180857148066908,-0.4964851108850829,0.12114353767547632,0.5575870873735476,0.31512860828894584,10.28732394062666,5.459680585064812,2.946517949483756,0.32484867834617664,0.08377306929211609,REST,low_stability,5.606179574740842
4.69638460628045,5.267800885746415,-0.13998483497765823,1.8344100593761672,0.06486189684109721,0.08495948813676706,-0.05068217134993102,9.086525933113155,1.283521709109025,0.42948844645007356,-1.4672665927716921,0.060851889265839204,REST,normal,3.8472622613582894
0.5996375379309067,8.449095073605935,0.1449782794836212,0.7556624123456157,0.03612596210522812,0.01997388154664846,0.08625324470045581,9.861465914147434,-0.9864527718309299,0.3789175148614751,0.23986499173793574,0.08969287022623405,REST,slow,6.419323731275752
7.898924842691441,102.00130221033325,-103.21578679057406,-146.3979588775993,0.5486194491350583,0.9404421727535828,1.4638711006239915,8.72666794087732,22.687443158718317,20.78181479575772,8.01080670844387,0.16869171197181262,SIT_TO_STAND,normal,51.04907941340939
4.40443665686954,76.56134592134376,-53.8922247039453,-79.41610534993264,0.460202130051166,0.14956804027896858,0.8375795362665299,8.6724042763985,12.604191904649369,10.386060195911897,5.11723207233497,0.27922404102349513,SIT_TO_STAND,slow,40.05380732238037
4.00102952178369,53.44531344866499,-53.174714483502164,-95.36890346304116,0.22397539544086018,0.23452730749380368,0.813964158934745,9.18474874757085,4.557437368670165,15.740848423989284,2.3029428182791927,0.7005440961592747,KNEE_FLEXION,high_fatigue,43.054148095551604
3.6004815761005466,78.42201096670448,54.649459896177326,101.61881390036108,0.7885461920887198,0.9693059742058101,1.4585968889835512,8.26680860720103,30.091303754462267,6.674307888716809,8.525410301634443,0.19479003547288742,STAND_TO_SIT,low_stability,45.76271163867037
5.299996427186122,63.6584481424379,75.55192276358491,148.98948279110866,0.7006421250107367,0.18560173811228592,2.0792613120168,7.996309253111745,30.10389767622588,37.58569819564726,-0.3070614968182799,0.22494306570255587,STAND_TO_SIT,high_force,75.98233162581612
0.10153415513430514,109.27573215961147,-40.192977348133596,-42.50747074281391,0.4219494531464363,0.47488082522108943,0.7835900829327691,8.920724979724662,11.106303232730513,17.48173939247078,3.6819605280522745,0.2558914067639142,SIT_TO_STAND,slow,27.288787987872464
6.802092570262759,59.84341427344606,100.13166746409203,90.67237106328163,0.6237284265126801,0.10633952582984446,0.773896984393096,9.509374426284369,11.015089945254935,32.54189635747236,1.8786438111310932,0.6774434884002016,STAND_TO_SIT,high_fatigue,69.87868356292287
2.3013776157690993,24.46024669571718,81.74200100614114,64.20248786801564,0.5013467040093293,1.579022829876029,0.7386738918026604,10.177462544365321,27.4654655010754,13.040349813664257,3.613196323393936,0.18968661648648885,WALKING,normal,11.475100775391951
2.801154417799536,75.09204970003768,-75.37287425515173,-109.56687498591397,0.7533413514286823,0.4281169183923078,1.1844975551923977,8.795031052241482,25.43522106148462,23.06581343119729,3.1720532564058996,0.7346436976739663,SIT_TO_STAND,high_fatigue,65.08231496670659
0.6987968281353573,15.41331624633337,53.17329338132843,35.76729675722317,0.18015442960595351,0.21463097273001772,0.1907446924540916,10.5682488595556,1.881604525643572,6.70466161313657,1.8102174165150275,0.17328840386242866,KNEE_EXTENSION,slow,20.456770450047756
0.30088022140653126,29.636884247672253,20.987901640164434,48.90145759193931,0.29342487786188853,0.623796635077122,0.04992569693147564,10.00968272649933,9.620517378303642,6.02177616942749,2.9689553433245535,0.22417996576302607,WALKING,slow,19.450198688258578
8.904318982079342,59.61410083054454,-61.7419204994243,-212.6783006967829,0.7966659848111076,0.46918156374373643,1.05881700912341,7.9833500592742705,2.1079287023264546,31.531570600530255,6.805226181353022,0.8409229962480881,SIT_TO_STAND,high_fatigue,100.0
5.099798830202979,56.51155161383582,-76.60691978772039,-115.4975070036959,0.33632871877446835,0.07309913588707373,1.4037278194388143,8.667305484164721,13.412459047888174,30.150556759494346,4.690278181683328,0.200762186401382,KNEE_FLEXION,low_stability,42.543078610502434
6.001998672664949,1.541708023450278,-0.964604908348263,-0.2393956195558994,0.053161688061712786,0.10994633318238868,-0.0033843062832856125,9.610407434678214,1.5510968538349008,-0.4931512062016388,0.8021496615664928,0.04692629791275965,REST,normal,1.4387887208768895
4.896433781468056,4.987426690235128,103.28184312091943,113.0161038672292,0.30472350103593177,0.1127627755527747,0.7813717855217162,8.029535131311297,9.590230449453527,9.903023892221274,1.7404175273596723,0.30997294718281765,KNEE_EXTENSION,high_force,44.49561624834763
7.097290838715057,28.0376719501019,50.859350560522955,51.26934561316602,0.3342629838193642,0.7113813016891254,0.6049711574687874,8.811864337685748,19.199828779940937,2.8500283649717626,2.6503042050077856,0.2414521532510944,WALKING,slow,10.110004155779782
9.199210854296263,4.020491310838301,-0.3835182273059884,1.4709501707499135,0.03696790101527757,0.08702606078595117,0.09080532208119672,9.907431231985028,1.2623308711144314,-0.208296914835996,0.9003659707602024,0.06589864505831255,REST,normal,4.230037650800742
6.602103444180392,33.1517659866165,24.609250446112373,48.169074644447534,0.34496014771469,0.38811005551240035,0.2658016221783989,9.42509296668872,20.24208625859244,0.7050532226794473,4.012065644300836,0.24140379962740852,WALKING,slow,11.244633368575945
8.702060360879923,36.97779155627271,94.01031925643302,79.79812548114599,0.619287753882298,0.36201206482679904,0.6237623694798363,7.8722406458414955,26.851328189264475,12.618852702136634,1.3200869960841481,0.14511161803226114,STAND_TO_SIT,low_stability,41.00405902897643
8.002264102734422,9.66639685622571,-0.350673396760509,-0.5409584581259199,0.17181404439340706,0.04896388748804263,0.06545208351734601,8.60158503478952,1.644192468569974,0.33563438811152885,0.19203186376300527,0.039370861953864106,REST,high_force,7.165047320865017
1.8985927741234487,53.90683094321551,53.11795982362417,76.34353405298114,0.8660834454001002,0.7111486706013669,2.0445553764398197,7.141134755444692,16.424209334737053,24.942410348298857,4.445435781225288,0.17270677571283488,STAND_TO_SIT,high_force,39.72155320043752
5.8996032401148035,5.321772137860814,1.058971300218349,-1.4793223153775883,0.03702694842100723,0.41046292582739646,0.18842989250199718,9.111250100505401,3.1625182379056915,0.12248770530692438,1.5773994278891865,0.09405900404683297,REST,low_stability,10.13973840209122
9.900259907913336,19.01986504770705,81.28373997826097,114.65528782287903,0.6316582626188945,1.4156022956717298,1.1550772457274396,8.760784290996513,12.903880475020479,15.57238866646131,15.815554609867766,0.30743494437658186,WALKING,low_stability,40.37783706901118
3.4990311258770115,67.1468055447774,86.41585574867865,99.02290123172878,0.6051372319835719,0.3501708025718271,1.4968450441714392,8.883712653667198,19.89556452938489,28.05986271301554,2.9331585419120776,0.6063151930582028,STAND_TO_SIT,high_fatigue,64.26575690392661
9.401353438917521,81.38677393728419,71.23096823247512,111.6615882621737,0.3663115401284289,0.14875352041278525,0.9732934594054226,9.51828534790228,13.229296914719518,4.910519386648031,1.7348490082139238,0.6343953185751555,STAND_TO_SIT,high_fatigue,67.07046203449407
1.2032531798674595,50.243783081620286,-78.92299937783567,-60.40395696072268,0.29428160584813523,0.4982523119094878,1.2176144054713371,8.717581758583044,14.751828370286935,42.02572820495891,8.417719729230596,0.15378272305249757,KNEE_FLEXION,low_stability,35.63284465903723
5.997358245794502,37.07533273876191,65.27775003890075,93.70373344691825,0.8261069454557357,3.25578608317706,0.7624744397294102,9.088827578824688,28.13370176966483,7.991400934413277,7.542852563136071,0.22110186607493992,WALKING,high_force,59.14800586184388
5.79974774739455,75.54200894201696,-45.245042807311364,-77.31869064444459,0.23574910396994436,0.07942475205269188,0.40847896753329066,9.973342667098034,6.979928533795729,13.81800935221396,3.5145850899938975,0.1263686471406415,KNEE_FLEXION,slow,23.99802145545885
2.1998520463396116,35.17626387363748,40.42387882164684,54.892765215984596,0.16986174994270575,0.11799839540379366,0.5079783733447941,9.105842847570251,6.106446872722284,14.334748130319529,1.615943362449326,0.12457846643798903,KNEE_EXTENSION,slow,21.656938532680066
4.203367172419076,3.7765215738701587,-2.13278548829461,-1.7569898693842003,0.045157858030372575,0.12057218942669047,0.012584007445407523,9.310415599032638,0.5873457883033819,0.8879483800773788,0.24169732273367617,0.0639713269074301,REST,normal,0.0
7.298875190821074,65.35411585939117,-50.847132772943795,-52.10398363266894,0.2971148071637422,0.21060720941909783,0.5378010362458221,9.244739635204947,7.494441090513559,4.139256071293481,2.4286863931595954,0.27307350820666126,KNEE_FLEXION,slow,14.27758974111071
0.3993781866558549,5.05583448591083,0.7169111206547664,-0.45893311792837765,0.21271566850340798,0.11638628559461378,0.10090629849118893,9.614016920394436,1.7953090404084493,0.11784736043764145,0.0377580192846406,0.04824081898037646,REST,high_force,5.015196668551012
7.298562067293757,83.44057570490716,-49.165519043152074,-85.96417717960243,0.77636141695125,0.4740380465931102,0.8705620464143026,8.988100594858711,24.36734400301973,22.723423657553372,5.231166989688636,0.9185307666800278,SIT_TO_STAND,high_fatigue,83.54650137394373
0.0021170477180329945,65.11102189524988,-49.141562867778944,-42.151595595554454,0.22933104975315827,0.09732311103092524,0.23918572340917754,8.620848030044987,4.266914945352385,10.24886968512453,1.4717199521958468,0.1949789044711463,KNEE_FLEXION,slow,14.442040087624983
6.801300498011157,7.021098806289169,-0.15739648044009072,0.055429662003166555,0.054779925398464296,0.1508138372663228,0.027336727480686496,9.43919637306145,0.38712237365828656,-0.2954689246870253,0.4572956244971002,0.07890251913853068,REST,normal,3.764751746946052
7.498504675887562,69.29937254748222,24.277547302756062,106.42221956650319,0.5142638465231514,0.5524915452749336,1.4061968238212825,9.12090183699657,20.73406989964834,32.487445910239316,3.9902703855858803,0.30778781289504636,STAND_TO_SIT,low_stability,46.172358185304226
7.90238735595618,82.12499212241369,-59.492560056532,-101.38763382570804,0.298242146054715,0.21445276903610078,1.2480118056627045,9.369897765496292,16.15379490872011,36.72911244791513,10.728000717439071,0.25320520688313836,KNEE_FLEXION,low_stability,25.435719502007196
3.10074209159966,82.50954243385895,-65.90684543936261,-130.50551738456753,0.6401924934352671,0.03455371684746001,1.3395841992776802,8.719028806078773,28.59054032924873,29.268990266751334,2.8283536935667826,0.12110401067219692,KNEE_FLEXION,high_force,31.40132825344363
3.699330135925453,7.011031508819139,0.14156562821530935,-0.811823582870113,0.04902252935412458,-0.01175983501860957,0.011538065302103573,9.981931859108837,-0.048646640367081044,0.5332399253473353,0.3706487976047805,0.08975982741609174,REST,slow,5.200339275986948
9.601463937606173,39.78625896709552,55.252921797327204,127.68634660377282,0.6619204497736039,2.1569192163914788,0.3509033040938266,10.113350027502491,40.39993725874525,13.899715289745501,5.1628201900934885,0.302262828798021,WALKING,high_force,47.781212197293804
7.997133699645714,71.58935960705048,-59.06114988051879,-58.99371896668057,0.28265781857186517,0.014481072367095022,0.39582851193362334,9.344420353883933,3.5703102015302184,9.999340481414231,2.8938198907219435,0.20234128660336848,KNEE_FLEXION,slow,19.289706878445575
2.8025585476797423,57.775327576243825,-50.5921579617649,-65.20018810663815,0.03900598124321567,0.13642367618989024,0.6969832708631161,10.361723769309341,2.5202659564011167,5.497081956321978,-0.3662715411545454,0.1662604915390036,KNEE_FLEXION,slow,17.056055806674685
5.799412775226406,50.20881961304669,78.98747029065612,154.7617539121554,0.5008675955535169,1.4848391072538765,0.7933182730316352,9.933755518899053,47.10233763681049,14.635497674843219,3.3739143559088696,0.17066965337934295,WALKING,high_force,56.75600338230851
4.102567557796132,46.01827829997079,88.25549885084942,104.79583646209343,0.5222558393390477,1.6118889848454803,0.6091328225957061,9.755366117394981,41.40660881475451,4.512097874883104,6.131150200656039,0.19326814796634473,WALKING,normal,16.404690807100643
1.9007774118163216,82.58206693865581,-74.25234870181825,-154.3378769167529,0.7601207516815928,0.5198272371081945,0.6962574917644226,9.12693663555948,21.198666192250723,40.36209674450462,3.353277675211918,0.2024971153253699,SIT_TO_STAND,normal,56.937818470803805
8.799645278867846,57.85620877576962,-86.96143642475039,-131.67487952317867,0.5644843715444661,0.2214189342216859,1.7686690073295106,8.83751839392265,18.91432604161456,42.042967941863694,5.877698399284331,0.2397284388612708,KNEE_FLEXION,high_force,45.10309779046156
6.503353189596491,7.555375680034641,-0.38449929859613063,-0.47758321917145174,0.049198574825444666,-0.034647826872673905,-0.06286241175035344,9.485855773609822,0.003516377927920762,0.17048177104232654,0.19757451772631326,0.05436297504542669,REST,slow,9.127789071313337
4.801139415763046,5.7560155673459885,-1.0483235095890873,-0.7576793046876211,0.16281548625165718,0.10286306702559425,0.09780068896662741,8.35708570122499,1.19947746938351,0.6479719605536528,0.1656658148583176,0.018140490974397135,REST,high_force,5.791976299430685
3.101886366093821,88.96142513092788,-112.84729764307927,-180.290723870963,0.8214209029639594,0.8742898179941972,1.6202367112667537,8.318530499069372,28.52897707111421,20.17033561011408,4.869355983580438,0.37656538240112764,SIT_TO_STAND,low_stability,56.57360069698985
1.6967764055108312,32.755716830903,-45.3116988433325,-108.82152141888558,0.2544413179698856,0.3808450237880829,0.6932383528816188,9.27612098804517,9.121093363381123,24.86560211089699,1.930092716235707,0.1718779179936742,KNEE_FLEXION,normal,25.813691998283268
4.599590105114054,4.535257581640136,-0.7666481000070193,-0.8690718573535555,0.06695774173519534,0.03584938717306047,-0.08175982195513867,9.164291517145413,-0.031409556124974376,0.5248358806482724,-0.09692961790729562,0.6030538304581837,REST,high_fatigue,8.098309918490646
5.79924629379824,96.70858970166678,-63.37041701884565,-96.6622293250485,0.4965442519836475,0.7800581941222037,2.025689889685758,6.215379822933441,11.271977081119555,19.898052516107647,10.814291658023413,0.1588112207682583,SIT_TO_STAND,low_stability,45.50195310003198
4.498353980978088,54.51694853548885,-22.186076882733666,-55.61282484139184,0.34565890128265986,0.00676017024193938,0.604436204248372,9.346002180182726,4.152813522271821,6.001660855394386,1.9347919893912708,0.188383283126704,KNEE_FLEXION,slow,25.26253483823441
2.904410837400643,17.931343641194744,-102.4081129760651,-153.07552778036134,0.6424510475127456,1.0410185133940844,1.9325078846101653,8.133343746873999,39.29021122635086,28.91194080012755,7.164095977371146,0.32575796435663074,SIT_TO_STAND,low_stability,63.751085173765894
0.9965736431967596,52.36425036256307,39.174251515579776,67.76740613593961,0.25757668550847135,0.10853878356178201,0.8247943873504922,10.067015954756327,3.791289740105043,9.506114768201764,0.9296603886605244,0.7252143016426689,KNEE_EXTENSION,high_fatigue,47.41082186125545
5.0046460990047255,62.07601847839069,-35.91921343596538,-23.09634658869894,0.18358995249151774,0.056375350614243314,0.40267085942593805,9.065867642513295,8.505227904099392,7.065970060661952,1.130649070695523,0.1826492868987023,KNEE_FLEXION,slow,22.346774865461274
3.396358267971076,6.438491321411508,0.8693610523944005,0.707792572326149,0.04064849763080005,0.12694554811464592,-0.006755199146861009,9.488668523921453,1.0989253618490729,-0.374346019431923,-0.9224085998600933,0.6266791845794668,REST,high_fatigue,12.55944232303774
2.2010361877035027,50.08944908038389,-51.10859351636358,-68.20602881487879,0.17774542584738515,0.08770562008831392,0.6260628368262825,8.934349840427966,9.202374755832572,16.90998894241213,0.9709521794426385,0.12415450338072978,KNEE_FLEXION,slow,19.382393415997964
7.700005381652829,33.29759913829068,61.16899518265875,75.48900638175395,0.2936129501767421,1.5896223945374688,0.5635857671395104,8.530629886943604,23.130668067212017,12.536243441792129,4.861191325993881,0.13640371248806513,WALKING,normal,11.593265819281912
8.40154453636527,32.705391837521844,51.22579388252804,118.96815529396461,0.141085472532986,0.25992225521763396,0.4083232305409922,8.780101576044554,12.714333608458723,8.599785599568342,2.5630096635259023,0.5909187921675106,KNEE_EXTENSION,high_fatigue,25.557729372138084
4.099824619695395,43.61729752691469,69.61260433474335,66.91458416257491,0.5238777978929525,0.21026779629819592,0.8153174829969495,10.130466428256108,2.1571714292599053,24.462760126222022,5.43890311993983,0.2534126027237296,KNEE_EXTENSION,high_force,28.351977176049672
4.801153989035681,29.378555058396245,43.62091283655005,164.6979607176412,0.30150464544990097,0.46782197254376384,0.32315712862915436,8.173479681848029,42.64343573450008,47.73061451699454,10.136824061874485,0.19674719444578648,STAND_TO_SIT,low_stability,59.35413137728003
6.199558590281938,37.304879966325736,54.46529135965534,117.30461876390784,0.6395526546057719,2.1682091118291247,0.40942680533622516,9.592635851733096,14.044010624190772,18.737710582066487,4.725718274819284,0.24811355120656842,WALKING,high_force,58.526640946554195
8.801321544412833,3.1437519450005516,2.70174862026026,-0.8527846278333555,0.054294907533604234,0.084385278749461,0.16647952941597505,10.206682692750766,3.242392763165419,1.5088807729118277,0.29530310968040036,0.09729969223229143,REST,low_stability,7.371194742530587
3.496042668666221,1.1294952870762067,-0.0054804818663372985,-0.7343478994605512,0.1281730344121048,0.017814839035749874,0.0848818521314313,10.360942711033312,0.46004470301416717,-0.3371325278432391,-0.5772783334875938,0.003000575695107671,REST,high_force,2.4245361867770603
0.5044032326735751,7.26350470458772,29.090935394128557,13.80002460194785,0.21550232845880948,0.07187957354405101,0.18700627808312756,8.75435078780631,8.94807274320624,8.132877567833818,2.153970219992814,0.1625100136549261,KNEE_EXTENSION,slow,17.71377529862572
8.400406897144864,77.21132515793957,113.11574073713298,61.234797393504934,0.3717147914999735,0.19559424549424442,0.6717040091252786,8.30530391808609,19.078537672757903,26.577251020545862,3.6626436671425493,0.5903627811516965,STAND_TO_SIT,high_fatigue,70.22683850091033
6.702649473931254,7.365800977618023,1.0617802621462695,-0.3586408901739632,0.12519038005620775,0.139828227826259,0.04577013174510907,9.009043254117937,1.9515860292686769,0.738390806288796,-0.6062975843814135,0.04627657874671763,REST,high_force,12.955975512330017
7.000746130167625,33.582002473883094,99.34100326397963,72.655401106577,0.8099988629860783,3.021114922609724,0.44359924987444443,9.585072496305946,27.92349722688725,17.664421635543277,4.382390888766021,0.14524362847353253,WALKING,high_force,38.151315587229654
6.5020881563304895,50.917945727859575,-54.67809937597903,-49.24585793103459,0.24020567343153876,0.14490126897418487,0.48059148263442825,10.346602410966636,8.40672137813264,17.352753455189053,1.6755303187533237,0.17350856104638873,KNEE_FLEXION,slow,21.498300475736137
3.6987360258564017,7.113410749458434,-0.8724921407065391,-0.40294597826172984,0.06477225941288245,0.07136964947657931,-0.02488025514900062,9.525023725261043,1.3423477423263268,-0.34950027043949417,-0.03288526890268256,0.7207072887600481,REST,high_fatigue,13.640939377686479
7.300287551336528,32.03338963890461,29.14572078098713,49.206794582252606,0.31545806154090217,0.07726570828560071,0.19570417581578067,9.339755815906678,11.371651804186836,10.498008713396345,2.131481699094388,0.15078344482138573,WALKING,slow,23.01055084042205
4.899926585608762,5.043487464569341,-1.7489640579488888,0.03711914748639583,0.17713076685193624,0.1510173093387293,0.04224089315003065,9.148021688277023,0.8945450882175107,0.08036645296693963,-0.5012733416168959,0.05088379839112078,REST,high_force,7.61053948498234
0.09860980332802899,95.69803431000142,-46.95450297552314,-41.71649755131136,0.5261769079842143,0.3386792286443567,0.921315541473511,10.075265059608531,5.895161552941873,55.551139870265914,2.07923720403993,0.16199324820203334,KNEE_FLEXION,high_force,57.338134771368075
7.402451319816254,44.550368489030014,52.13389730785694,36.997417565082635,0.619954621599958,0.7489396253654514,0.8706881514784786,9.079494820978336,27.3335776422413,24.96113105562318,4.042068249866666,0.22421801525623164,STAND_TO_SIT,normal,31.4536709139797
4.1998177411593405,45.96341831065167,-49.88515413225283,-30.755244846018673,0.22152941470405763,0.08969817021807949,0.5940261422891189,9.112424498736857,7.203226129043694,16.585578603705414,0.7147318118132202,0.20635632541316573,KNEE_FLEXION,slow,19.861466015383613
8.099491667526333,61.55560329032113,-64.0049306139462,-72.51869788954357,0.3096603215659838,0.12500819700913282,1.0242284275274165,9.48641779056407,13.065682534102304,23.830973599011422,2.475110712125223,0.20779882968160304,KNEE_FLEXION,normal,34.00837245637982
1.699848906616634,42.49799757591545,37.436068757762534,54.53481571507293,0.1991139304789015,0.08496998641829198,0.48483549992607394,10.075567763984672,7.3967759545011775,11.551349234379746,1.202494492189859,0.14953702705280597,KNEE_EXTENSION,slow,18.672299674201216
0.30209624806925045,45.91595517680262,70.42150101069477,105.54369948010637,0.23530490099519957,0.23608512642203494,0.4622764053990528,10.56678692909863,2.0326805815995512,28.315969445689444,1.6984684227158966,0.6433266101847891,KNEE_EXTENSION,high_fatigue,44.07167109826908
3.902507923870952,39.610487881080424,61.329269945053944,141.48141504619053,0.686816184799801,0.06600618686346309,1.105335740849886,8.967469513279957,10.589830781600917,3.09319444600639,3.1407372126818363,0.24123157042624557,KNEE_EXTENSION,high_force,45.675513120306405
4.801433466015411,8.65656732406199,-0.27793780147836544,-0.8355015837391379,0.03412473986787356,0.020329773760461585,-5.8693878087224665e-05,8.917306957516555,1.5878526644705768,-0.3764592365620353,0.08746607283579688,0.46284988585558506,REST,high_fatigue,19.082270436147926
6.900883758875765,51.94507989049966,-69.59140051876106,-93.97766912435621,0.7909971121652216,0.8143118201743833,2.224741190028329,8.110922706423185,10.26167257236867,21.816700961741482,6.724699773254433,0.7043492832296754,SIT_TO_STAND,high_fatigue,59.28006019198559
1.6000531213719622,36.997130625621736,51.31112822288139,77.07658851414288,0.6055843927853992,2.2471075839542687,0.7857938892565578,9.66523583607298,36.468485109050945,4.129199281323612,-1.7846946753869766,0.2189441219255569,WALKING,high_force,37.23147890899648
9.803034072951407,45.93901327011709,-109.93728533812119,-145.475083270125,0.26805574257974746,0.4684987040285593,1.1581500203386825,10.588731105844456,14.55384601324419,14.80075265703797,3.5823982743910276,0.3043305425553541,KNEE_FLEXION,low_stability,18.41326414759444
1.4019103120886167,28.960193652243074,34.82365939775285,46.89445771784519,0.17652408647757206,0.06481935267694568,0.23969051526457008,8.967981775929347,7.522765200244766,7.438520009788178,3.823299373932664,0.15974514727055328,KNEE_EXTENSION,slow,14.388359957598233
4.80142517257616,65.18077049311772,-83.17533654741173,-81.08038955735033,0.18263483657114593,0.17926391936646535,0.6916067358195753,9.577158425504978,9.76847688051315,26.339578053603077,3.0580402048358986,0.15251490425965786,KNEE_FLEXION,normal,21.311037695894115
0.0995933894037046,51.84395641739589,104.87803815470514,54.21151175642351,0.3500369487729047,0.2930879930525729,0.9573491367935429,8.470393082029888,23.63473510477138,22.998432153826418,3.66085660016727,0.7295480616416485,STAND_TO_SIT,high_fatigue,53.999227505636945
6.800157468286429,81.49766225501835,-73.06449454372748,-77.89715614229006,0.48206645142492166,0.08138265124214057,1.0978851062756043,9.07711842851565,17.1001168410027,16.74790195660808,4.442476286970232,0.26920618568688487,SIT_TO_STAND,slow,42.56196772470465
8.195971794810271,4.196128403570677,-0.41086632440539694,0.9291533049044578,0.016555133372888803,0.09266739772898916,-0.014793260249423706,9.840213044329621,1.839992158701845,-0.5632000221608169,0.11766324142271238,0.05865188903452305,REST,normal,2.599364910194449
2.399317917510301,73.8960279610443,-53.706054213344665,-76.12385938674142,0.37661114131342127,0.16764997289994732,0.7449903203464467,9.336577024331035,8.786973985749404,19.829165516172782,-0.2932522145619674,0.5437301327435664,KNEE_FLEXION,high_fatigue,31.340271714636792
6.0005333619507795,84.51781747128459,-43.253042008249025,-58.327978016282955,0.5787334049200998,0.36968838292932943,1.3039780634777127,9.7027393129211,18.071112907363656,14.296061694712929,7.60016728541062,0.8517261466986877,SIT_TO_STAND,high_fatigue,86.41898298549182
9.295983660427526,100.29616842136744,73.38312077486052,21.382980602046388,0.6101674684484557,0.7728239119455445,1.8982447009859702,10.795833162202495,47.24817782503587,28.283558240642957,5.288815347533577,0.4230243106074252,STAND_TO_SIT,low_stability,44.34600869817235
6.79688085093603,87.22603335378543,37.10791824822873,60.92365661105708,0.4561209449512275,-0.019915502447179947,0.6160980731530956,9.21358029191401,12.58923889932598,19.288968094634306,0.5465492082111115,0.13853447106571792,STAND_TO_SIT,slow,33.86326730546629
-0.003032930814148321,64.92735669930366,-55.34286434349576,-65.84705031168582,0.4158902422227761,-0.06873588912477865,0.7769302968212531,8.742152108116523,6.770477962405469,14.03185298563771,3.005011508606561,0.17170874104530215,KNEE_FLEXION,normal,21.54322957936936
7.499346292006802,8.208125700845162,0.3899650236225398,-0.26175420029995855,0.06259044500702296,0.07812684571390816,0.011813810269323748,9.158485862870634,0.6948729756183175,-1.2597372342283868,-1.0526344674379824,0.7372443180564252,REST,high_fatigue,14.532083793147823
1.7022800442240866,39.528850062682295,67.8494571744077,124.98997488017922,0.4797285571230714,1.4352780344581406,0.13970046019211382,9.360650739351922,26.5168089407386,9.008690879799557,8.045280569954492,0.17709920875027976,WALKING,normal,19.433435618699512
0.3991862709708906,3.750784243002069,-0.6294868331085757,-1.3214955722427433,0.04865386524163215,0.15178407497152072,0.027141932992870398,10.01825497836446,0.9545944945865708,0.41216188308006707,0.14812199226527167,0.7765356156493622,REST,high_fatigue,10.568550011746993
8.399749743943511,1.8761410480684177,2.7237766987978724,1.413530199388072,0.022752868134601485,0.4960356269701122,0.15780827550668275,10.060006544803946,1.933197106694286,0.8478787532485527,0.38458769795894954,0.1107400730258238,REST,low_stability,5.409696033547391
8.100225018569457,43.83920393564799,88.56452884842268,84.72641694027583,0.18314125875201598,0.220237137050029,0.5823251677491534,10.143857385400512,5.050079737708689,5.567987447392788,1.3564864543920592,0.6804851501346426,KNEE_EXTENSION,high_fatigue,29.29329886489985
5.201359472051524,47.495776838546526,-20.88903924060161,-66.64485397371799,0.18845659464782205,0.04262796241991547,0.6810524269381268,9.739669782281302,7.2114731595233525,14.106037928198681,2.1004950822238238,0.13149083929874128,KNEE_FLEXION,slow,19.066070929938572
3.300891463768726,39.26038561145845,46.64829017511382,76.1524768851685,0.2831355743351626,0.27344493391909597,1.1667569663175568,8.598420699243126,5.445970462159123,27.63907159615396,0.8027027809097613,0.15056148369081085,STAND_TO_SIT,slow,25.002715787718316
5.898059351947977,64.26971953255091,45.86420021742663,113.40549980779109,0.41968788972248094,0.5655813031462357,0.8611616128986799,7.086192684316256,16.205973817315655,31.55460100378076,5.755398025391604,0.21845354565245634,KNEE_EXTENSION,low_stability,27.988672104139784
8.798471503712031,36.87915622045632,21.492549051446954,63.07728654081394,0.27862965091737796,0.4136462206708554,0.05842486268137777,9.055856520433226,17.993954533203862,8.965411107366705,4.785764579742548,0.1530545629808352,WALKING,slow,15.839373763293423
4.001179882343,99.25521574648997,-91.23016971647459,-161.20386343459674,0.850530564998408,0.38275098263451196,2.071932480399149,6.4920056125599315,3.1474830484052108,18.27792741696103,4.382411665223524,0.2052296828034308,SIT_TO_STAND,high_force,70.15164590248287
6.201591556019489,4.900916542571171,2.1280159236434915,0.22962485926313275,0.06972930268928285,0.017441883676097673,0.002879655490298668,9.478525653157224,1.3839115182086155,-0.02386291952439646,-0.5008064607806337,0.040870577115505555,REST,normal,4.23617549070191
5.199781284990465,22.384975463774094,91.70624382822429,63.68798641459507,0.5000066961544791,1.5989986197808892,0.5707936400580471,10.10866102576523,10.006495309405736,17.51852628271595,13.877047540662339,0.24522333237952004,WALKING,low_stability,31.35068385513101
5.099747504278228,2.778209710472488,52.88667363607777,98.86329963865369,0.4599867432812537,0.31681839958922603,0.8601716570455284,9.786099671947913,13.39673683163539,38.99841463730065,2.6861737699035517,0.13777488501209173,KNEE_EXTENSION,high_force,57.11348545576158
7.59744187111285,91.94361325090298,-39.40735510815944,-65.6346807890864,0.32567154373913154,0.42223546043684557,0.8428611645544084,8.56069510661061,12.854727636970978,17.447069289813125,3.3462495561416143,0.6833944998227784,KNEE_FLEXION,high_fatigue,41.3396603816621
6.198838662963011,87.75462841292446,-55.30900300979021,-111.23890225233237,1.0,0.6213970844010537,1.966486916948694,9.518066040373913,40.24186664911842,13.718776853275726,9.95375640503482,0.18400814262739995,SIT_TO_STAND,high_force,72.95375424802428
2.2995914610243857,7.255980734249644,-0.35488261973641394,-0.5883953143032917,0.1162268133665663,0.04546970101228893,0.09689747100889873,10.034448662450227,0.6011522295093594,-0.020457828130009594,0.4254982649812713,0.016270465876197147,REST,high_force,17.539593466470542
9.302897851177882,95.44067423671575,-38.910851553563354,-78.75332710728226,0.2885181788007911,0.021444642863013834,0.5032037908132566,9.625699187279212,7.356258529700706,14.898120777694333,3.1534098894168463,0.17582219297063026,KNEE_FLEXION,slow,25.63885122993551
7.299795505814229,5.038433212901925,1.1779379796244405,0.11334195510048385,0.0802477154192656,0.18461882625079598,0.12320578077728007,9.95440361366729,1.9245620221861954,3.1561077182063704,0.6934165311217432,0.11976160861051273,REST,low_stability,6.591990392838064
2.3991633481046053,12.662351808371142,77.5696218736863,99.83280353983457,0.3828758622257644,0.04057728623963591,2.5930512833625583,10.891808007974191,28.01386441303033,24.984509135672155,7.071057347789361,0.2837226629797025,STAND_TO_SIT,low_stability,55.94291636787338
3.5991405867964152,24.719497715115082,52.444416246825604,113.50027406598691,0.2672690019184251,0.15001484267450904,0.594417581204723,8.720005659603592,15.693094653518887,16.12028213691464,2.9341267057101166,0.10143230398598027,KNEE_EXTENSION,normal,29.091102624881252
6.899882968377203,50.08711444763885,60.16922758041128,76.72954317938637,0.348676131584624,0.3912285631154734,1.3332326975424265,9.038346684849508,14.6650651119676,12.106786164388406,5.706438198108697,0.25116023994432507,KNEE_EXTENSION,low_stability,26.312604382799726
9.699938730678873,2.938350004948692,78.12562209085947,121.13294512448718,0.21824290258203288,0.08677710409843352,0.6453132557236904,10.83601828937278,14.904946901645825,26.723980118159652,1.5087118880353887,0.19130829569266786,KNEE_EXTENSION,normal,19.22680499852002
8.396638782884917,31.812367939963785,26.332876258111312,47.851868430552884,0.18891952588744154,0.03438528030303452,0.2885091370459515,9.251416914718098,6.158836368635158,8.74116328321313,3.597796882310742,0.21990357421763726,KNEE_EXTENSION,slow,20.088041672970334
0.9005950221423711,3.2087782611195403,-1.7270476359942837,-0.3337109546059351,0.0836473746581908,0.034375005338869,0.02347339769313706,9.964757408589627,1.3556252273128881,0.10948357402761824,-0.5392709880385707,0.05757685206916789,REST,normal,7.5206604880825925
4.399315808645231,72.77009067035881,79.5194615511069,90.74447009445781,0.7298681672938648,0.2919960653377654,1.4599690311891378,9.552990345422511,20.425952385219055,17.312903579920526,2.1614212736228433,0.8242556956823652,STAND_TO_SIT,high_fatigue,65.82109502245686
3.7981751087756184,76.51102659645161,76.44081823628294,186.99462280287457,0.7489521533991386,1.2851162549349762,2.03596277057472,6.346883320878425,22.50170253279938,35.6199434920839,9.355666620253059,0.2510276018772807,STAND_TO_SIT,low_stability,50.271645426666936
0.7997745607915508,61.37101919841254,74.2567566991144,105.37405948062164,0.5330107332956909,2.2333136107743297,0.8810774306091461,8.993002084562585,31.732532579424138,10.527899547023337,10.672532156292068,0.29245038129222906,WALKING,high_force,55.14028847600709
5.4994502917919394,4.778963260124593,-0.607034906055035,1.2321960553205327,0.21888526342660955,0.09822038088316311,0.05283973685606315,9.605719454213443,1.508978395533612,0.2851556290451528,0.08208517127005066,0.04654956028032032,REST,high_force,8.715728330151414
1.702385606159601,54.46179971016211,58.57576257451188,59.53840815185211,0.2952587549701147,0.3355125538027522,1.0178993617723884,10.239817085678657,10.086531443728896,18.19812293230953,2.760417814566445,0.2616627578577667,STAND_TO_SIT,slow,34.09935903702789
8.900400101058128,1.2951475392538587,0.9928073271850643,-0.25418747896592425,0.09364275657859986,0.29482705208597193,0.1802288218153267,9.71792149883291,1.662132689450276,1.5009801542597638,1.354271103974484,0.08896901136261018,REST,low_stability,4.792707366295
8.100028547830195,55.33023064192504,36.41102685126644,191.1484628609963,0.6409621724730994,0.09833456384678399,0.9912125024926176,9.019472645322246,21.499211103654904,8.554932361849776,7.833460563569449,0.15440900224130422,STAND_TO_SIT,normal,42.2217717260692
2.399942817104202,21.471510699312727,52.499618709057344,46.00101781633738,0.38339816413731453,1.4376911623108426,0.3536141361470224,10.311833285121658,32.53254545639717,6.5757131638148305,6.976301496315764,0.6469065466053081,WALKING,high_fatigue,45.25116754910907
3.5976880111397795,63.95356120166668,-53.73664973051993,-64.52444699531895,0.26984045512020116,0.24864098897172732,0.5744646998195662,9.021520434684197,8.49808529432766,15.559485947019809,3.4019982823161605,0.19731009797548058,KNEE_FLEXION,normal,33.83064124190917
0.2998871532001629,52.93773890642079,-46.06739994939087,-61.370113052847316,0.36483445574097717,0.01671064086913692,0.9033147992748165,10.122510401961627,11.85171045236341,13.465169756650878,2.171687182989447,0.6054519456514953,KNEE_FLEXION,high_fatigue,49.46871529095586
2.400939409419611,64.74863340391845,-72.81427080536805,-141.05395286438622,0.7272645624035722,0.47185714483015734,1.9068245722716068,8.90345377442215,25.615999717322687,51.58753877922784,11.956222412872785,0.1674985936000143,SIT_TO_STAND,high_force,61.17683115939275
4.604683365135755,59.07930713340347,100.96355034029646,76.21816565992722,0.5561102396418665,0.5289058376295129,0.9072592382065136,8.528420132923763,5.875205994895499,25.25902751961886,2.67718935858212,0.7409398008805598,STAND_TO_SIT,high_fatigue,63.12635740714751
3.9012066931687563,44.687143827163744,79.87942148703141,73.36665222843004,0.6728701782711995,1.2917740944606024,0.6343225474185623,10.126046002308001,19.395900501511093,25.522782445227026,0.3316574588830941,0.21022101559548287,WALKING,high_force,55.74961183891965
4.002553961664396,6.2910485372617995,0.4140561567150837,-0.8776739280728549,0.00034557286220468584,0.08863820666260269,-0.08445752442135021,8.933081752898028,1.5478881405450176,0.952140168794652,0.10905636055776667,0.030904163657383573,REST,normal,10.156385009149577
6.802145647374661,10.856165856689504,68.05416389567307,93.07008600861575,0.40648380392181926,1.8934032327970942,0.9742344475931791,8.304980154889003,54.342158245646885,28.46885163696769,2.8378661733951627,0.20935117308113563,WALKING,low_stability,40.958774356488824
3.8992698913142694,49.45713408228626,57.64696525632849,94.97001724430113,0.38721490316399154,2.0203337043455822,0.5343825688135571,8.767347199921042,35.78234161673147,14.843263311747515,8.461911443907612,0.14839009342986964,WALKING,normal,21.6780442475297
0.9977236307240087,26.628631288081806,62.766834655124164,96.56451292823482,0.4024855166444404,0.419113753740164,0.7208670469166215,9.023990577591336,5.812582716528519,9.19006880347059,2.757604200540513,0.14107598931494839,KNEE_EXTENSION,normal,22.34248859637421
7.100363475318576,80.63787795118355,-66.94350383226167,-180.9977469839624,0.6790410403577765,0.6583293505116571,2.3865201536603586,5.201747651907414,30.339869566605078,44.50875706016064,5.850621875557005,0.18069288079202156,SIT_TO_STAND,low_stability,61.7161776181869
4.502255058685743,91.43461080668234,-89.54120416690262,-95.93440850934813,0.6391967704962686,0.41468281432432413,0.7486691766191196,7.753975443643361,8.067114467213448,10.245951326426196,7.300299788186602,0.21163965682858343,SIT_TO_STAND,slow,58.90626627600825
3.0976054377172786,87.08878404955193,-71.77220742139555,-127.78972216143933,0.6983622494561272,0.34250515176072477,2.1428106455813234,8.234051331968898,11.912731863349054,29.083286168117482,-0.5942000890121977,0.26967747447320184,SIT_TO_STAND,normal,57.06016434175073
7.199347373089058,2.190326597108784,0.2755874588423795,0.3328325147689259,0.019247971167748196,0.11442081062534451,0.1348995937118542,8.587815014915785,4.544038221074495,1.8035300374256342,0.9980033416907117,0.09197178975942623,REST,low_stability,1.8539353511366352
6.699458800576853,12.475556757652718,30.05404287313113,40.7280649288451,0.2772675812879444,0.32162286949363794,0.4106919882421158,9.99495993164082,22.669004040759155,7.542199882802894,2.4285653765712967,0.28919284189503736,WALKING,slow,15.276486023942594
5.6965134006445854,8.252340386357657,-0.04427099933311565,1.4689775229113293,0.0516373994968065,0.2236161598919372,0.15363187401751244,10.358320988378237,2.5286897462736047,2.1562078704159804,1.090041587543834,0.11004234720678378,REST,low_stability,9.79045003254694
6.6968416381693645,42.22295564384077,54.94615094178607,78.8186347337614,0.3193115746623034,1.9267773704664903,0.6070724392762837,8.368667847842149,30.459680596146605,13.17565556892764,4.34154623815656,0.7273434370663788,WALKING,high_fatigue,43.41446972318725
5.304502150286168,95.08239338659922,-107.03736881046089,-93.11354000419674,0.6161189640527853,0.7404355765045009,1.4015658985802342,10.706657059824188,37.61695164195435,62.34398481271101,11.033465883701323,0.37156891979437134,SIT_TO_STAND,low_stability,47.081878700052485
3.504543954970314,58.85100416440885,-118.29650906172083,-115.3397890641994,0.8243143866611126,0.8546248188205879,1.4978690430560584,8.554581860191583,25.71531845344399,20.658123117108715,7.7020347326437415,0.15370089871208253,SIT_TO_STAND,normal,40.01314324551957
7.000588487689317,5.017722141555564,0.7390337382195954,0.6580310982667054,0.06718723613939048,0.039654536439439954,0.05655545637560645,10.149786464782924,1.6643552808073048,0.37323663610568514,-0.034527013633262736,0.55020949173651,REST,high_fatigue,13.601213625994754
9.600059794011184,84.65562977184362,-105.65815486188893,-219.0236288848906,0.7290538515849081,0.706261936514461,2.161126541400133,8.439356040199398,33.41461953979167,29.008909791194434,21.62526060573251,0.33418561381279854,SIT_TO_STAND,low_stability,71.98441084995484
2.0017735921729893,33.29699147051486,39.301251679417945,74.54881299542596,0.16811927331801596,0.010835742025752196,0.3893606595435928,9.845866480466295,9.385345320503717,12.343441778641504,1.5842984803376874,0.2122797530888726,KNEE_EXTENSION,slow,18.256944765112
4.8948275937822885,69.90235659868468,64.04460916801487,130.7697115213774,0.6389290046234558,0.510334490729339,1.5462436824960706,8.033561902996476,26.957743743898533,49.82600756785076,4.737129400639568,0.15722408875275667,STAND_TO_SIT,normal,49.16515694570569
5.599312815213251,93.15001940664705,-86.63249414065224,-98.4650753154176,0.7690852448532509,1.354281436018533,1.7709767773167182,7.933860709000768,30.287387779810068,36.12201055969999,10.821337594060052,0.21726833742595758,SIT_TO_STAND,high_force,61.61740281524737
9.400712759854196,46.82151068919743,-68.55812976290632,-67.92161992186129,0.2692356867888,0.007965121820078684,0.5333363149766428,9.3655428595744,6.763375027723794,28.150861784974925,2.0431991674453402,0.12192413196951417,KNEE_FLEXION,normal,41.367973137036635
5.501317234338203,60.62473816337973,101.53952646447947,62.322320247430476,0.716904379862902,0.7977743398012558,1.2271882815159025,9.30464431595059,15.907170400217844,35.37923618803141,6.458674184446979,0.1633396253642746,STAND_TO_SIT,normal,35.35905551969856
8.897126785136042,52.38500712786411,90.90448573174586,35.68313741281102,0.28197296731595073,0.22168495719106418,1.0549180713593345,9.90650713024465,9.238956265547952,16.798621722648335,2.950595609528462,0.10746856673006867,KNEE_EXTENSION,normal,12.728977358581238
5.002271127187127,88.88707187726146,-30.36640891267742,-160.82378407383933,0.6254525015888203,0.6704365973690691,2.0477812156149118,7.522543488924541,18.20225611070346,32.380181192028985,3.6800440745083787,0.3016116288105414,SIT_TO_STAND,high_force,67.83638865523976
9.899944010675434,72.70742120201099,49.094840773165025,92.06414097784517,0.3620064118447866,0.41109931961385854,0.5372980543974284,9.345216248963304,16.181345206979593,23.808448783897877,0.882111066586281,0.14592157831516658,STAND_TO_SIT,slow,28.991166185148547
5.201080178064658,44.125610033235205,-134.86249877886664,-281.63866799464085,0.7425537181138935,0.7989106883001209,1.50992541117548,7.461786724188038,29.682523537974166,39.89972240930363,13.137279607752653,0.2866449316381567,SIT_TO_STAND,high_force,77.85163040835907
7.999636996568852,48.139522363549396,67.24497055971744,154.30267607038726,0.47590695583841397,0.3042041128124357,1.3845798811223597,9.332650168729797,18.397159771286052,26.183730398104945,5.589125858436966,0.25366997858952356,KNEE_EXTENSION,high_force,37.43441751343386
7.899563941743792,4.742302055086692,0.2867328717622074,0.26382675571952574,0.040115737355903944,0.2370314429347968,0.01780139450909432,9.920038379865641,0.302041448930473,-0.015524487323749784,0.21665862610015113,0.0787060031329088,REST,normal,6.252415876226044
7.2014676268221445,91.57323433371381,-60.4113987517907,-57.42574329903661,0.6000563261213344,0.435708796324707,0.7481961111689147,8.27605807260096,13.123449522948302,21.225787144814017,4.740753789904346,0.2501750212180139,SIT_TO_STAND,slow,47.32160243186949
1.3990383335402794,34.042434368854934,21.99460812387747,110.87315569452613,0.43673666200722056,2.0317217419090112,0.988793759057746,8.343909079010567,31.65768334475209,23.034666074862933,11.903651500581496,0.29006010285549294,WALKING,low_stability,40.51065351196299
5.201850650967168,81.72334980234355,75.84801630978275,130.46129400663293,0.8252862199793579,0.8364884258793455,2.0887000179112816,7.441404625005018,29.23122864790961,12.95895404962634,2.369224957505526,0.2720288807962519,STAND_TO_SIT,low_stability,59.60331719345994
1.997802155733746,55.995796096736356,-50.265431688322344,-147.35406838964016,0.6108323629860939,0.3434348352562563,0.990362339929835,9.313373626488419,18.509556898634816,34.68281897796314,2.387105991109858,0.2858288187065521,KNEE_FLEXION,high_force,25.935697571884422
2.796236799113948,49.105170751197015,51.66551712026139,31.63984752821766,0.25357223762153513,0.17039208206311904,0.426333594243688,9.514551909069159,3.845925854713295,8.731237682887,3.510717489566495,0.1500552501605151,KNEE_EXTENSION,slow,16.193508043749784
0.4999351653019783,64.12938833877605,-51.23107464613812,-45.189179135267345,0.1163243178592808,0.08093337771873677,0.34967778037486363,8.714345035932073,6.291449038654476,14.355770680691613,1.724882556973486,0.18827258222092802,KNEE_FLEXION,slow,16.653591237243283
3.3007038615416375,4.9002289115888,0.05042118178510708,0.06792503834549576,0.05277250533194302,-0.023039135785970447,-0.04978608514662331,10.542979622480013,0.18009330672062232,-0.31161767774672194,0.4348411461202715,0.07205033330141138,REST,slow,5.214310145678647
3.9990380260331975,67.58108074811311,-41.75946691607562,-59.919432462578854,0.6373632759769359,0.40908096629985347,0.9408365938002015,8.688445794772623,5.070330198516018,19.407873036457982,2.0383468004437573,0.21745416936302153,SIT_TO_STAND,slow,34.12122945788958
3.3049317175143083,18.0935098984614,56.039651539075656,105.50119787105832,0.49435292059228025,0.5882363824195728,0.21492508837145943,9.149237343021962,36.694815819896775,6.8979530713590735,2.445426405769217,0.71810435510235,WALKING,high_fatigue,49.24769487024681
2.7997387094770745,36.628546940443606,35.87383996623246,25.902700515290206,0.40136047447775375,0.9974018265194379,0.4318718509543892,9.64994150448424,15.235085311120168,12.253526809380132,4.241344098480709,0.5615737269533432,WALKING,high_fatigue,53.71787305588083
2.30167880079196,33.26762755519479,57.0579738818811,108.9157425796062,0.35573782427372475,2.2805846642775416,1.1219224573246693,8.989839240816336,33.84036663410781,16.808274243410555,10.667368683393168,0.20041407538462164,WALKING,low_stability,37.214809143448015
3.1020010082479943,31.146648844814802,47.562725584124884,223.121980863527,0.6551729166226469,0.49638868466083363,1.3270082105891048,7.870843695862787,35.01594406995082,24.672685279161332,3.5844417277845073,0.2528531756804691,STAND_TO_SIT,normal,47.26857815641032
1.4003616654100755,44.536979253643494,-71.95870283092157,-208.15930011481225,0.9669783330336119,0.8874405345822391,1.5304349278014187,9.306341096202647,36.2110541104874,40.67704875153167,7.166548446330028,0.14070925985116867,SIT_TO_STAND,high_force,70.05549374710372
0.3983434792088117,37.245132333694805,55.303201305953785,96.53113889949334,0.43096373452439296,1.4516846999891837,0.5113403273057165,9.393858148643275,27.550501659248997,10.488582867247297,5.1041636242590975,0.147022934683489,WALKING,normal,22.296823306363283
6.398230256382973,24.943926016635285,75.5124229690064,67.31105797854079,0.22312895042323735,0.08910947191246132,0.7907995660606758,8.83360761730318,7.891097364754998,14.626176698230024,0.18306070534453173,0.6529326461151419,KNEE_EXTENSION,high_fatigue,24.785603983100778
9.503748757757645,72.52049483133769,-70.96708516924706,-105.79384734462454,0.33102798308215386,0.04231037313369928,0.5522487582726717,9.38057550652993,5.020146246511469,18.121735183175037,3.3324227245109714,0.19204198072830111,KNEE_FLEXION,low_stability,35.302293660996796
9.598472169847257,41.76026718570979,75.20170148880209,78.62057661214163,0.48089373404509905,0.14790743161690315,1.3341016633349199,8.689143982993077,9.904709400587196,19.16358725710023,3.215677365146396,0.7139355806308717,STAND_TO_SIT,high_fatigue,59.75386679004327
5.7992949925624755,41.31833426327543,68.20425305886495,82.49893033210499,0.49689914401012486,0.363248790360999,0.9255178592090684,9.3921808572072,13.023414326961683,19.583412604120777,7.033450156282455,0.7026412287122706,STAND_TO_SIT,high_fatigue,49.637530003363224
8.397318428665047,76.21632948733463,-103.33772196058908,-204.8262695712036,0.8593673591611835,1.1781007815816804,1.7645300337731697,8.576893847035116,31.341387502256612,30.160326288961787,16.455943467098216,0.3312395011995384,SIT_TO_STAND,low_stability,42.99023011498872
9.400860110281346,27.176700951809543,88.75514027698696,106.99461674620379,0.5554691219682948,2.6125821291314817,0.10102741107248481,9.656922460706548,49.32296900268057,19.1989341646348,7.510365213642515,0.19614326646754782,WALKING,low_stability,38.62764826039906
2.7995996131129606,41.666692598109194,56.25280417294441,137.67282327574844,0.42471351358298176,2.468711415729186,1.0908347907136062,10.40597667519087,54.20093959328994,6.38968776787767,11.815946182487492,0.2587293548186312,WALKING,low_stability,37.12491216933984
1.9979585734342067,40.816898602744956,100.91781406210637,31.22501027718412,0.20358497240112616,0.13549133110242612,0.8154757518869895,10.161381945758029,7.070552514975998,4.65145982503106,2.9926023813759026,0.899256228534416,KNEE_EXTENSION,high_fatigue,43.69975468649785
8.298602545110054,64.41709916362157,69.11128331381992,54.95495537140636,0.5054103524506274,0.05295152805364305,0.84238083769211,8.191407182670762,14.006897256015774,7.9875763033587415,2.7759773646144654,0.26098806042098577,STAND_TO_SIT,slow,39.174876831186566
7.396960764020276,18.01936670411058,57.085781257736166,86.49905027569287,0.3596357387925759,0.2593283558190206,0.9645747716591412,9.253144081720169,3.5549217938476056,22.854287980257244,3.623503018222007,0.17776056007751945,KNEE_EXTENSION,normal,31.28963723377764
6.901269206510263,43.51086493258511,44.09402994247856,82.33376154129701,0.28195908288795335,0.07285314664752107,0.9404333820020252,9.112966115690645,6.2376029141059846,8.84400998219423,2.3239003955858646,0.7355774367960948,KNEE_EXTENSION,high_fatigue,49.334196643934426
1.1979049678479798,13.841585160003419,62.378248460608006,67.57160780249339,0.203080840813669,0.15913510674625547,0.649163393800212,9.069229993563493,17.097518689435347,21.30490066655242,3.7580020684099114,0.13287052977347794,KNEE_EXTENSION,normal,37.48133537479417
5.20055941481677,31.8467223484563,39.71814932846896,28.79606646395787,0.2476670665044985,0.5409096542833168,0.43567895559614983,8.932542547165424,18.517986529547848,5.356112269637631,2.79666872436059,0.2113609968549388,WALKING,slow,17.854420230021372
7.200726526158495,4.915583472478082,0.16478732349571115,0.7336494773776737,0.0459365632477708,-0.01223741708002164,-0.05367916100152511,9.99191702160494,-0.7872496023436815,0.4891999639180854,-0.08873054892512117,0.05045584073077937,REST,slow,7.1910448229916195
3.801236381429331,4.015097273510892,1.9960678902052091,-1.065313780029407,0.07312779472815024,0.06327901121329593,-0.11937544480463122,9.429856586834324,0.1394276130262184,0.9200035769924337,0.4677577529422404,0.06611357278485003,REST,normal,4.733610656862497
6.000617301421852,36.1926162561401,37.82866935204001,97.53675367386909,0.14627816788856943,0.43313375022038486,0.8755567637144281,10.09617166328675,15.563751171309493,26.38336741313908,3.7823986421800817,0.36576327383056445,KNEE_EXTENSION,low_stability,35.172825624815246
1.3027857202664224,42.65296610129813,53.71302237586407,90.56972836029229,0.6069173041758411,2.2465481264164633,0.12209787197253898,8.877117989999784,40.56772787329562,12.710551578044424,7.976632748187883,0.1808643859202279,WALKING,high_force,51.5106612273727
9.000339413090286,6.166169854068222,1.72333813518976,-0.25629852098857564,0.0024060631040713136,0.1461586735182287,-0.06088476438364349,9.920691028077794,0.6368928883157099,-0.41353691992630126,0.43645915007701436,0.03807822200687667,REST,normal,9.595336671803159
5.403715233851851,23.8095915999883,41.245594450177286,37.55475330274729,0.133987754527026,0.2535504652827122,0.6396368456175692,9.4685550708732,10.396085575655666,11.749068226734966,1.6619946498152263,0.7285921837183036,KNEE_EXTENSION,high_fatigue,37.204529097222775
0.5007509804569658,66.64573937225632,-115.2806333298855,-219.39809572061446,0.9045879266677919,0.43443561062483915,2.6027386660082015,9.830081845735435,32.38688613353609,40.45940312732023,7.905978920676466,0.12712642296954876,SIT_TO_STAND,high_force,68.17096075460853
8.500659084350747,12.412755003991473,33.831309349875596,78.57871696774077,0.37485056358359836,0.21376445935790753,0.5078077822075531,8.894914860139133,10.561655134397894,21.24300357318218,4.523591505273405,0.18759336227614726,KNEE_EXTENSION,normal,22.640736677427782
2.6989174975831745,74.47738398029364,106.10798047238278,121.6175915645991,0.7279193279592362,0.9639676434189577,1.0309690231087998,9.624427112313802,24.27240365336494,13.699706025044897,9.664284562016674,0.2440275124456427,STAND_TO_SIT,low_stability,49.83842179581389
5.501857758567681,93.5111696715645,-36.94898690906683,-91.28331125715405,0.5142685106205711,0.4192313694477007,0.5432355634653653,9.541119240875384,10.695280269676159,13.473679751506031,5.8140850159343875,0.25992683150563417,SIT_TO_STAND,slow,33.356936900714146
2.4009328019712424,102.04840597975716,-93.99518227298944,-218.3857971452577,0.7989563929798962,0.9854286226069853,1.249010934333283,9.039683731179725,37.71314952887792,35.142858292767414,7.162487414741715,0.3504711246186411,SIT_TO_STAND,low_stability,55.607373842734376
1.600545105245943,-3.423379386881735,0.8714726346607841,1.868047851646101,0.0980652408257055,0.05301189433009899,0.14708440429054187,9.064981225806077,1.383962724371416,0.30604847512826516,0.03694730107140297,0.04785577662095527,REST,high_force,7.976267029625821
0.9974978415198621,37.486170430328094,37.57286117488701,78.62769737644855,0.586584097004821,0.9148140081710734,0.5202619711932988,10.595398241992752,14.53990634297621,14.836640746254252,7.049763688413311,0.23577105488996167,WALKING,normal,25.795220223854137
8.002699201445534,68.92130679241063,39.67987041852581,50.93680397689981,0.5424246907576922,0.08644491077149004,0.6652564462449184,9.794271890682904,13.497343996745354,15.147474395234305,0.3939607759441004,0.19086448230700423,STAND_TO_SIT,slow,29.7209057447131
9.896331902125791,6.860013158300694,-0.010655800005471647,-1.0530123320811466,0.013988762208921974,0.18973432645998595,-0.062141600454674685,9.692085490281109,0.9665228742770076,-0.2818898271235668,-0.44767702654657415,0.5758964557452014,REST,high_fatigue,15.178158872637418
4.798316356908798,41.72461197330842,58.86885866239881,43.326712052922424,0.25342838206861273,0.22386395118987612,0.6521808384798236,8.383728750135997,12.875993939353455,3.564809505273815,4.488127828786662,0.1576442680929946,KNEE_EXTENSION,normal,24.888735569596694
5.596588306202068,62.203161142890295,55.178385149774584,103.09757103269841,0.7010269624101605,0.7239163007809901,1.0890122035908,7.814091691302345,13.26095192814781,15.245046880912291,14.155409449972673,0.4291392534760018,STAND_TO_SIT,low_stability,45.38132249262512
8.800204786358071,111.052865967135,-124.76697933908078,-48.907142813345885,0.6154761934800347,0.8925018383074168,1.9055892956935103,6.3917624425709425,23.241729187543744,8.23652809921045,8.971602540090247,0.3416454232876585,SIT_TO_STAND,low_stability,44.168563862285545
1.8992206937181957,82.85999919493354,83.00785637244286,154.9340108782101,0.6382522186650051,0.36522232218277306,1.8605378790910652,8.224372465011376,21.29598583692286,21.783785667017646,-1.8858148295866501,0.13122395624970856,STAND_TO_SIT,normal,47.62536565176086
8.597846375781128,93.13062824363061,-63.466807758976785,-50.94114001733261,0.3043803746597758,0.48861588288071356,0.7714963692995721,9.243257844547328,25.05078783972567,24.250692301689483,1.1247051203799026,0.32773311153340323,KNEE_FLEXION,low_stability,33.016749816506085
2.098955507444525,-8.594846043937794,58.04863351125017,106.658156377764,0.4716355669955364,0.1903874547850229,1.3153000240658879,8.978602188848589,16.761930746320857,17.554100440678333,1.2924110988879325,0.1499937889753665,KNEE_EXTENSION,high_force,37.44570684102045
7.600637498851827,48.28585071705777,-102.86928722525258,-73.37628611288841,0.2663518963667605,0.1040377424705846,0.7941337066701645,9.02593598170322,11.178880661483959,13.748090569602818,4.470509721900506,0.13045996233130008,KNEE_FLEXION,normal,27.861229955400205
3.9981540233012436,57.17341146538598,85.79590784088548,65.01025217945167,0.5379372838267267,0.8109911938530758,1.0647515369401253,8.832508089633041,8.412745488738043,21.173634824054187,5.1516301776216205,0.17916227996501327,STAND_TO_SIT,normal,57.33100873467951
1.6977826661391302,73.61520069597219,-123.16425590916381,-22.312654849691725,0.7853830150688842,0.8397481965665138,1.9406772468365086,7.567958914381254,18.756013820937213,37.199012523102645,8.357518168446823,0.23079203856128214,SIT_TO_STAND,high_force,63.28405861904144
1.5990711488089537,69.91509224089317,-87.5925196952077,-119.335982067531,0.6374611866512877,0.5460938872728106,1.9921440294449297,7.686582968626625,29.285245804682262,16.168366940387028,9.360642550576127,0.7200806662645645,SIT_TO_STAND,high_fatigue,81.0208126634532
1.7011248671658656,34.635719171366674,-90.84561186552057,-183.58461871351062,0.5279087239199816,0.21773963872947977,1.4878757415936792,9.507553497054259,14.903203339522715,19.22968561265553,3.7410647926238187,0.18975559469879474,KNEE_FLEXION,high_force,47.918072751095856
2.1029084106156612,28.45434845555101,32.98214515790651,61.24706114401075,0.1267995157672649,0.14105632193216175,0.5352693720018808,9.63080235278041,4.482018553363559,11.477909737643163,0.5160632377751992,0.15381840560618523,KNEE_EXTENSION,slow,9.001140274837983
7.602279326185205,63.723595402171995,56.113003934831966,65.81535530207118,0.4103563739643394,0.1747137598205227,0.49755054069717963,8.390929512060897,14.449009140698532,13.937702634094014,2.378468476211774,0.1996848797107853,STAND_TO_SIT,slow,26.696023825048204
9.699331748617734,80.86989049138525,-73.29810595042245,-52.79568428209428,0.5146315155208365,0.4672085674037434,1.6166368670316509,9.285317151383165,17.824388031504,12.360378834616634,1.5462908014163308,0.35790992279877065,SIT_TO_STAND,slow,40.542335853592576
4.202069226043455,49.95282392103898,75.04568032047717,113.46818680128506,0.6171710023140795,0.4935637308557796,0.9589834606185584,8.309386989581977,33.629525475004066,19.47331318340693,4.070170485666666,0.23490307378729675,STAND_TO_SIT,normal,43.72766775677263
5.2960388878577875,49.133952474567046,46.5613764908195,124.97212940943729,0.36937159542431336,1.1206208529037067,0.2718599958142943,9.272392793654753,27.964439692904485,16.521090786398887,4.79459681997776,0.6644883167755123,WALKING,high_fatigue,49.09101002677392
4.9991409240362055,26.782491042525063,101.85962827418048,53.95500645923842,0.6632580822948432,2.1644116621360134,0.8323765218603985,7.941023642552586,20.1239925398456,10.27247644410386,4.650304556296323,0.1692589869776657,WALKING,high_force,41.33051902203158
3.399650140235993,5.5682490575282095,-0.38918392787172357,-1.6072931746098411,0.13725327499143766,0.14308634566871342,0.07475603144957282,8.933649035197107,1.5554653844047914,-0.469103470494216,0.1789729266496114,0.0498270274797552,REST,high_force,6.991626192120969
3.201382337070516,22.898030406046168,65.11526218560411,103.3796456522052,0.615870440313051,1.7970792430402776,0.3484384000416039,6.9111564726034835,44.0645636585875,11.152506756458902,4.584033396031525,0.2121535037426887,WALKING,high_force,24.73768176015262
9.200653676319552,18.31848630636862,106.0041197889463,58.71763552862245,0.2670296434577554,0.1782363812540642,0.6018514739932048,9.379679878563339,6.052846718553612,15.677930728260455,2.4266585900617845,0.8142169727256814,KNEE_EXTENSION,high_fatigue,31.535740983702908
5.60437109993894,106.03175503065258,-47.875306353800866,-108.45740982588772,0.5296461291842309,0.22723420638045497,0.17583341924884852,9.564739974549912,11.968941222760598,25.053481040007366,2.394682194507127,0.24296320484639014,SIT_TO_STAND,slow,42.1445266972522
7.301926960318231,25.424351436503212,54.93422404747748,79.34986522761544,0.3018784742125769,0.2583958019517131,0.26890334989580594,8.604564912579505,7.175366769627123,17.003338673394605,2.9692877740075243,0.08532355734160235,KNEE_EXTENSION,normal,19.468751098179823
4.498445251897957,40.642087266944415,-70.70191208501228,-95.0766595677663,0.26167583103305353,0.13233302832389626,0.46659112361505223,9.256834862666889,1.386497129772125,12.577296793750412,2.0571685147904533,0.6284326272957766,KNEE_FLEXION,high_fatigue,31.55139439878027
0.8968109054477511,93.54786048582359,-119.51809728590113,-226.6432459374484,0.9798676601860635,0.7201775255488837,1.700897152862572,7.756631428762372,26.240390899559788,57.25764942203321,7.1792471507087,0.18589675836799888,SIT_TO_STAND,high_force,85.67224235257805
6.498279837661152,98.61447624306962,-81.79207930488668,-196.6312377762237,0.4501424175082782,0.7117571461076578,1.764680566960442,7.16350552513043,30.032562115405668,37.491375295961376,8.065471059797419,0.17918316552706864,SIT_TO_STAND,normal,42.27448357873912
5.5982193527897754,55.14634600574827,-64.68614276404367,-54.65716801399989,0.1918377441564887,0.11946656011398453,0.4775904543019958,10.44772314977445,7.222229437563351,19.00181339801082,1.4320539068893183,0.1995216339952243,KNEE_FLEXION,slow,25.596106445731365
6.198483779202773,42.36217023513582,-69.6072440059807,-104.88289443993251,0.5082496351489696,0.263952557841137,1.6085745892132126,8.254419520911549,17.01577890906882,19.964517928124952,5.4475955568584125,0.18583132290521587,SIT_TO_STAND,normal,54.81584868460379
6.697408048179267,82.85733674046475,-69.24754692922191,-89.15973304199234,0.6715686458970518,0.46851849697038417,1.2095575194588508,8.492369820698777,8.486849675186345,7.667404347443528,1.670850020367057,0.2969257823537611,SIT_TO_STAND,slow,35.38909729910704
9.204255251933203,86.07487346295534,-69.20762697983909,-89.68531220489008,0.3967816660659602,0.3456157124439413,1.7556091319850198,9.358291932091163,22.462685505662716,37.136882356631084,0.8249575504213568,0.8594635057270605,SIT_TO_STAND,high_fatigue,100.0
7.398747771266643,75.51629488614536,-77.12822825323661,-73.45572681019095,0.4034763438969146,0.13863384036504245,0.7783191189158226,10.08227607930726,7.689853048981007,19.81301801812832,2.599246892263025,0.6087847867465723,KNEE_FLEXION,high_fatigue,37.6143046605563
8.40046333994506,23.762381950228345,43.82378041904827,118.25574747213375,0.24002415137570451,2.9164580464955394,1.017169407590414,9.684338134225932,23.022209940816282,22.54421315206947,3.601916368629932,0.19490279009837594,WALKING,low_stability,43.347696187281045
4.300809090386172,4.457155021106063,0.3712201301737777,0.4052829574159648,0.0421708510370237,-0.08900725686092818,0.036582270078573974,9.416640552248174,-0.2468491564738623,0.12710113232208203,0.12909764972585186,0.0956425647818948,REST,slow,4.25311406730097
4.2031849212363195,50.691119231574234,45.517241656303945,104.24514420347985,0.41603453329504236,0.34792658745111094,0.5280368785603756,9.16075155866402,4.161770123686937,22.287390030901324,0.3894601983925334,0.6566001115546406,KNEE_EXTENSION,high_fatigue,48.0415981422817
5.000448462882064,31.47395859706307,71.49990802208698,79.72513659222028,0.3538105940543226,2.728300738416346,0.9637333142223338,9.948720042845398,51.4073101099936,0.9256116238594357,5.636677603415041,0.15444797795270668,WALKING,low_stability,30.78894612876077
1.6985402648341417,29.459919102780002,86.27457038483328,91.9162547829573,0.6018457652899695,1.7380612455520557,0.6001726015393354,10.19797797990433,42.88288219622446,13.664688815355293,9.643805549326164,0.15425931531929296,WALKING,high_force,48.05903981281668
6.39777604266834,28.642478475055707,81.46081526164696,40.59997328143654,0.2271788801047721,0.33519695412960154,1.0084914232819855,9.005354100178979,7.485983811653246,13.718323208833997,3.912712044049729,0.1851636961144012,KNEE_EXTENSION,low_stability,31.615599263142414
6.398784941918089,13.009420704695644,1.210302083117611,-0.854609483632689,0.13089767428405963,0.08277715287901206,0.05513775912811785,10.213732372708522,1.1066662630452602,-0.48771841242428526,-0.38688841147178027,0.07004063986620496,REST,high_force,6.957706488541417
7.500046710632229,6.47027184790696,0.1725013832355888,0.3819120472472656,0.0923498266675906,0.08448835268030107,-0.07315864506737531,10.107885469566844,1.0358606280090543,-0.9790834410808245,-0.5288970041323557,0.054535720922182715,REST,normal,0.19938245286956757
9.498737801099912,10.05518563488947,3.4570066909342563,3.496151524219827,0.07749413395483477,0.31133107037414676,0.36352341398655724,9.948810382781598,4.551418827913106,0.6778151817986005,0.6174991620230341,0.08482773686269178,REST,low_stability,4.08755565204854
4.501427682826185,63.359549041927245,72.68891459565938,121.18029138035104,0.19673635666488595,0.05374645964922297,0.9164094342629876,8.735665920277617,10.587217247384327,19.67855603718694,4.585050167438899,0.07305687453679827,KNEE_EXTENSION,normal,11.82530107274441
2.399709521779164,54.79582155281309,-66.33566066011268,-111.43091492863633,0.3905816058708468,0.12779449726323602,1.145680697679495,9.279000143290299,10.747708598061546,29.402806388044212,3.9108525755845154,0.1764039990174909,KNEE_FLEXION,high_force,42.06943874348574
9.900236153596492,5.576970511053988,53.45948054765875,102.65273929088845,0.5186062772067589,0.25420051850365943,1.0069900564234338,10.233537673982775,16.13135332309141,14.96730380160209,6.252905857908649,0.21355819548415456,KNEE_EXTENSION,high_force,38.486498038305996
9.600327116022791,4.736735223456536,-1.6568583096442333,-0.08207122485265037,0.06333122660710133,0.4024622115909979,0.1840469379454342,10.024297381125805,1.8528788940748089,1.398591386025689,0.2698437100860145,0.16121480242973613,REST,low_stability,5.358869298158088
6.496870980837149,95.36773732693644,-85.87816553400093,-165.508175366484,0.775000780111175,0.6893984667104011,0.9990251167425139,9.872369119806716,25.334898057264766,29.734297484633533,0.00772980204261331,0.20974542420445175,SIT_TO_STAND,low_stability,75.27595913096911
-0.0020187722574693616,34.051499819402956,54.541314393025196,121.60497424788689,0.3594872265990034,0.23601792796293283,0.7581170948300723,9.170282618457529,2.419911483340455,25.22730221724532,1.920150410343944,0.13818637707557083,KNEE_EXTENSION,normal,23.8283413073508
0.2996894055655916,52.734957397238524,76.51164645376161,60.324886195445366,0.47240149318356794,0.557376804350851,1.5696820724597231,8.696201909993592,18.414862706038672,36.150320771416425,3.107726150046481,0.7043024225566498,STAND_TO_SIT,high_fatigue,77.13981242390066
9.500678876770635,23.805314445984397,51.21849109588888,101.50251797828643,0.3541697838593173,1.6008975848893847,0.7520731078056508,8.435399676002014,16.436099764966205,5.556633281322199,5.697989884205595,0.04293736558844061,WALKING,normal,26.039449031959997
0.8995762010438259,40.117397877061144,-43.22154158398897,-32.452198312331944,0.20763701772547735,0.08053994857320548,0.7056309070536471,9.18823963684655,1.7747870975689737,0.8875378222951411,2.1457886342596932,0.22952433331670502,KNEE_FLEXION,slow,16.951326418261466
9.602598226207276,56.1635510333932,-118.1795130362842,-207.96316097384272,0.9528888364051061,0.47224968874244866,1.5332678826365163,8.687456447226227,42.671693577681985,26.99275172682136,8.01391455116322,0.28079399326016263,SIT_TO_STAND,high_force,75.48129244521958
2.1012398739231113,73.43658273731398,115.28513212240878,176.8091684278745,0.43452593596941397,0.7365565357690026,0.9528995860011735,7.760745859703676,26.724419448880365,36.58251399386866,7.24652042651859,0.21242257199878634,STAND_TO_SIT,low_stability,47.809448473723194
7.204062125254579,51.59041934408411,41.75651592435608,137.6497415306313,0.2984185947280173,2.1044286353033117,0.6344673283383965,8.399612045847977,23.80205590776902,11.810879113238446,14.441291526186689,0.3228809228021058,WALKING,low_stability,35.2554020839024
1.0993405901732904,17.45231041061325,34.16803070738917,66.27841963095932,0.2012646709826221,0.14848035885720123,0.7073060373246611,9.17641502188696,-1.2946519721282665,22.931193579559437,3.106829795989985,0.5651970333990658,KNEE_EXTENSION,high_fatigue,36.494589275792634
2.6003378123420373,80.67001969640889,-79.9116755651615,-85.83702016104178,0.248966463861925,0.4645773065494062,0.6518152737646011,7.966724758643034,22.716517150529306,39.713065909600594,3.077507439002324,0.2969278670877258,KNEE_FLEXION,low_stability,37.77942269457236
4.798575875532571,83.42286819709778,86.41015715703686,152.75657860279563,0.7129237910965491,0.5277476027829414,0.933455384385364,8.714178650310846,16.312759409768862,31.442504572375494,0.4322284737118328,0.16470505085638207,STAND_TO_SIT,normal,43.906560484292946
3.6000531706826524,4.886887906130921,0.3132799755536921,-2.144953916800403,0.03198313710425341,0.06661679078927327,-0.026888422853897635,9.664878271890904,1.365312997567636,-0.16210885190000807,-0.5755356647319152,0.06972272633921536,REST,normal,5.185113902151104
2.6005544362454396,-3.243386430795991,86.32997680528855,32.43484403394406,0.2556330242219801,0.367175265981007,0.8125956954123936,8.313050638233829,12.60696848510091,9.32489634911214,2.0694735030198803,0.12289970486963245,KNEE_EXTENSION,normal,5.944832106779
4.299155179562376,69.29150971106522,-54.68213855517771,-65.5093199530984,0.22723644944749996,0.07413673061812828,0.6368479681915832,9.879468141258847,10.294859637087296,9.39669180800973,0.8569730455971762,0.17508567382001874,KNEE_FLEXION,slow,12.55455247652963
4.001144564921847,44.681611429474415,19.601021877247625,68.93234585599302,0.24521038080741006,0.16837987893615874,0.5399852685529672,9.728174192135608,13.203990553495899,16.638037348706966,2.6209917600881885,0.6423331221848201,KNEE_EXTENSION,high_fatigue,33.59701938396529
7.69606647187735,24.04716135459934,41.490432444768786,85.53957869474502,0.4373781925633122,0.5014065173333581,0.618994868608609,9.016643300315051,28.61674347576754,6.956479550869674,6.633429823067217,0.7351601494827494,WALKING,high_fatigue,39.60005646054974
7.1016105395198785,23.332168682880106,83.7748083831608,75.73174940735484,0.6551842469980154,0.23754134485336922,0.45286671121810307,8.182618564496059,29.790407539472763,18.521226430777894,5.910638912221158,0.12298318477224585,STAND_TO_SIT,normal,48.558186482335046
2.198579731157595,60.63576451036133,-37.41565072335648,-80.92639580506018,0.5213855751937985,0.47930810900873577,0.6916347468828078,7.429480547988156,10.29763926708395,24.579281038716477,3.314979425191328,0.29646754024384964,SIT_TO_STAND,slow,55.21795341882412
3.9034193723330755,46.419533316535116,-86.27625407267156,-109.21001067479688,0.5364857316723433,0.10007074908602519,0.9057311754477914,8.957035805259407,10.564212057417523,17.941149453395557,4.2867951587722075,0.1623903853117624,KNEE_FLEXION,high_force,46.029790974009956
9.197630358178383,49.547989092916936,80.54696347210239,178.35886659670368,0.5141575390549222,1.1073052193776254,1.4502748616799568,8.750066821139512,25.65492924149331,48.969604044093074,7.319280148615359,0.2637835359320052,STAND_TO_SIT,low_stability,58.25581627417271
7.500485939355961,22.918422088010256,17.549619709190054,41.32536803452741,0.28380322656753076,1.0295008919174125,0.6397487889805029,8.377625186796275,28.10116396265583,1.06924174984978,4.10480249291182,0.1689250482288844,WALKING,slow,17.869125830929573
2.7976139204835095,48.21840253051017,60.36108333671143,94.43068604129958,0.6636679992035013,1.1290447028844688,0.44982212131215443,10.154801433713546,16.734540365568044,11.393126524676868,9.502990643406688,0.24312497596015875,WALKING,high_force,61.52538786629054
1.2014588526678645,7.703472967865619,-1.015335319882675,-0.5794556990039673,0.08210353519874786,0.14885943476379787,-0.06183654108373442,9.126935909197186,1.2357524577609709,0.19896787231260268,-0.0761758627005378,0.5833613735403872,REST,high_fatigue,10.961947102071614
1.5980298434329396,37.907822732292495,42.03749678058832,115.7012704892634,0.4809210359506927,0.29650925423463814,1.0787577634797518,8.273089289603886,25.664828465676436,26.920312095845315,0.8602006706541672,0.1842487854933345,STAND_TO_SIT,normal,48.548078629429206
4.899038893440735,91.12442834239641,54.4811549840411,50.48981614790034,0.37562673628164234,0.2314381168828964,0.6169818545067532,8.85110561336749,13.116841893767846,9.82766741942381,0.7556611828282787,0.22919867753176223,STAND_TO_SIT,slow,28.468228920482932
2.501228791245012,47.040701285535015,105.7234683383911,99.06437448542377,0.47728299195885376,2.372651628869634,0.9261641434304425,9.357233942670252,44.477127746357375,14.176094716715868,11.409705067427282,0.24244135228251815,WALKING,low_stability,31.053116162291545
1.6020254396383176,19.445875057716673,25.13983192959953,58.06959736779,0.2886745829009107,0.697025454643786,0.2671722076158062,10.036806536877988,21.429572747026082,1.8685620511024834,1.8697791819766545,0.220455509956502,WALKING,slow,17.25017228099385
1.400713512580617,5.5181270936430735,0.5532847980971001,0.06903487839164547,0.025897954907890583,-0.007047764044658359,0.00034250814387978536,9.758995895163439,0.4935807530281263,0.1435653153314271,0.5084909267601776,0.1017490924029693,REST,slow,2.788329635695764
1.6993471747797664,8.9332592273039,-0.5747876147104688,-0.20606860498568083,0.049471616661150894,0.11831716693057968,-0.004608399215358295,9.014165987550241,1.2216894488913,0.44900198976245864,-0.24555117262256007,0.41627900046720323,REST,high_fatigue,12.30309931207543
2.498779912457212,84.67018300546448,25.7585408383388,54.2874049287175,0.34069702860626927,0.21309711881036889,0.6537277597254856,8.881412316057386,10.302732510802022,13.973676821908237,1.673790413649137,0.239866214186523,STAND_TO_SIT,slow,36.44342973255563
3.9005300806417456,35.03327759600344,75.06871979813324,73.65377837051172,0.26737830294191994,0.27144198829944843,0.1970640966402652,9.075800060618052,6.213099499197882,12.942198498452905,1.7763418049991422,0.6503807710280423,KNEE_EXTENSION,high_fatigue,30.116955730446662
8.901648399239592,5.668710245983754,1.6510229405408823,-0.10490801768384263,0.024016847475671368,0.13824293636002158,0.0806797711002253,8.998564645980181,0.9483130020043822,-0.8497422459290245,-0.24557481383194152,0.044465998198285735,REST,normal,4.577036307666744
8.200191061253905,38.86446428838878,-78.05938097274269,-68.49529020278558,0.26399429523829016,0.24181223814217695,0.8276221797143613,9.607232841657916,3.886668449620659,29.177414906586282,2.026054939523398,0.11595747940023834,KNEE_FLEXION,normal,28.083383636309758
5.301762701624759,47.2289579147998,63.41482905513123,65.32656463650041,0.6603954988028079,2.8429836321777358,0.8327727331608217,9.495233937259899,32.563561806946915,5.663836675201474,13.478558223820086,0.22425859769984963,WALKING,high_force,51.323098020916866
2.9959908544597105,69.25036574851907,33.18608704165451,90.70866133363491,0.27420457674211773,0.3778937388670184,0.6364105066156989,8.158475536268302,9.659491326883586,22.606264233876757,0.1536501022568496,0.23079155284901612,STAND_TO_SIT,slow,38.19579011701106
1.0990218450637623,6.752681942835409,0.2389207982117888,-1.3246843588190653,0.05812491969919516,-0.027804238387575647,-0.015316900369923,9.97050577338061,1.441392672647901,-0.2869090137603353,0.20110749019638627,0.07884609582372488,REST,normal,4.184976848938123
4.403316632426752,93.58724457740476,-59.08913622450549,-85.03451619113112,0.17782568914298147,0.3487833533054951,0.3382392214569877,10.406897271799684,8.640746872528387,19.13485961042066,3.3279020451943406,0.7206835530175444,KNEE_FLEXION,high_fatigue,51.66994188481648
8.401565036361346,2.471422012315471,0.0649466539747902,0.4512189477553054,0.10894600780061368,0.13791830923341797,0.04950627970733794,9.661070178557534,1.7491448500531748,0.40363993149060134,-0.2762391782144002,0.030126301603146707,REST,high_force,7.832189017818732
6.601803405136273,98.91963793668158,-90.98011617606359,-160.01651725024416,0.5340976766546078,0.8246909486558281,1.5702707177049218,7.019235795402794,34.27764751455375,32.89414351761361,4.575400160356147,0.2560349657168356,SIT_TO_STAND,normal,46.32978076142206
9.098926684539803,67.4501035124975,-61.055253365126504,-107.45674322173632,0.5483815634567736,0.5141049774781068,0.5687255359482329,9.211227772509819,14.34809058183808,26.859551540557103,1.9495744352357396,0.23852103760949273,SIT_TO_STAND,slow,39.1788260858295
4.002502226603638,87.41084282541013,-98.11228326601577,-140.1883226867722,0.6364358041657093,0.2700045267360335,2.0784025730381375,6.331726490181459,16.528315031769157,27.082819135503232,3.429938806906143,0.8179444873752748,SIT_TO_STAND,high_fatigue,94.80517939934067
0.09790792233475129,48.97752973994939,109.08445101137963,71.70244437660978,0.12513544403543606,0.3361204347160915,0.9955335929863777,10.522038580511737,16.12995620118376,15.464184133330344,7.116364209579752,0.31645086966437,KNEE_EXTENSION,low_stability,32.432302999415676
0.003014230637539145,40.60251891612353,102.23335595521462,90.26834279036756,0.36733498761284455,0.581010325338414,0.24706673287360473,9.99805632309997,11.142906834649478,23.502966127427534,4.4438133285758274,0.15087545520773277,KNEE_EXTENSION,low_stability,42.18842587518833
1.0019350698257232,26.902976615138588,44.293692770363,26.980486713157948,0.4675078894443671,0.19315384449949383,0.6291184839509424,9.996217438432726,8.769440127319436,28.23180471147484,4.701399355719139,0.142357370887789,KNEE_EXTENSION,high_force,44.023975638417014
6.80121155014545,62.02553569879821,70.70824105988481,157.38009888299217,0.5547946005053475,0.8807598155610774,1.762744362297888,8.779198720302992,40.21459202869413,32.32387730595816,3.550649826862471,0.1564210004634555,STAND_TO_SIT,normal,29.725017857027396
2.698510914145575,62.9074346827132,-83.31187291428978,-106.06357351330598,0.3390335709986424,0.028108573984261823,0.6387413869363662,8.90254153509743,-0.7290880699189225,16.761966109669768,3.486190190162337,0.7095258761274832,KNEE_FLEXION,high_fatigue,58.65318790035745
7.701152901765165,29.853521212054893,86.0417293015193,68.95337944466239,0.3560342076551681,0.3464104356779525,0.5961190964608858,8.518721212538638,15.347236490261352,23.237028001598116,3.071919834336015,0.11359206314380572,KNEE_EXTENSION,normal,18.54491396194146
8.700462822909605,67.94117734729122,49.18176346131192,28.425339940760814,0.4698928929406745,0.20109222235340304,0.7392338134570067,9.067001973818872,7.7659672778456414,11.698281869310893,2.3609404420515627,0.2665906986239046,STAND_TO_SIT,slow,23.89982703172348
5.102697545688135,45.31399030820928,68.2219282023143,-14.37638514095557,0.4469721744739959,2.184078470805316,0.14270794151702762,8.787758809369526,36.367453256971714,29.558123184133674,3.555886905755237,0.3151849443833723,WALKING,low_stability,27.41359821979415
0.697512498817273,33.380988034323785,-100.67099538823639,-89.92546365640187,0.7117266759903884,0.27203703638254917,0.8777975935406765,8.691189415260348,10.628908598810371,14.32819797211194,6.20253473646662,0.2106232389916548,KNEE_FLEXION,high_force,46.31126419292355
9.502287054840114,34.993773398677384,88.05770553625149,79.33523670750242,0.3786125310851656,2.7302962783281712,0.2778411932292409,9.733483632005935,33.83595858000097,15.669523015969846,2.3065699267531077,0.1500574899912191,WALKING,low_stability,15.75538696171244
9.599350313609257,5.058001933156997,2.5705670172808675,-0.2513134788936852,0.08045213136480567,0.0873482006708565,0.02901088464258236,9.663841960019234,0.9559352197898466,0.5320538351849889,0.43527900834136274,0.5616034974063138,REST,high_fatigue,13.837834063867751
0.5006157701850782,28.89062450770662,-109.88656725560114,-97.42655994222497,0.3926248816021294,0.4353230196639192,0.9094808627008897,8.486733382027316,8.427551073217906,17.049125208610803,4.774889074811184,0.32376103742275597,KNEE_FLEXION,low_stability,39.401109855732805
8.198027316697209,46.87882759265171,56.58114016594364,226.5365219261141,0.4336797369821198,0.5351588549057198,2.280546143922484,9.868411778247156,24.792044061502363,32.89393066463379,2.595477564423091,0.3376515235567634,STAND_TO_SIT,high_force,45.31243028785171
3.501298698228448,4.15580216731469,-1.4309807141549222,6.0664999403044,0.10308839766436102,0.503613643933349,-0.026587568317718822,8.898842017803489,3.0853273480196277,1.1845212358048924,0.39756390767056393,0.07799816995965853,REST,low_stability,1.1183765803487162
1.498280688374392,36.3205306335738,54.64940079706362,64.82879232112019,0.4208151474015375,1.616038718513622,0.42902850257730796,8.747542484410832,22.875317739700908,10.46696994354527,1.4365092564726687,0.19058822234138745,WALKING,normal,24.388113832425038
4.8014980102091505,84.06677656047192,-75.02155987014125,-127.73980110356617,1.0,1.4211515689786103,1.985317549154343,10.010291231223883,14.881555998524703,20.305252954234792,11.379830015216797,0.20009327461050647,SIT_TO_STAND,low_stability,74.06108060171032
1.5011695439822552,107.39293690526806,-121.19499415912705,-234.80105550417602,0.6245434567979588,0.2200985008067288,1.2913508703078023,8.605324255136832,5.578132951969576,29.724610331495445,3.1787786770301256,0.19120812989281044,SIT_TO_STAND,normal,66.58947254429943
0.8022754779338651,69.44752019616301,37.89413770947247,103.76614796569382,0.4598770911395225,0.44886342740480406,0.7130439321966376,8.953976184424084,6.061816433431322,0.17330655711076437,3.863341832384422,0.24225293452358376,KNEE_EXTENSION,low_stability,25.235814700013815
0.3016820689692319,42.593126466053675,72.83832315358994,106.11664857903077,0.3236823073036922,0.527716061358527,0.9289931948793408,8.589470796848238,18.90378310280032,34.382242686336426,1.8455833346469706,0.22472629643398673,KNEE_EXTENSION,low_stability,38.53479596259618
8.09729962150173,79.48655765547952,70.61131147318416,52.45606117470223,0.9319095148552857,0.5112537642191695,2.2125958714423857,7.868136767616598,40.77014652120639,28.327726875699646,3.9905584699966306,0.2245631741744605,STAND_TO_SIT,high_force,49.728610946474944
8.498758462710567,66.37491639060944,105.97179260329236,141.0047360187135,1.0,0.579930105349511,1.2085249548640247,7.834579633202798,41.26458593480237,42.1383748443119,8.550523145222604,0.2148336620194913,STAND_TO_SIT,high_force,66.416771216054
7.002932743021463,50.28015893674978,-74.50214058940875,-120.80197165385394,0.3255316115718734,0.191541645739593,0.3917524370126967,8.184932174639409,12.722311146040187,22.730538356717375,2.0496239970872066,0.13702637894464745,KNEE_FLEXION,normal,17.858549668909266
5.599612624916701,4.828851390877138,6.095364979948726,1.4685813556737999,0.11899075300247178,0.30605220186667326,0.3474633949690013,9.005180554967136,1.042581507071347,2.707545840852885,1.091762176169081,0.09581170304602661,REST,low_stability,4.102888840752533
5.202693459870401,24.166740932355026,43.99941392963948,88.40160429024156,0.26939108560012304,0.3793814576197713,0.4513883674933254,8.84538462500229,13.199539187210997,27.93800929732675,3.38779708609776,0.23275909645425938,KNEE_EXTENSION,low_stability,28.490900417346765
1.195152396994908,46.64872671603366,-122.882765870225,-194.62722082486684,0.6956777681452403,0.5460041940389182,0.9194132308171452,8.156990346841717,39.48756924650606,54.46528377685691,8.413796721530531,0.24616268166326333,SIT_TO_STAND,low_stability,60.16042863469775
3.4990590458308657,62.35324932590557,37.60704423544401,73.78563833262,0.31758399099366463,0.16529954689442292,0.46184570816194476,9.091732506118356,14.786776729487988,13.61002502153608,1.334262473546326,0.22891070505617198,STAND_TO_SIT,slow,23.180570337975766
4.99883824136982,49.03418247058999,39.9988422189623,73.38614309399989,0.49220581652717416,1.2408216028000936,0.26803823011916544,10.243110122992924,34.59639052103602,5.939242712993157,3.323798425623573,0.11314952680576543,WALKING,normal,24.59459233946994
8.801162259735218,16.877877257994164,-78.61328352796846,-88.68178853371604,0.33436407895640186,0.539399627461386,1.3926755435870968,9.632185519202075,16.762294580151107,43.490155403556074,-1.1293546135293737,0.23347843697246656,KNEE_FLEXION,low_stability,44.685412498016206
7.901875834598668,42.250337777822814,-89.17097043611736,-66.95219982856385,0.4122502446404373,0.10127311922599053,0.726418331097284,9.470214749093387,10.788350340203818,25.969956337919452,2.1770608674928793,0.7306199833177278,KNEE_FLEXION,high_fatigue,46.88884093281733
2.096150087116899,53.16546084165049,59.989454751008275,114.03689902489924,0.3521307572715845,0.3092731736834408,0.6788078945119939,9.486236396971847,4.166332550033003,13.952799928520813,0.7216469374586162,0.12344947062808653,KNEE_EXTENSION,normal,9.218442042460056
6.498777089265443,44.647492520480114,-89.95391964581562,-82.01239469943634,0.5736167663469408,0.014864334585181264,1.373023563232968,10.370801741459593,11.55072057306387,33.90265404357964,5.20704522882317,0.21149018420318377,KNEE_FLEXION,high_force,47.52566747808834
2.7005544640346177,76.28007859238222,-133.96984952906763,-221.6384225662723,0.9490485114661472,0.8052082416373199,2.0952074157737153,7.5582525603978405,26.230482484209478,71.19326950543584,8.253701711579199,0.20790393516399525,SIT_TO_STAND,high_force,74.92000878082416
2.2031963635078737,42.38420312785585,88.33257930155771,83.07486571263044,0.5139462487460001,0.6117074247825426,1.1551816498499121,8.71376438861833,3.0370810109090143,19.96602810980229,5.695092069412237,0.2264401376731031,KNEE_EXTENSION,low_stability,36.07457035263797
5.701082641922713,22.398523801609457,36.99425963975875,35.47026773396956,0.39586815551377935,1.751131930594918,0.392197033317424,8.971669093770817,20.397245158141402,5.393617350672387,2.418282016058366,0.6677487758203525,WALKING,high_fatigue,57.50044385861137
7.300049675028858,51.12504815539077,58.69423139789326,153.17454663097263,0.910178094497791,0.38903062485702833,1.4704606175915351,8.921747584379935,29.785640610487068,22.10308241732538,7.90223467432548,0.2909444663163004,STAND_TO_SIT,high_force,63.59700968954783
4.096221288268701,40.32001478435458,-63.18040980359397,-27.507113027453407,0.19516129851854863,-0.05941589034523524,0.693458174026905,9.62951816988029,9.634710735485806,7.244584428233576,0.44509452540494643,0.202207278297468,KNEE_FLEXION,slow,20.473742559890397
0.7990089703537672,84.19118314958668,-71.86668536125465,-85.8335298640064,0.5179507438822835,0.3449739811326494,2.222909610542724,8.827863357453523,27.49000344319099,29.087079331652248,5.752134688581474,0.1385189243560266,SIT_TO_STAND,normal,56.718201954255804
9.200804181414423,73.49570154751095,-60.72197453579006,-145.2082586569542,0.9297566911566255,0.22358636779629237,1.045010025987289,9.057873548423487,16.484541011569064,30.807617216644104,3.889928912039058,0.2305101485528091,SIT_TO_STAND,normal,58.464683867756705
7.396126671764679,32.734058811172304,32.47248418151962,46.950302317642866,0.2202817232865363,0.1717968008805957,0.4625742286335467,10.13063605613538,3.763860845209665,9.925693646783557,3.72747914841062,0.1815153787386414,KNEE_EXTENSION,slow,14.596716738550636
9.597859991626338,21.814979199080092,33.1417160034036,70.66711242885391,0.45141581982459206,0.8272898803380789,0.5786057469941873,9.504535246639614,33.65888516365168,12.715888418615668,4.763747898333762,0.7509217637366589,WALKING,high_fatigue,49.75332933491506
7.898427073611886,27.02765075877292,19.54562660241321,96.4706778493567,0.45850869279284706,0.2828035012942366,0.8221414875362698,8.265695420557826,18.83916995018488,12.879756521200363,1.9872774567989306,0.21931480879745893,STAND_TO_SIT,slow,37.620814967538905
5.296591800748706,5.579128965647376,-0.41214431483226655,-1.0446869781421038,0.040723221770357046,0.005622891343213957,0.012151433925009955,8.773837517857734,-0.0400777380621071,-0.06681634887332559,0.4830742715162472,0.06388563666774416,REST,slow,6.442450745599584
8.198893156142168,18.764939353774444,90.6751819080749,96.30044567163418,0.36945483435687293,0.4183430707548676,0.9329247471772781,9.831539787199665,17.437114398639963,32.70621653510225,3.8498697141690497,0.2291442728996136,KNEE_EXTENSION,high_force,47.74642902165687
8.001790411657772,25.28921773725944,63.68520605879599,122.09007872730564,0.3682188970363339,1.8270258433137867,0.4310838525962908,8.441161127785337,29.12815500102817,9.774842367546807,5.939878343922622,0.14016861508137202,WALKING,normal,35.808378445074496
6.998874468416977,106.32839810145389,-86.82973268706759,-125.45577372810821,0.8094497995521166,0.4758062388648482,1.460308792071751,8.364211550792723,9.334520302688736,15.40155552633179,6.446055643720819,0.7039359051133955,SIT_TO_STAND,high_fatigue,89.03921154350438
0.2985630447396783,28.143793083664868,85.86525028639404,85.61212209899398,0.6209907718538284,1.870426918076216,0.5809504371681682,9.727206301339232,45.38865155155569,10.033893495087002,8.906368560430796,0.17445819250578357,WALKING,high_force,35.81662252258954
1.1994873150617862,72.46195178329624,-108.43086102936067,-176.90753192167838,0.9646634892845212,0.8822444408955681,2.269067640620102,6.360789798523052,12.418883484619125,12.022212306857615,13.357939419724982,0.2618076666056641,SIT_TO_STAND,high_force,64.00518451804284
9.598722361558067,23.16420903158658,83.89875540744328,16.29825726600815,0.32417726646555817,3.025396699749761,1.1401876346973527,7.605511615778,21.983702190602255,9.647360499364327,6.600085894656551,0.2664630635603989,WALKING,low_stability,17.338688341147062
8.702250535492377,1.665096636664579,-0.6954847738143057,-0.9458495797732324,0.04469681542188577,-0.0021978159732927945,0.009795190004510769,9.570640019185173,1.1792495565812733,-0.03660302369664167,-0.599761959685986,0.6494220119278495,REST,high_fatigue,12.312122902080338
5.900094110441807,28.80511163450088,60.94464718883762,108.86650045115506,0.44173988155340993,1.6015495080240614,0.44058674310967605,9.403170374714907,26.686951245009727,7.999707613707427,3.353223701350381,0.11702210531786149,WALKING,normal,22.989960293650554
4.101581577042369,76.75682485699969,-62.922986185688124,-88.64573558127356,0.6984724950593707,0.10382727513263948,1.0445129503731785,9.271906013822878,13.142176403396773,3.8096307707633468,3.8607136393608683,0.3027982213482028,SIT_TO_STAND,slow,35.39093626771883
1.8979468358452039,56.89949614035844,-64.38997522340112,-41.29356864742873,0.6979449001180656,0.23414098453328092,0.7091225101796537,7.4428574534952245,4.106079029315548,6.794149682580585,3.9460752110772805,0.2795930961922855,SIT_TO_STAND,slow,37.90403882654493
1.1995610194698503,28.68088225073519,89.8882152911264,133.00403796491992,0.4542284770361177,0.7369195359635867,0.4289977156864266,8.851628993656442,21.327478671720193,14.084837459581912,3.0124590213079623,0.10675730099310114,WALKING,normal,18.644990881169242
3.2987658502920443,25.562056827736168,41.03160180150018,26.368084964376543,0.3963285973617539,0.6009514211597383,0.41960796908668074,8.92457931856068,31.25899259882586,7.081604674036735,4.959062229853381,0.14132145007249927,WALKING,slow,19.025599880565657
8.39646852901375,38.60171283169606,65.44078549103068,90.29008144127046,0.3683413096307614,0.12828338499112438,0.872313501503684,9.094483169155634,3.489347017196373,13.397926752136978,2.5937913242552324,0.07034487284076554,KNEE_EXTENSION,normal,33.64297776896876
6.398493866556786,77.26440236934243,23.180752131757888,45.13982988723804,0.3897264411412985,0.030928112891800256,0.8013625062650557,8.342618118268536,17.132813190706543,9.208903960971048,3.762763347773433,0.26944839035752693,STAND_TO_SIT,slow,38.99752757204575
1.2011681003687518,82.52847794580627,-121.17386225979168,-128.11551053678548,0.6267387921001242,0.16154696929176188,1.3161487210860792,9.280797549668879,20.614795272223294,39.84446933929415,8.338294262639673,0.1723365044466011,SIT_TO_STAND,normal,44.85437316207201
3.0989349584368213,68.94311353054653,44.78872534679813,98.22317596787549,0.5111566922707206,0.33548117738508854,1.5162471562291835,8.5989168876687,2.1104789118253753,22.928678298961085,2.5170403811841977,0.7733193007698347,STAND_TO_SIT,high_fatigue,60.60666456529498
4.9987917266196655,67.83315284302695,-54.12848166400836,-107.00044176318212,0.5366133187424097,0.1726727051639281,0.9802630301969371,9.837737480555532,9.276603577765274,17.073255799266594,2.460661459246145,0.2590859560520244,SIT_TO_STAND,slow,38.34790070059244
0.5009089091653803,47.135682430614054,69.73185942296092,88.34105399091251,0.2745260570297535,0.4267560486344887,0.33325499670781694,9.03610891915011,16.656699060619623,41.47833228905077,5.002522447178747,0.22899677225910836,KNEE_EXTENSION,low_stability,31.908203900324065
1.6008929220424906,4.728358701746133,-0.37081893785175163,0.005099711729479726,0.049141669046100275,0.005944111442715198,-0.07309799983671451,10.471769199864891,-0.31456324096609706,-0.33277509861123755,-0.658441242712757,0.07676557993917506,REST,slow,5.230262735015619
3.998648479170738,34.767083765708584,66.31794813493023,124.51044121373162,0.7148629525580269,1.5668797218669452,0.6564191525050919,10.650834479124303,21.96065609046187,12.560888333216003,6.579935685114414,0.2399281506350603,WALKING,high_force,47.18373132753642
6.298267645898197,44.457366444825595,67.4343164962281,140.95661863604468,0.46635777114137367,0.4595509656198745,0.1360163701934423,9.1376809007765,11.219156026186782,23.339351676761723,3.815803329659454,0.22936419592459442,KNEE_EXTENSION,high_force,53.12711442459168
7.398364575192372,49.95417868599939,51.48718962845672,12.798802284776938,0.5333969443369644,0.2651611548854369,0.4990818601969699,8.309116224158858,24.608709654563967,28.947782375604206,3.3268689165189995,0.8220962729263459,STAND_TO_SIT,high_fatigue,56.76156891914296
8.098365544948734,73.61880914892879,-111.63956547990935,-179.35174545395031,0.7828991653227103,0.5093772247162118,1.8151942927236167,9.953473610195728,22.130511575579266,19.870395481827916,4.258050103919646,0.16442515495561796,SIT_TO_STAND,normal,54.71319529898764
1.002034683593136,65.81656532662022,79.87723791908003,129.20202818809483,0.502512725711464,0.7528900855261098,1.776877559416462,8.45973085497848,12.458846039695793,15.048939939579325,3.4654647733981454,0.3217216309251237,STAND_TO_SIT,low_stability,52.90915504380982
2.999328589722601,36.733499292132805,49.467800322190136,62.03006479910622,0.548609717158305,1.913829399412915,0.48015618262978277,9.62899531092417,-9.119745403330782,15.62421184759752,13.929860410799172,0.37603541884096947,WALKING,low_stability,37.32073411659141
1.9013136370534405,4.3912541273722,-1.1629391732904721,-0.85760964564597,0.06755138199796752,-0.05430104900524083,0.04214252692230109,9.656150776138828,-1.017838367114987,-0.6237116330839052,0.5008712231673553,0.09547782361819732,REST,slow,7.456788736668769
5.602055663176865,32.33892100181432,33.93160305346965,73.25436233315345,0.29327429325168936,1.2306517500934702,0.35543038718460446,9.147515069386547,15.219891793882594,11.730103409063062,2.2432109724019504,0.18793471586583643,WALKING,slow,26.304180340395167
3.1988235146177333,19.007104343715685,92.05288920438288,133.62250778444462,0.40574256524299895,0.34718823054705855,1.089354807518726,8.302337476049345,21.44563683225054,26.260396655026735,4.850686824552247,0.14085793201841215,KNEE_EXTENSION,high_force,40.97920493717196
9.199878252408498,22.309404320096434,37.61852193480992,26.83613994513335,0.1658943645618049,0.08136069045906923,0.48195764777827305,9.200754855072416,1.4223233411121374,17.35480758612317,1.2886653103375998,0.1582627571072377,KNEE_EXTENSION,slow,17.530440850302018
3.198858403490883,48.1092019208861,70.5449378828325,41.95222726222403,0.3637927787048057,0.14352777557164223,0.601073234437622,9.29792951175374,7.193523798051178,4.8059582853682485,1.7824925603760546,0.5491237905667367,KNEE_EXTENSION,high_fatigue,35.9671830270309
3.4976277672365423,26.977784115878165,51.08194755482488,16.943946521697764,0.3115197192039773,0.974114647865173,0.182266811224213,9.53568556743031,14.774319582825628,6.843780695007091,2.2053055493868716,0.26956726989932434,WALKING,slow,18.82922933536298
6.8991768966100855,10.557817846435139,1.7643774489181394,4.615116384838026,0.08163201412289538,0.3976942745071438,0.2788691466028774,9.464766293550666,6.052710078928804,1.8568119089749693,1.0160611656612581,0.1477664540727716,REST,low_stability,10.13666009881863
6.800921484020238,10.586975402570078,-1.5013591121257337,2.152815691139118,0.13943032782404458,0.061725000255348834,0.16400695517298997,9.593837794101606,0.9965254055560718,0.18638489762982594,-0.06361730094171884,0.037064821670408574,REST,high_force,7.685045881082359
4.5991757012430865,6.822925410408315,-0.6108605496710721,-1.102335628304483,0.03786778977165158,0.15054085565255568,0.010176878106120626,9.397147953201097,1.9324517833773949,1.5855560900154606,0.16373606003913407,0.039246748461939554,REST,normal,6.419261594082426
9.099375910370384,51.44551577874761,47.433145760904985,34.58490572438566,0.3346914495213465,1.1847463110667706,0.4889728460012702,9.773414022442525,28.16206827274274,15.448136168420953,2.22139707081009,0.8290261611148466,WALKING,high_fatigue,42.0344574724394
7.599748295993022,46.94178381770296,62.32787643328118,97.21517490951345,0.2993613282510492,2.525543099391009,0.9228097527927595,8.881693102373339,34.683574317572536,18.809074359254694,7.2958035041432305,0.22153791374295886,WALKING,low_stability,23.54926041640976
7.303219980787873,29.22352737772406,65.9744458716867,115.87412762984262,0.701068246892223,1.7972879879763148,-0.10741617231176974,9.403874992781116,36.33496789099875,15.280107866634522,4.890736739970059,0.1645793759272013,WALKING,high_force,37.34077422613234
1.8981729462425851,76.80171018870047,-90.68079401588302,-137.13301512252065,0.8981869446729345,0.8821359760719456,1.8408662056007004,8.354710270901823,45.24194427309838,35.986937736145336,11.23551004670028,0.22201003106926873,SIT_TO_STAND,high_force,41.828787957444995
2.603643635340115,74.19344648323873,-46.79541243055845,-78.7745710493767,0.5854064906792211,0.47406693220611057,0.9070144915045257,8.373843244101556,17.19088909600122,17.288833525907116,1.5722658611107672,0.21290192502341557,SIT_TO_STAND,slow,46.95412109953533
0.39869887275918886,1.0364162460822903,-0.9339263205545316,-2.050832014554537,0.047960595398628035,0.12721593063813352,-0.14820535250724973,9.936258457972247,1.4530021027321434,0.6425171713035599,-0.30824503787914487,0.050059865823999114,REST,normal,1.7079869763588693
9.50503294401148,89.54925202684576,121.35357132050476,130.04444882461937,0.5377956070917038,0.7347219315251874,0.8304540581864396,8.431655449441937,26.80676071329707,20.640667825988455,-0.3896102594395149,0.1154582132859251,STAND_TO_SIT,normal,46.19445904201299
1.1009282480236855,83.1866808446388,-75.59098352467743,-79.5715990620164,0.47801069679021907,-0.13798184705657282,1.0237239223192358,9.933460297119275,6.378677694666425,18.596134005685414,3.557566156364838,0.191048757681707,KNEE_FLEXION,low_stability,39.8229664737582
9.099150325702952,29.60128884458412,-35.1638321701626,-73.38489624867027,0.34075283594620787,0.11846185313145352,0.3496430706270928,9.414106907601177,6.131082989964639,23.732693679915872,2.4620629077744884,0.6963896486986393,KNEE_FLEXION,high_fatigue,46.795158705921146
7.70340739259745,69.22435922252569,-78.66697715722157,-114.17519700116628,0.6048263001197987,0.6986046481919126,1.4113766911026844,9.04991747956933,26.356421054091335,33.73307808667238,8.418510483969282,0.2626725207280739,SIT_TO_STAND,normal,64.27788693287827
3.6981604751396895,53.398155249059755,32.184418774165835,93.03661811212729,0.49898387349947765,2.8161027515299843,0.7560175438247726,8.736740107480058,60.894302304069925,14.361252730443931,19.2799562803851,0.2215636112574924,WALKING,low_stability,33.812713093168
8.095609840442853,34.31652318559021,46.72972299015576,30.449103256416038,0.25768540234831755,1.0519057969819041,0.1255325383755818,9.670725859653349,22.079296255800756,9.3318209979581,2.2872557048387794,0.18106718577303318,WALKING,slow,22.194804398562177
1.5047280841907957,61.19183309964124,110.84501487547986,26.594333721618206,0.7141107539585352,0.954207117956226,1.3704042948121047,9.539370422585582,17.874761823722302,24.885698325616854,2.498647778451826,0.08948507237373066,STAND_TO_SIT,high_force,64.4564555745898
5.198547727969323,58.18150471651771,-48.060723982083715,-114.87142281906618,0.29809751948828683,0.3507167455339652,1.1630763768304238,8.19050202140911,20.83270327559589,21.68925012484524,2.9258678457609095,0.21437472982782346,KNEE_FLEXION,low_stability,25.687471777797526
6.101384550470607,75.1741942008051,-56.18801885881832,14.923732449386879,0.4354898598421108,0.06226365364476981,1.3451911473386253,9.204607419738085,1.7481553386704176,7.306895281244579,4.858576385801199,0.19159066910528966,KNEE_FLEXION,low_stability,37.372441317806576
9.700797717275442,15.817774957134795,-56.58722158028588,-73.45403797247418,0.13264520833857582,0.045087906828547394,0.5425412174490635,9.111489280592476,3.605436694734434,20.98831149265963,2.4299358473270334,0.11172585443682247,KNEE_FLEXION,slow,17.976667429783237
4.796677081599434,85.34608763960466,-47.417529824722614,-60.35527367083852,0.7834618861961948,0.15178985168101386,1.0587598762725503,8.452406948230134,18.705040466615145,10.757169957497362,3.5239644932492236,0.24673346484512693,SIT_TO_STAND,slow,53.7325521352647
7.398989465232577,29.999597943923998,53.43853407174495,56.56388501212167,0.5099610626381756,1.6095731887625484,0.6869428384286969,9.57404326092423,22.273970349745113,7.341062564159906,5.442935483223786,0.13733678372436525,WALKING,normal,21.30496586290463
5.001934598471686,5.516289648362226,-0.15880787784973235,-0.373133027819854,0.05604867822440946,0.08965744326143442,0.01910539823931306,9.912110589337312,1.0448033092454603,-0.18117704229657788,-0.8644732905012045,0.02516488942243215,REST,normal,5.5521734938146965
5.29628746500247,3.770907487335746,52.060818420261334,56.67300351630529,0.27814113261309215,3.4665824299516137,0.2486210908372348,8.546802768562555,49.95917167750678,20.72232317814333,11.559012784814978,0.2924580685209025,WALKING,low_stability,42.980906964011155
8.202431607217996,35.56858826364794,137.24349142958644,92.1971171491923,0.5562326030512419,0.5091783825234559,1.4177113145583828,8.069904040155839,12.0820899592094,18.85742076641697,3.0861139217282627,0.7271702936806874,STAND_TO_SIT,high_fatigue,74.32783157523912
2.299166636824522,79.71372938633698,123.67461128621657,104.386934926979,0.5709264798657652,1.0795778115113488,0.8852310294917939,7.650389515221763,33.214137145516865,52.61034186282409,4.751883989926195,0.303898145035346,STAND_TO_SIT,low_stability,46.77401232716487
3.3004599522300473,33.99745513670193,68.33062365831285,56.203795174710976,0.5915537211928771,2.379819245399548,1.2509540829878236,10.582442868562925,52.31608137103355,19.755280193811164,9.563323594613228,0.37049964423762305,WALKING,low_stability,19.36446071185337
1.49996050300404,79.39183867690011,-80.50457596180293,-49.94516976456847,0.5071279938668042,0.04127753173412202,0.8410753285992943,8.143355375355016,5.149763496016081,20.08468140723497,1.3246950345667787,0.19824603973790594,SIT_TO_STAND,slow,62.366584019249785
6.602483306834102,95.10223314659402,-22.95150771466725,-108.94733534473393,0.5878118141886726,0.12360571728902724,0.7542893856288149,7.929833361990941,18.56083447128345,16.138161737228643,1.3429934544182411,0.34855041256489977,SIT_TO_STAND,slow,40.265599386013825
1.8021580845275316,44.0145131945086,63.333858333132405,89.68380131185708,0.2586117429990398,0.2207860566447952,0.5150245271874265,9.364809462512827,2.7208438829500516,24.052898831696613,2.5976635635377914,0.22245765196256964,KNEE_EXTENSION,normal,26.81613878961942
0.6006698454036526,42.30600865486473,76.48833315228693,116.1941830963953,0.4147660926595914,0.2097117465714013,1.3628492214262475,9.022250904138415,9.26417218915343,11.72528742148789,3.2616150760846034,0.8376922330076618,STAND_TO_SIT,high_fatigue,64.58760506886519
7.101789185212084,42.44833699062444,79.03563612577868,50.028693040263725,0.42948282766272844,1.6372256441709534,0.4068596664045554,9.414532855508428,15.423585133142854,10.689698958681882,5.146737969377673,0.7176170443316342,WALKING,high_fatigue,52.2669498916318
9.900102773340873,7.744486533617514,1.8042271798680307,2.7142299240236594,0.07113750854826216,0.283253407079241,0.017743856653779304,9.371145940217653,3.9947147471483375,1.126229353405342,1.96686883329353,0.1074518219513962,REST,low_stability,11.334048230421864
5.899713139572266,60.157253733554285,63.847736586296904,107.72634023165907,0.38991891392590644,0.010698453517126727,0.8014104573065282,9.29564039727447,0.3552425961123571,19.498928576380774,2.5974069455729736,0.20204660938126306,KNEE_EXTENSION,normal,38.34566670755632
6.800932396862009,70.86159591178885,-23.211999788204665,-167.6608176707463,0.31617412059164274,0.48844772603575065,0.6790203155823953,8.01479310765173,11.724914749409818,33.88757046259869,5.1851157623609945,0.2818594075801343,KNEE_FLEXION,low_stability,34.358962918282394
1.9026499113587634,5.191767465638419,-0.23934073250674126,-0.701971989024767,0.024455502050481498,0.1611374971741399,0.0813872862419293,9.13483696868501,0.5131463693709556,-0.5665423652771139,-0.9443282782338935,0.06239403930964958,REST,normal,2.034118551696182
8.401810736083293,26.476896257388933,57.79313845661155,47.89039184404338,0.25694208159523146,0.6304887728221187,-0.022718727384570155,9.35841997095102,20.22211318339126,6.882877507829656,4.1050879899009125,0.10823591012819438,WALKING,slow,18.02390564458031
3.498414948339084,7.7134707721688045,-1.0156234377315834,-0.6571367011481002,0.028491291632847665,0.07422049917847834,0.031893631783955365,10.448532398841735,1.1166069123743914,-0.44861642310593786,0.2920123846991226,0.04997214697113302,REST,normal,8.865332747954756
2.901312097168977,29.164708177952843,41.2170003414338,41.04843488917286,0.2250993429025593,0.2629089833684231,0.6433580925313663,8.713325747791032,9.516358370143326,20.40423867157024,4.779496282956929,0.23505674541777824,KNEE_EXTENSION,low_stability,25.28796129273424
2.400130922751117,46.36358456052098,74.29060480883273,80.46248129798994,0.39402175656212074,1.530155040163599,0.5889198974917185,9.742807320948204,28.346144194207607,12.651230321081192,5.354773002667663,0.13639080026655223,WALKING,normal,38.723841917441966
5.4994117217796035,38.638614430117485,-81.91826134297884,-77.18889854777301,0.36249125211204286,0.17684766354599987,0.715387148769289,8.015813427412448,8.509011444663463,26.308607567475583,3.1821444412017907,0.5897379733982518,KNEE_FLEXION,high_fatigue,47.250045465861135
2.0038121117315106,38.94456730556434,52.08303149070011,27.743965015617174,0.2136995859851131,1.185678118667135,0.9018168426696687,9.364766353728552,31.178103727494996,11.50661286366095,2.2618591175542515,0.6452044326987063,WALKING,high_fatigue,58.75284464669774
4.10248484548313,73.24008912700192,61.352075692935465,37.540376208109436,0.5861849474825022,0.8753784464007862,0.7735399797011031,9.616891476126051,28.410322320258217,22.223007384032755,5.067753004731405,0.22293742790018914,STAND_TO_SIT,low_stability,49.52177645095586
9.000190587734663,79.37764959132284,81.13749002903631,103.68580770934534,0.5009273874382602,0.17681012953399977,1.0810881622942135,6.434069481150429,12.30683456299877,17.16268767938678,5.2139484373582485,0.40212417710039694,STAND_TO_SIT,low_stability,57.64416156197916
3.6985392442176015,24.064912446924712,34.1268214973455,104.03528217057732,0.42505245802258046,1.7378089927935714,0.7050069496762719,9.891472331360966,30.138306070001484,9.782101417694925,3.6555947615663307,0.15906170771899217,WALKING,normal,23.213703404733803
0.5034840961671598,50.9743996410105,85.08743647110799,121.39281718208646,0.9515423502152931,0.39887780034073606,1.6018092408290012,8.765035461808365,40.345952905302774,23.134390717872755,1.7098145391547548,0.2778590283257513,STAND_TO_SIT,high_force,65.45018732465597
3.096529541824628,58.81623687041365,50.656477461015896,45.83303081791483,0.38027500194181413,0.38151686098862564,0.5517905350128747,9.96156007054303,21.576612204337863,12.256966431878283,2.4874943770979594,0.6084774781107383,KNEE_EXTENSION,high_fatigue,27.229550169588727
4.5014654218855386,2.0663352366123173,0.25228097197927346,0.8637702088893813,0.2160768856859579,0.17420149308505298,0.11439050679862414,9.694845403018157,0.6669458241198716,-0.353775912870959,0.8357762183068951,0.010242483407973083,REST,high_force,10.605416964503586
8.402086217845765,37.4366301132169,45.04627143242517,109.37352653360354,0.5346125485707646,1.4560416720288423,0.7778568825695269,10.390347711545097,35.963998725488146,8.182652213785238,5.070153980957022,0.10870809355526567,WALKING,high_force,58.21255599836956
0.8994495266739446,66.39103408508237,-124.1500381104875,-176.49702374840933,0.8304517114422753,0.4939979757612534,1.0810420706316914,6.8813316590603915,22.970062848371796,28.356162524254152,7.768158410291339,0.7117779561607424,SIT_TO_STAND,high_fatigue,87.04120947072377
3.70127705101302,53.19369365838308,77.02184255599698,48.27435726177519,0.4534881883784232,0.20946688289895965,0.6184494604542935,9.298245085452328,7.48332190498768,14.93062822391259,3.7230391733702537,0.11293753239235323,KNEE_EXTENSION,normal,25.78047809898024
5.401853711827154,2.789131447593702,-0.2057615261619166,0.1950896587768054,0.04985716415997342,0.05402534064968054,-0.041109710530445084,9.306028308890728,-0.2271251586674563,-0.3038333734356637,-0.18513843201144115,0.07309686265514204,REST,slow,7.92359833509461
8.598322612742802,80.89989211266777,55.69361114282056,83.10798094401393,0.29572023027485916,0.15703432177291227,0.27593070295064465,8.81547189018792,14.564806248925061,8.207255276264611,2.1468406492602465,0.16030715715443425,STAND_TO_SIT,slow,32.41641026206489
2.4998686052227193,35.66345204781339,40.685711966585146,37.86407032635535,0.2668513955337154,1.569587040586456,0.4342905216580937,8.388631519255432,15.417499151019372,8.706204641999953,2.593784227694286,0.17018360734953225,WALKING,slow,29.34188801294419
7.602013935482977,-5.258932044792203,72.55861696421125,34.552279986595465,0.10576024594676667,0.4940212951088395,0.28595184530930406,8.91521037011904,14.29245374124596,15.795739506890563,4.5048677815252365,0.2457355931423027,KNEE_EXTENSION,low_stability,53.67256673960017
4.601361747507384,47.84325576146132,-80.61975115295127,-250.36659891278276,0.8648456108918253,1.0622117884764994,1.9852193276500592,9.868985526631139,40.79105766543729,39.08548678502401,3.7216363857208195,0.3010877892970094,SIT_TO_STAND,low_stability,63.02369552210885
6.896175514688963,39.7638038915697,50.66725100939147,81.28965635661552,0.4070167674920605,1.5714938557331601,0.8755901690197713,8.765211969286392,33.48296386843177,12.459673328361196,6.331767031187618,0.13646447894811117,WALKING,normal,23.007325913303863
3.303779268677086,36.738204592662555,63.35414148591696,57.74101259469946,0.20708299095896607,0.09711124104189847,0.7420491901624854,9.856774318172636,13.661734421318693,18.350999207661957,1.5581567262108273,0.6825443704582049,KNEE_EXTENSION,high_fatigue,32.90908628173175
5.799565458210148,62.66910759725192,91.19952000095876,166.622752416446,0.774029784843416,0.6794295169348823,1.4065812518185377,9.155477112422638,34.37784214395775,36.69786216732893,1.7883176695082141,0.3099083234452901,STAND_TO_SIT,high_force,67.95827648239236
1.5993369453696775,78.52468328540664,53.73642334772956,108.25049976993763,0.5332334653535449,0.7406665464258275,1.1085235517870895,9.576505762943544,17.644790526182348,44.293733878642364,6.354052270542939,0.3445419641346941,STAND_TO_SIT,low_stability,61.95335109804597
6.504276128673694,37.01060181023845,-40.34431352880664,-93.92416288208487,0.27635065714933116,0.05015859668013985,0.809205207275988,8.811842997779543,19.49086341822161,22.664361751874065,4.970519274829254,0.18738745005419064,KNEE_FLEXION,normal,23.577362309767903
2.6973528233971975,7.702890460187643,-0.28704911787948245,-0.18426802560150862,0.061144723970434925,-0.008394483939173377,0.09621808632713622,10.769905750928027,-0.6784252296741818,0.20577032343941162,-0.03136837554759028,0.08128273604756307,REST,slow,6.050191947945195
7.6983254294388495,25.04787280490611,45.171380704133284,71.49839130713974,0.22780845962318627,0.12004570610013073,0.4875315769224806,9.189511841229525,15.77152960046439,26.95379817093969,1.679895599362277,0.5510460170514997,KNEE_EXTENSION,high_fatigue,39.91453562187336
0.597794293024194,77.72979641718759,-57.02635624289417,-85.9542997293968,0.3520954106720748,0.18791976055855247,1.269148999877173,9.07602480497925,12.412929344204088,24.53520862902102,2.782299403717752,0.16134796855182254,KNEE_FLEXION,normal,24.99547754509134
8.002014909925267,26.297146814902614,58.03795644898998,61.02675552081385,0.45548127708291986,1.698983674356251,0.3118974462170163,10.098376592557498,26.489745354692943,-1.7871443672840892,7.092250082729767,0.6557697516950649,WALKING,high_fatigue,55.756236084039784
7.402062545288446,57.808659590835525,57.53541961780697,103.9828673422283,0.22261886028232533,0.06833282447229404,0.5225906345426553,8.434664059712931,7.921498619773705,22.2796963421549,3.4586105775801324,0.6350407978608125,KNEE_EXTENSION,high_fatigue,25.862755635420445
8.999900819384235,1.2621345169076505,0.4066210392112132,-0.4242125618472419,0.03790623921287807,0.07427740362061906,-0.04085578114737183,9.615414590170387,0.6193531369463355,-0.7101712680726839,-0.10854947555382853,0.058525951745643984,REST,slow,2.5752634138805486
3.9009745111384144,110.49139629066642,-49.787136418983394,-58.535435484938674,0.6578694906178347,0.22574934427567808,0.5421904984318511,8.417526287456871,13.88834438829741,24.413699459368242,1.9819844983531283,0.30093746482189776,SIT_TO_STAND,slow,44.454080758914145
9.20173620714313,34.83696800436109,56.11430826940354,27.762441049720177,0.4667649858409959,1.107411973207261,0.29582598949938776,9.949617173734374,24.347193380276654,12.577075764202228,0.7574794345279581,0.7827630736769159,WALKING,high_fatigue,46.00308053217959
9.900587607121519,29.41017513816772,38.09094938149693,18.324204748903515,0.33953745571075716,0.8804374738346316,0.33348833324094773,9.940147260004904,12.900544816020794,7.749250437260178,2.032820948931172,0.2007641189574413,WALKING,slow,16.08549845362179
0.6008151941108434,22.428075552976786,36.40650090187749,33.02147003705712,0.36862731239333324,0.9503620729204918,0.5276585564393177,9.757866302318773,20.729464930798525,7.20551554561084,3.745367627511303,0.1404889452922879,WALKING,slow,30.49132326277826
8.00129003337863,4.290541826407812,0.9090791806567268,-0.4986011412322411,0.0631386213634471,0.07537027543661395,0.015305590694182197,10.486012099528464,-0.23029748189969748,-0.49342281204900096,0.8718016409657814,0.08451719672633105,REST,slow,4.002124900076108
0.09968233456706349,10.89464951117628,-0.815973165104033,-1.5893393733101353,0.09290622964771812,0.22193151984789214,0.34358687023296824,9.557101774889578,0.5585931882984256,1.6733680253226622,1.5078062252768556,0.12537952539270375,REST,low_stability,9.70902948783282
4.3988952822780005,47.45925329077516,66.34029546883824,104.4127816035236,0.10598814349051165,0.1357145925854413,0.8559048499139046,9.76555922035165,3.9933308605213087,20.47774974497232,5.419389459129098,0.09846152007922501,KNEE_EXTENSION,normal,31.118946974191694
7.500152452448599,31.2991993291699,61.66335765743612,87.5937552482736,0.5724152491408423,0.25046595923103804,1.0827952273926138,9.031421403557319,9.707319580147008,40.05359213630099,2.0240626111559448,0.20562158028739377,KNEE_EXTENSION,high_force,51.909222700626586
5.9988916209058765,65.00259693852671,-83.41224736554314,-165.8839106091096,0.8946977437020177,0.8417662498215367,2.111017029461918,9.305775558484473,16.844343297129182,25.10588953153845,11.549753304281863,0.21214354356112694,SIT_TO_STAND,normal,67.54878109929378
1.9000363227375885,79.17329511519173,21.81466448072216,51.05662026308174,0.2575224010422266,0.3487312897238349,0.6153407863078095,8.387597598599363,17.415977183711775,45.49901868477807,4.152920389190886,0.2093777016272632,KNEE_EXTENSION,low_stability,38.599963632793944
7.802538083259069,66.19343466909389,2.082361087752113,126.24314528667466,0.35255774548570695,0.2060558737751142,1.15172065437797,9.092962572909379,9.322999498356475,24.05840839585464,3.517258003673437,0.3250666487168962,KNEE_EXTENSION,low_stability,27.878905951959908
6.498464595171535,29.413065429393626,75.8870752997159,71.39622080382975,0.1310497927584024,0.2613430651564851,0.6121182413324817,9.722049266118667,6.399038350511643,16.344806621111342,3.6741042373733923,0.23330763451920394,KNEE_EXTENSION,normal,21.08264624723096
6.902051592296292,68.28890957681287,-30.552480753293096,-148.6858312227955,0.49586625772523385,0.4638995057734346,1.3021212969896359,9.479741702141558,19.779786026053394,42.092340284876265,1.618857095597948,0.198711267431801,SIT_TO_STAND,normal,41.026514911386215
2.400556824155204,52.285592452738975,37.221689504399315,91.90150268593877,0.25404158860391823,0.10165289992406926,1.0446422737646697,8.680421075085219,7.551474714689305,25.371706776249066,2.169053724002756,0.15754493877331652,KNEE_EXTENSION,normal,12.800801178650401
0.498421119916117,86.75018819305674,-73.00927330545485,-71.74729065583476,0.5803619800679942,0.47377820513020047,1.1154712497582417,10.59104254238472,12.39276932983663,13.791771599384818,6.026525651783277,0.20441063230371065,KNEE_FLEXION,high_force,61.67183629063226
4.302980938340404,97.04481672029426,-71.25837440548742,-163.2289317258822,0.7783742376372138,1.0923692448418985,1.5303278639391704,7.979630623686593,16.544487320402915,51.148683481243786,11.746084396014934,0.2924121976987157,SIT_TO_STAND,high_force,56.10569158029424
1.5963787626400392,5.687786253365292,0.2338611636653204,0.5358873718335544,0.058915356018177656,0.15160793941705322,0.033568008514140706,9.472942476278195,0.21682998191240624,-0.2007388437854191,0.718180705912182,0.05104346637315067,REST,normal,8.401041436270106
8.001475649089809,45.81506564721046,72.11003433856854,31.052923437756803,0.29643139106033706,0.135498198100837,0.2691357822859756,8.386176284482106,8.100684483977437,14.372194868060996,2.6511613509845837,0.7858310933548741,KNEE_EXTENSION,high_fatigue,45.341899664857024
4.599758946611085,40.7030708866302,63.805799892916035,47.18142764170086,0.28894661428932017,2.1343226140473877,0.4932504729418262,9.568605423716665,27.127826908956216,10.545966849893414,3.7931563973315345,0.1088359889583851,WALKING,normal,27.840859786526774
5.797915113359879,33.24582000940298,28.996779344639666,38.71737989959518,0.35711137004247334,1.2869045809206137,0.41849822067072423,9.798085698409498,17.263743763721717,-0.18353766360588125,4.10678426130861,0.21613112147579625,WALKING,slow,19.70380034939108
0.4032832064745835,19.15114811684318,22.779235313848847,113.81885664739158,0.5302210953614086,0.40214382226667333,1.4118320665704638,9.212104450892141,10.807495569669522,23.29778819860902,5.437704188355855,0.19926720225263697,KNEE_EXTENSION,high_force,58.70095123729564
3.5024869829738248,26.71097167570677,49.27649388485608,85.8379146877036,0.5356607099045597,0.44865378492943975,0.9962706998859556,8.368302911953958,16.711909722390434,29.528442747527293,1.9468038602912847,0.11270439934981223,KNEE_EXTENSION,high_force,39.903525524252004
0.39663930884973964,54.43318915217563,55.87760038804626,73.89860147860088,0.38583864729296613,0.23263122452915577,1.3068199617365572,9.452594481761874,13.871475676561747,21.07881135707314,1.5441486988601922,0.12223965677958701,STAND_TO_SIT,normal,46.025108327299655
5.902315578197662,42.64800772188837,58.86141681811719,67.80832114030393,0.41013844191223103,1.7123790864046526,0.4964287739227288,9.018051673508866,34.47747906338523,14.223057160999444,3.4540612630017655,0.683111062819799,WALKING,high_fatigue,49.091978962317945
3.1014127092162296,40.88359952934396,-86.49987133342071,-88.49298285835532,0.16593800848576484,0.4280564880628313,0.614035572879019,9.554527447760643,11.755946819793655,18.51514799315434,9.14681846199582,0.21713874378333156,KNEE_FLEXION,low_stability,20.03428196470272
9.699313674598535,14.90429424795087,54.41024317903087,107.76222923410387,0.643999565811511,2.9200199950489316,0.7227340740514411,9.919147852788193,32.755081997770766,19.208669682992888,9.602853989875426,0.2179755280670382,WALKING,high_force,49.38981195467026
2.5010153235377772,5.941225789567176,1.1308872842171915,-0.6645973250857502,0.18144719879281523,-0.01916186639279667,0.18164477921623717,10.272209495640777,1.8076881310774238,-0.31397241523618846,-0.7037977872165138,0.0745763000543321,REST,high_force,8.585846295469112
7.400837251345652,53.81477695025687,-105.39075593100678,-141.4290379224279,0.25530008582466246,0.13985124901227552,0.901319603495111,8.39253802473416,14.26816016070384,19.496049369902966,1.4503145858280084,0.15668771425919947,KNEE_FLEXION,normal,15.893793663993183
9.901493899937435,71.23484960623831,79.23760254627354,180.9479367294598,0.8592717078897291,0.5541858034346889,1.6935925821601567,9.280918455573786,10.281831309221555,29.862999299497474,7.624362273503626,0.27908957123384553,STAND_TO_SIT,high_force,59.206124691119726
8.496881058847135,37.05297650617988,-61.98069272330212,-67.22499168120929,0.16995761612930688,0.12386613667632554,0.5045146696597568,9.47005293970575,4.556556008005445,8.97066087426746,3.0701731089456317,0.7524272155611083,KNEE_FLEXION,high_fatigue,26.358431871354
6.20161821671291,47.43048448349733,31.34497451063265,82.08783651334822,0.22657909783574817,0.22245928223033826,0.21366492538871748,9.180945406041372,11.747678308896528,16.465435896406234,1.907759598334282,0.6612308094125291,KNEE_EXTENSION,high_fatigue,32.01788341344352
7.701534196159894,57.53883213945849,-100.51322412620107,-124.77831772187683,0.4705629195318206,0.263876203124227,1.3824360997020084,8.139296263474563,6.361523322277856,26.122480481878924,4.6014179601808785,0.22309843389985862,KNEE_FLEXION,high_force,13.745699123484773
8.498079743641984,47.80019774530229,-68.11641443562112,-56.09758309999232,0.3989742284757219,0.1743373080322187,0.6520833887605484,10.061278800725749,10.140866674145716,13.366949202843236,2.4702514214599693,0.17924122610637885,KNEE_FLEXION,normal,32.55824429997306
9.301886344494074,48.415434971607546,58.58755366848337,107.68443435197986,0.5002033235680279,0.17443016616580317,0.40116529890666797,8.340655211585656,12.426471549547813,20.496584358392646,4.273210860979431,0.29224539263163074,STAND_TO_SIT,slow,26.449967585663245
4.500535358407281,64.28952269843924,-77.18382675097378,-103.27887585425195,0.6570879564779293,0.439921871448969,2.071997871195948,9.040589748355023,22.006201451566607,28.08810630343625,8.916898519069303,0.22028158274636142,SIT_TO_STAND,normal,59.47455458220129
6.899482416900825,5.035400471581713,1.283064659404793,-1.6484316890645505,0.0405541078661645,0.16591399861360553,-0.09406896843285396,9.430756284640623,1.5587802712127208,1.1765400429126476,-0.1734981929898492,0.6632844764424205,REST,high_fatigue,11.935809503666608
5.401760349716446,20.714201143980496,45.46129486418008,40.249003999845215,0.36354021513492213,1.6211627812084877,0.1783009427387946,8.410262495257568,20.91741139786503,13.537487647367719,3.064217146510249,0.6756567780736619,WALKING,high_fatigue,58.27341796423979
7.600379725653071,40.00126952386077,62.068016166376964,95.40142571369027,0.2659399399975308,0.17102516454227323,0.7712457734492337,10.965728603092716,-1.7626241289326847,11.224783080902405,1.294250988698786,0.5461833798062347,KNEE_EXTENSION,high_fatigue,36.821176754819916
3.900267026760783,22.32527171158164,35.82027768830709,32.1818015538536,0.27359785791018865,0.6380127437011521,0.518996238561615,8.848075096658935,11.978050435875724,10.148290635562821,0.9958068390407275,0.15450892873802224,WALKING,slow,4.299502370265419
7.7997949596564755,24.023922531092527,105.12731226319171,64.24879177391061,0.43664817189113203,0.2624099777934045,1.5051526995818307,9.483616827106198,25.43553879357397,31.040247248031292,5.97133716006605,0.186140227876917,KNEE_EXTENSION,high_force,40.15992690762266
1.7964713888672479,49.7722834467063,-102.92240125732584,-123.73556784282391,0.8442199525355865,0.8424623069832744,2.1318936109489197,8.313128162042599,18.16662195961411,32.70062522198888,6.07918250074194,0.24623045096048188,SIT_TO_STAND,high_force,82.4220093099993
5.800775140982269,94.48037505186606,-60.196564666034334,-80.36921182594995,0.472612150232972,0.3527660488222731,0.8003229194263796,9.157544446110391,13.630359308179205,11.639618609072546,1.6646854407265936,0.2627906538382082,SIT_TO_STAND,slow,40.78906839143663
1.5016583752408121,74.60549274903319,-67.24482203151491,-75.02505924775429,0.5898312389590445,0.7935362431397002,2.198842954135852,8.038285574789928,11.995345076160264,44.29657746515279,4.1485180177955385,0.8552482067825863,SIT_TO_STAND,high_fatigue,71.78055595642553
1.2987295312343863,24.110972939212513,84.78060699803007,105.79540774915392,0.5412865532380653,0.3525375339580952,0.5692406930485309,8.029503130853398,16.9769170845951,26.683462006105007,7.010595877023737,0.1695920632544679,KNEE_EXTENSION,high_force,50.351757360287706
2.702081864463786,22.254720719020554,102.95441619710601,121.73200975181679,0.43403415417584945,0.473387410263563,0.8906108960556627,10.25956109738399,21.598183489376378,34.23979762866325,3.5939938799171456,0.1973324593929616,STAND_TO_SIT,normal,38.75645770324162
2.103205718151141,25.80762679159612,23.744883568141436,63.19904311942179,0.15489193907598203,0.28871867268347046,0.42305171393174773,9.81183522229394,-0.31005091869761076,18.957227432578964,3.502908557732683,0.6126548908823181,KNEE_EXTENSION,high_fatigue,54.692426710474024
-0.000283267358673932,68.71320382415614,-116.65529086213266,-240.30795591215244,0.4921909546113956,1.26595275042823,1.9465224937858023,7.166924696953488,20.12984250947892,23.447943602770483,12.668642425457161,0.3166487028694282,SIT_TO_STAND,low_stability,46.01111935339179
6.601400167820357,15.661408704739012,65.2605038534237,53.51688641350387,0.3465460689953924,0.5054993882313468,0.8939484745999623,9.952133195644365,14.542384442471246,19.459605247894963,2.755830507150146,0.15645022894734745,KNEE_EXTENSION,low_stability,35.722444902606085
0.3002792976878607,88.69246892079892,67.5462580947448,91.57521856185025,0.3695707970202695,0.24246745808224848,0.5075715872744831,9.980994237395453,11.06733473245592,7.687718293768278,2.1006346881858655,0.19445358423762288,STAND_TO_SIT,slow,29.465013319967376
6.0014354512175005,8.143806275608997,-0.6306722871587656,0.1719021593402913,0.04315655309663334,-0.0346912118144891,-0.07346135828152643,9.879608094294099,0.5897529640182638,-0.025598532018896922,0.053741303845294165,0.07888109135909464,REST,slow,5.203641226206598
0.39732088911375324,57.48549576764141,82.02031664903038,136.49894101075768,0.9025470158816584,0.5377742430950105,1.27395171517525,9.047884756922857,28.806534227481563,29.00551928985252,-0.6433800891840109,0.1217099457498997,STAND_TO_SIT,high_force,43.27167907950926
5.600960858540066,28.731496410352364,11.914635370925776,10.345925976238822,0.27151464999581054,1.3477376612053236,0.6626369964404522,10.361365733877447,24.245902361648834,4.862940010140053,1.8036079398845097,0.5902732460028947,WALKING,high_fatigue,34.692088772087885
1.5024029075612912,84.6122344285692,37.51092009387056,32.958798541470884,0.18596085079666413,0.20950976413169559,0.5185028259607803,8.649972798946072,7.217227986763584,13.091321151572778,2.278959767930842,0.592125537627896,KNEE_EXTENSION,high_fatigue,53.627472120809855
7.701849587606729,7.952829950932131,81.61720587999748,65.93125914199794,0.33783320210903156,2.0634100221436094,0.7602963928848998,9.973426191870944,26.168837721286522,18.12412746924013,17.10128920543705,0.15178906623069743,WALKING,low_stability,48.65987835468244
1.897911743755015,64.01455224730842,71.0672086102712,129.62703684445597,0.550590152542724,0.24346119063803187,0.8094446271591387,8.769107747221053,10.850919557126602,23.282356169348077,5.172627040444378,0.5730144241250182,STAND_TO_SIT,high_fatigue,70.21312035684667
8.39744007958564,32.743731819926914,61.32370564679934,76.70991104295918,0.6568652982733092,0.5757890753302751,1.514833016740599,10.443579554728332,31.57931811863865,37.216870712539034,9.935424980864951,0.337743907407207,STAND_TO_SIT,low_stability,34.92895663701566
-3.120046586718162e-05,53.90837815911707,-62.51748440946217,-125.18988747872424,0.6748835208990928,0.04761995561770515,1.1264361416509432,8.325582510779673,14.398474847278619,15.672005970084728,3.0501327482526714,0.22726868986310897,KNEE_FLEXION,high_force,45.50782077430779
9.797685070735534,5.940541859779314,-0.004743421106888506,-1.7518043315902814,0.05607882151470631,-0.0022947571784172095,0.01198023359682207,9.351332417969672,1.420779866212397,0.23855434260691216,0.06404010388114902,0.06947327022688181,REST,normal,9.454756360201554
2.6994817408306777,29.83808275313524,114.8684455884435,80.95665317836583,0.19874257282083146,0.43959530298716953,0.9034430265588074,8.493188181402386,12.91754842134233,24.90566053414062,6.632509136295201,0.21320771301252292,KNEE_EXTENSION,low_stability,39.753269106585186
5.702708981712602,44.27619769231993,28.537645232080177,100.89382643409921,0.3488855968194916,0.36884009852146893,0.5467598988088032,9.995723735797116,5.49681230315327,22.15398026229385,4.37091259964921,0.09744131595151381,KNEE_EXTENSION,normal,33.74141929577813
5.297090744805929,3.7558788173598643,-1.423892959626778,-1.7639959433160675,0.091064425760386,0.06074168576257519,0.16940203334171433,9.786650984737296,0.5268923244044309,-0.5146313385482839,-0.3177219109106286,0.06202207888040028,REST,high_force,11.445485895741053
0.2976190324906233,4.5037479560049585,-0.3504773237699156,0.2441048057372571,0.05147544717346529,0.05960007608251294,-0.0490546573578389,10.81252467139798,-0.7748065586883911,0.5270736327110183,0.5522684863202416,0.09951979899631683,REST,slow,7.10370972105504
4.502054903369077,79.38375853528693,-68.04011690805247,-89.33552375457526,0.974638622358869,-0.056034501236456764,1.3239025588896265,8.665692959207071,3.7508743568409213,42.877793384628646,5.972424649747381,0.7614581370326576,SIT_TO_STAND,high_fatigue,90.88928332823397
4.297628559521176,69.2207430873614,-98.89592140451121,-166.07531257349106,0.7308688155436293,0.6917399643160386,1.4318421610277121,7.597613069153752,12.610673179618809,21.950380061355318,1.645047288218469,0.6870770720399052,SIT_TO_STAND,high_fatigue,69.81686744938571
4.799040631446776,57.566742172920605,71.73226111891758,81.83199244929354,0.4430514102738179,0.1383802315065459,0.8303244909490207,10.232759932371819,9.945328725544359,21.561889751006913,0.8944604722546273,0.21159130693748537,STAND_TO_SIT,slow,42.592226700070015
8.602948015460244,16.436780007812178,50.49738347839663,33.7626824368271,0.420259604952382,1.6286157661500842,0.6315248234908475,9.224550387428106,23.32002759316176,14.86124770947081,6.683430135730014,0.11923584436178293,WALKING,normal,30.887705629782218
2.697828043233377,35.16946585794174,29.225971969835815,58.75328441605337,0.3555867118442947,1.1927486569763681,0.19561823525891103,9.173267696155825,20.7895667711024,12.5050918632513,4.518549902915668,0.17341346018556664,WALKING,slow,18.106677870034886
9.598569531191282,86.73543304674268,47.86838000836042,52.59651189842791,0.44260726720425503,0.1701781346978382,0.8161907320325793,8.598953897416653,7.108890695282477,17.500522970900597,4.022643813545559,0.2352085066311079,STAND_TO_SIT,slow,34.66830325339213
0.09903006390936914,60.869314879574254,-47.29150597887141,-55.585696800780596,0.2666874969429529,0.09885050508128801,0.5058597620997188,10.105339475909028,10.659614011560532,5.420261458285959,0.7149275217848995,0.12542272424550407,KNEE_FLEXION,slow,26.659952192988268
9.900572558325951,43.27943102846661,-58.54465673706528,-43.10231964341167,0.27271595973656126,0.15440982271043227,0.5140895743465425,8.741578387765093,5.167809370178561,11.027920493233186,1.3105325890026969,0.24249289243125904,KNEE_FLEXION,slow,10.326582746731667
0.2971134732246534,10.34759855787353,-0.06736662596536092,0.6607839540697649,0.08515979058533966,0.10541138160553455,-0.001561713011075488,9.520824774457909,1.1214933336486559,-0.14777534103877238,-0.8603611955045601,0.35863876714919296,REST,high_fatigue,9.610619944280069
5.396279961676472,66.53534465679333,-42.37267847254983,-57.593347760810765,0.5088064558145802,0.36647894789090796,1.0488478663099792,8.760638761530176,18.578168210209245,19.94204972114593,0.8895066683393293,0.20567963274798773,SIT_TO_STAND,slow,58.41857936830118
5.500855828114182,40.92546981470483,-75.59732852664271,-52.56796815672962,0.4428724355518053,-0.07300007642217574,0.8232183771905315,9.261297626778497,12.06325601471483,38.43439293495823,5.835711397231077,0.2510360193572378,KNEE_FLEXION,high_force,52.36542601656766
8.19849062419378,37.49566730319417,47.927054318346045,58.471598967304104,0.3758500644367945,0.2282603203176565,1.0079027131112743,9.026856696286623,5.077180812054598,11.044097162282789,1.4849464277289435,0.20980133634160886,STAND_TO_SIT,slow,40.79003393502978
5.598831761269784,48.208211513458046,-34.77484952455267,-81.9277472555277,0.20904291429969804,0.199871549553548,0.8226417094151426,9.234940387691726,8.541211709644234,21.68656602468743,1.9977008458780416,0.07775726732551186,KNEE_FLEXION,normal,28.150276654140168
4.402522250220527,33.288569102950184,95.21246881615335,96.14256587401195,0.2927105573269899,0.35039463495259876,0.7199639519774204,9.043004153471799,4.74211416838286,17.394178976080916,3.8176438113206372,0.25535906645738227,KNEE_EXTENSION,low_stability,31.10042238350534
5.200540559134471,6.951634385335599,-0.38410900245568086,2.0807379651848517,0.10386164089979454,0.14350806048746945,0.03617714487581709,9.397528970287926,1.4249434408587713,-0.5922401444508506,0.37869167565661027,0.7848781907754043,REST,high_fatigue,5.114549814609255
0.09438400649003795,49.69792335392945,-74.4904014028724,-61.877023571944896,0.2349218731271767,0.5767978739822393,0.7106751701799802,9.092254027133208,19.658057324840186,21.69529597867035,6.362125032472014,0.19766022419699253,KNEE_FLEXION,low_stability,26.475633332385918
2.7009099737230855,70.6826645542596,-99.04128525371634,-219.46042717125903,1.0,0.941531406617478,1.3644852091163024,6.790211000506016,27.83356077166297,49.23522573253479,3.3412310821193936,0.23330422955751087,SIT_TO_STAND,low_stability,59.63560480642753
4.901412138681982,77.78089475746674,-94.70321992484891,-64.90581387516843,0.2975448404306562,0.15602500902797248,1.0085348665184297,8.765722189058499,5.209704565857747,13.31402790197843,3.8841675620182583,0.18125904637575577,KNEE_FLEXION,normal,20.25721299264051
8.001153301754963,-1.3094979430469607,29.141828190163377,100.91922201281461,0.11982626125711734,1.9659725062108904,0.7439599757259081,9.607591446408552,29.13872721505303,9.98643004670147,13.807647832812643,0.18980573537219003,WALKING,low_stability,38.5217830836777
1.7973881496451918,55.48125352199642,53.957401743902636,98.90423894532114,0.21244246845588222,0.13432696452404158,0.8641100227706627,9.36923605123544,12.503411881988535,18.121848951960057,3.860540919264388,0.7157926488176947,KNEE_EXTENSION,high_fatigue,46.7745582251502
2.2995680777969314,41.86679976266524,46.54277106216566,46.35242215088265,0.2934495734196636,1.1975584808342068,0.21058661174472926,9.428677405251634,19.724879177021425,7.358309651415577,3.3619635462598483,0.27311585666435795,WALKING,slow,27.114812257095956
9.298235600605068,73.55919741402009,-53.436646071529736,-69.02864313912559,0.36316651997943145,0.9080567591238424,0.7354052529316646,7.913045069601124,-0.884024002066917,21.046529577166687,5.818953097151302,0.2354613352770738,KNEE_FLEXION,low_stability,23.680623295299853
7.200740639828121,23.773532086473118,68.50287173905457,136.7885141945115,0.42444508917498414,0.552652635705093,1.426182261332223,8.944119878744367,6.330469855726269,42.43602836881165,1.9287559991076373,0.20997288802883812,KNEE_EXTENSION,high_force,55.43970364907052
8.699843895119605,38.75134146411353,103.23976912000533,136.69013934892615,0.7021140086012636,0.56517783226188,2.465906208014663,9.199742714670162,17.821967089756072,31.91206502836094,2.9146625809743454,0.2622594146296351,STAND_TO_SIT,high_force,67.11811506101627
6.197926012190683,7.07488619840694,0.30156278353678584,0.666996007089335,0.15522655075741815,0.04996556251217054,0.17940908733571087,9.97369646913935,1.8142932640322935,-0.5316594491626818,0.22526582030680775,0.044713126054686594,REST,high_force,6.212890173759782
3.4013826613419837,59.35006025428482,62.96611009791802,79.21753170458528,0.5073973338799739,0.09727984942327067,0.8138215695494917,8.70040355513729,8.080468485224664,6.542149067248214,1.008829692918707,0.167368577698618,STAND_TO_SIT,slow,39.16020237892738
3.799236575139425,69.73050857721076,-72.53146907005322,-124.13411318038195,0.6967499691333944,0.6044093149635527,1.8544376746719349,8.632504075336074,22.495051113793785,13.09364954631194,8.43851582822802,0.6568958243713978,SIT_TO_STAND,high_fatigue,65.66943526727712
9.801717904685384,68.83232735395735,-42.37199851688019,-78.54529904041685,0.3168262003779238,0.10439682655846189,0.6789538376245824,9.290551912939312,2.920277436257267,8.203011350105875,1.3270502065725922,0.2225122428348072,KNEE_FLEXION,slow,17.196091938999466
6.90109863416342,69.09178274903026,91.03028677807397,106.26506657538519,0.34556220081496264,0.21936587850384362,-0.05730706184160083,8.472482758003208,12.076911153350236,20.499400166082246,6.35278339708125,0.5805125964511101,STAND_TO_SIT,high_fatigue,51.31361366298259
2.0000564799638334,5.325979665824877,97.69259752548761,80.95768972520753,0.32737006607189434,0.11176760488395598,0.7791197812928812,8.591104512617811,11.7174549994525,20.7235766964378,2.642673862878114,0.1427880657662797,KNEE_EXTENSION,normal,29.645267035558383
0.19947536375465816,76.05310712252879,66.19709443934921,53.44223449626274,0.33139940305292026,0.11285274293447585,1.0395865335421504,9.252390848498088,33.10963711242505,46.088017423149786,15.695140623011877,0.2660060076826536,STAND_TO_SIT,low_stability,43.05533480903973
4.001716868911593,38.75029752220873,41.15160741525545,43.19410931403484,0.3256937012601376,0.6236770832610277,0.4207818636821599,9.059254681169094,20.20187873749673,11.427829228965823,3.0761440476472335,0.1999697025112571,WALKING,slow,10.37274150659108
8.50073904589887,13.16363983109422,-34.171825478493716,-137.60073892807026,0.23433340250396364,0.15967729759777569,0.8244403051944766,9.1618795560903,16.011068657053915,16.20038362188828,8.614440524657603,0.20248357901438854,KNEE_FLEXION,low_stability,37.63784056095372
9.79662672854481,44.21264050279021,25.20013424067278,83.19118837818998,0.2051455080970757,0.24356992111453826,0.7062764695952891,9.131768938085715,8.98674808293793,10.517227569817754,3.490803485752449,0.2202191953683408,KNEE_EXTENSION,normal,13.264855174696999
3.0028103236030947,24.839487631869847,84.07338405924122,117.10883140785471,0.35123428464083617,0.3241885138509507,1.021591142640289,8.83864788591835,17.358026446920128,27.33532585787055,5.810776539116095,0.18617917989510455,KNEE_EXTENSION,low_stability,41.50421799044878
5.901103217538633,91.052983225671,71.85416635747806,157.52322908352124,0.5844667090006155,0.2989272157364736,1.228675342912368,9.117904314400432,13.120955040038657,12.04318428613642,5.523803218410803,0.6760397614145275,STAND_TO_SIT,high_fatigue,47.25533055319541
8.80276981387529,7.219293246071353,0.3810552470677042,0.36795882429253873,0.04949080538837623,0.08653068252056212,0.050257031668204326,9.22169940932419,1.4351413595800946,-0.8764738996647188,-0.03750764844508503,0.5690769276049515,REST,high_fatigue,12.648051007952478
4.298137462719686,58.63609994434842,57.071320755158084,80.4259583853986,0.6283535166529768,0.8684001043743316,2.2184253403534955,8.425362412085647,33.631634159484534,12.048118202021564,3.1807666515956003,0.28550019696172496,STAND_TO_SIT,low_stability,44.85451276638778
3.3967299291744557,31.47519583795328,94.49020000424454,144.15936885637612,0.6840739994684651,0.6034151454970546,2.232067941776585,10.689643777803125,18.815445480593304,32.31724111000649,4.660194063981383,0.18224893260337177,STAND_TO_SIT,high_force,53.94460240860307
4.603210966765588,5.011439117692847,-0.19167650432632916,-0.15653185678388845,0.06963919987987927,0.05228098724936735,-0.02838402570335605,9.985575666625207,0.24131393552660133,0.4180135219599632,-0.4219758891897225,0.08513268762163059,REST,slow,4.157325450708601
3.3979888147434716,69.91290503352417,93.92027610067754,151.34319422260032,0.4934750370686763,0.38927054414354156,1.1931465055542085,8.242260674512112,18.75499641878084,3.7762291383639264,2.247645896107195,0.23567063480678654,STAND_TO_SIT,normal,42.66776504437643
8.601898445207526,57.69516982436294,32.96546128126448,55.06206670873443,0.64990462288473,0.3982960394313352,0.9776327475826833,7.7981468377037455,21.0541088146838,28.89237134893891,5.197116487109166,0.9562252565266598,STAND_TO_SIT,high_fatigue,68.68835947822866
6.900091335861264,70.09727133678638,-69.01085135381366,-64.91122180486227,0.9932545306652342,0.6636028793721711,1.0521303541977922,9.812909965005773,31.191208738340475,56.37584259273923,8.296495280288195,0.3700243330127538,SIT_TO_STAND,low_stability,63.874249945656445
4.99642030247509,65.70590824806536,-42.76318181539584,-39.91950076525548,0.28563618774549754,0.22584677855060709,0.7494923162476648,9.987982171914313,3.7675033419505044,14.649152556365108,3.075700449787464,0.46988756517039654,KNEE_FLEXION,high_fatigue,45.48698945804857
3.600250241128628,70.85930967702664,55.50155064757514,48.090277663306296,0.1497135762447655,0.22181239142774314,0.64447767068911,8.985987363010075,10.980455741010246,8.277403365735195,1.2432129447105662,0.6725596553787331,KNEE_EXTENSION,high_fatigue,38.66617767374569
5.900199291533724,36.69784780586154,32.9120335828947,53.515265888367274,0.2811109242841665,0.5033611843344092,0.6236502851925478,9.892887050186717,8.962374215753886,10.053991083256257,3.1872556613481904,0.19209625727435498,WALKING,slow,16.544653897820407
9.400265796726327,71.70770599073866,65.5801266149588,135.0456575662645,0.6512756867308255,0.7983021412185743,1.679110466239557,9.04785781119833,38.41439612821343,21.36544178387136,6.30949348342035,0.08045528532367105,STAND_TO_SIT,high_force,60.36910630183392
1.100983489379748,36.724652889806244,91.60067463069724,116.63312247440658,0.2149985559737099,0.1354984558830542,0.9746143578559415,8.5491491598123,10.279845343023528,13.5799283851273,2.4222343820673338,0.11820601129882645,KNEE_EXTENSION,normal,26.209197306763063
8.597952704476599,1.4720510142557208,0.052836244426734257,0.03523991927943549,0.029654633481467095,0.00043303366192757274,0.025584501817035726,9.460420623154876,-0.581290765819007,-0.4897270186903494,-0.6794253092349015,0.0795315408159837,REST,slow,6.465817114875069
4.699877602145897,105.79229550598123,-35.16701662060219,-60.82968985668281,0.5786407725010364,0.2637766409035174,1.1199349438829178,9.063425988328893,14.860985150254233,20.476117530587423,3.372641559276399,0.2683276637783321,SIT_TO_STAND,slow,51.28417360729683
0.7971911556685453,27.38591496838695,51.684231840677604,51.395751883904744,0.26958972769693157,0.6929665940625677,0.5364006758075398,10.18552399058709,17.26933948691223,7.342268113235965,2.122344975246887,0.20936821205256329,WALKING,slow,15.60864226432312
9.10191561268477,74.42404084303126,-40.71851740043504,-84.48409005933766,0.20782945602275,0.03510014014084559,0.6546198839014136,9.522541783910103,2.0353391678678254,7.622171887797998,2.6597588290990872,0.18971981566263632,KNEE_FLEXION,slow,19.519090736096338
3.0005893454055004,13.855162157645136,91.43594601727152,46.706976526040116,0.7143836899570667,0.33874868036440065,0.5224374041947903,9.0180043862728,10.868415769510696,10.748220774341595,2.993478600867585,0.6412709173670451,STAND_TO_SIT,high_fatigue,52.2974622183025
9.698857728171282,4.591014817518743,-1.0985668139724525,0.15461565100542674,0.05084841330421032,-0.012769062435492706,0.0038947053842112492,9.593229401302692,-0.32893814943581323,-0.10426828681892264,-0.030452834428323576,0.07479542738873758,REST,slow,7.158631312864241
2.7003059044146025,87.1860146143851,-34.49572601330272,-70.4718090097183,0.5390933595054296,0.5352801878095226,1.02502425206332,10.15506801440906,14.488745085298376,23.282378527057723,5.859896464071766,0.33359484995332617,KNEE_FLEXION,low_stability,35.96580297658079
9.302373782689198,2.697026843112677,-0.09767539693445339,-0.8357529550265445,0.12549589377754958,0.09989444746924697,0.12829063324087,10.532147249686973,0.6197190330018568,-0.2724903203840232,0.19751733097291166,0.07874518160872153,REST,high_force,11.37479850711393
6.5959080263891865,27.471692687717283,76.37515675317707,102.80454966245146,0.4944270048200347,2.1443663843914718,0.5907768297031184,9.29791140306108,41.681401426056276,13.917183885817476,6.865705290376685,0.2699006712360906,WALKING,high_force,53.43421538260239
-0.003140798142721371,5.883664605051758,-0.10980078686439529,-0.8515582068685552,0.0096493189879113,0.09673478202656759,-0.02653310315137087,10.1416233009435,0.3162309228028541,0.08968805367459691,-0.45353753493746846,0.4855596187950108,REST,high_fatigue,14.648828556881204
2.199375463610787,7.054437462346708,0.7769787017067455,-0.1072960754414211,0.06264826781751705,-0.0869080858482946,0.033776875104278146,11.3399882447551,0.1987255518777011,0.3431357069480312,-0.8307560886100426,0.08331030924033525,REST,slow,7.1286243724943645
0.20140207205374422,4.799757840309339,-1.8101538115160298,-0.01980215131402048,0.15185955908454488,0.0640489748251522,0.15224022363283782,10.965252139137203,1.52912134811388,-0.66208816456023,-0.5454538868242952,0.06265678264703217,REST,high_force,9.796502517968207
3.5000186838183196,40.71273113129679,55.19676219840537,22.595050202758117,0.6612267157620269,1.091157300335353,0.881658362724385,10.68619393791054,42.51450171465271,10.285684538410942,12.220169395671531,0.18914693761448764,WALKING,low_stability,47.45825294017254
9.400950185560232,85.68425837846726,-65.73260288838837,-109.22325412255405,0.539813408692631,0.21860782684272317,0.8421597902443184,9.382293630536758,7.473661039765157,19.502014013899707,-0.6085353198883301,0.1960236800327573,KNEE_FLEXION,high_force,45.08694878107206
3.8983916523795874,56.2447945953177,-102.03056087458623,-131.29222623411297,0.501394623930237,0.7073904530342892,1.0411290465785534,8.135824121215627,10.984333295494647,44.43692175369039,5.250263804624514,0.7831124969142507,SIT_TO_STAND,high_fatigue,98.29568539441104
3.29841674248358,57.09659996179025,108.22337293746939,90.22838841205498,0.7907451507044486,0.7441499018881695,2.294456184813699,8.541310515120863,12.685280261804612,29.924727982273996,5.597271176352612,0.25584029530289615,STAND_TO_SIT,high_force,64.09338771357803
9.499668915919985,63.96332903540439,45.40820218480257,97.10346771601515,0.3971296795605647,0.21329309160804966,0.618187581047037,10.021120691750086,12.966518419724363,19.848774760381723,2.7138405603005538,0.23846501584025126,STAND_TO_SIT,slow,30.868706181836238
2.801179978033559,50.42372952717662,55.43083838338057,63.56745437925484,0.26812363475506595,0.10200890509396801,0.34257110081281317,10.08093684880139,8.613311318003381,8.550526138605232,2.3042589992538414,0.49320560474247144,KNEE_EXTENSION,high_fatigue,34.3885339444484
0.6994931806555912,65.55188615943239,99.00328108694697,76.06930408596642,0.9722528576909026,0.7451020217244239,1.8139141012039348,6.727730054389178,2.83029592006463,30.725585059295728,6.070545279481559,0.2674906050261569,STAND_TO_SIT,high_force,64.89400615114796
1.3019981694970562,29.719926390686474,54.06963514521507,51.07306054344242,0.2828353902707894,0.01852326552636794,0.8720636983850403,9.012158211254441,13.945866849719268,18.948214093039304,3.6878844260002297,0.6443506324363939,KNEE_EXTENSION,high_fatigue,55.76988217226011
5.302049293481425,87.22293766373383,-68.92268357190382,-60.675907512529115,0.5658892122313222,0.3512847383084696,0.8265891908147436,9.465010097158835,2.9758736417079104,11.576122439450952,3.6445766385103964,0.30104786773463976,SIT_TO_STAND,slow,50.59669737299708
6.102314270302865,74.20601926426968,48.13962913125824,77.91315919631666,0.37399550233197804,0.041664833323340006,0.8261569927854638,9.20750139853256,7.91081327856749,17.381791763189916,3.3375528273718165,0.25801891203683514,STAND_TO_SIT,slow,25.485353968212703
3.2013309708591504,52.74564328831,-68.20523524545402,-25.88645264775717,0.24285245692458282,0.38752836765597803,0.8370549217360723,9.517929461431859,9.659033133464478,20.763784943228668,2.4269283115646565,0.49195913861376894,KNEE_FLEXION,high_fatigue,47.36325342101441
5.899773599184772,47.09420352603676,51.41787292056176,128.34086508990134,0.7700235178834154,0.500914571407474,2.855001807811561,7.675954217961106,25.98193961267495,30.975615335787598,-0.917974940208194,0.267832539455917,STAND_TO_SIT,high_force,49.054825390181165
5.40527473508214,24.6226794648074,40.090677823755584,68.12453139036438,0.3209061730578543,1.4687853335267673,1.114024147228237,10.130891092626625,18.508621834454072,11.109490521417673,8.971089131923334,0.08289935215123084,WALKING,low_stability,34.66020428395321
8.904515287113197,58.18936378847357,98.82751506165845,154.05132095632663,0.5780634984424409,0.4597987856242231,1.1546556005596995,9.043412557009953,15.53608245698749,26.683298160422055,5.8247473281945785,0.09655331108119435,STAND_TO_SIT,normal,32.898703071178545
6.698867763244288,69.60316717513774,-72.49661099516437,-102.32414014834136,0.45377966773610423,0.22071968667890496,1.2081030998106728,7.007632671248576,14.341916849538496,34.03457510181064,1.1622158106681264,0.20293039196425494,KNEE_FLEXION,high_force,48.399774501089205
4.097260634395127,29.498450818065322,43.163933204797594,22.10372836375002,0.3082184894915827,1.1935881864500437,0.2163014699750439,9.790458448267152,15.26511452753217,7.315218072159731,1.9998262006384864,0.20103479921231807,WALKING,slow,13.83019032375962
0.09902761173860192,2.409409353202521,1.2990560863058276,1.405535151667165,0.022270643024416094,0.10742713868185928,0.04486028523746489,10.16123018187791,0.8435381906996726,-0.5488892854414491,0.050808828731951555,0.035414261272526774,REST,normal,6.842297531337871
6.002125675615718,52.886142181487216,-32.848531721579214,-21.99597043858811,0.13885021783707538,0.1247555856217231,0.27858048667142743,10.020184412992807,5.280366296746415,7.560242302661801,1.8513296439399776,0.2651784408987406,KNEE_FLEXION,slow,24.837053050841956
9.799111138050632,22.278545850990394,29.888989414048666,35.805423960872794,0.3308498824432225,0.7548962489891387,0.15796297238597015,9.381496670094483,20.312899947389187,9.026395470839137,2.225437511591926,0.14918408549356235,WALKING,slow,14.0620841214296
3.5989558964773094,45.946097371024756,9.970313557220813,66.85501810067979,0.3763008530056239,0.263950450407715,0.5624854532808768,9.13184876228093,19.649407406799007,22.36172177162075,1.780881150502071,0.24916160061138706,STAND_TO_SIT,slow,23.683815392385263
9.10076108955868,83.5358646325329,-95.55096698561715,-244.9659508257163,0.8007756187722748,0.7898567624193412,2.281241887809191,9.56762289397325,43.067408279901485,36.32772805190201,9.166740408601434,0.3956379644583692,SIT_TO_STAND,high_force,66.66228543840677
5.59728685310411,15.798705617184394,74.54120632166102,64.40328370695724,0.22143668876722683,0.3111830054565478,1.3158320151714518,8.526520007520894,10.63589692671472,29.83856968723145,5.735111861658636,0.24844363266100195,KNEE_EXTENSION,low_stability,37.23208929558425
8.900772908629047,90.65736812949498,-45.62756922640073,-50.50964858999257,0.2852904895676576,0.3386632963288322,0.8409992796342168,8.734879676132751,10.163520174339244,19.88992389436909,2.704038791055284,0.7899943357828141,KNEE_FLEXION,high_fatigue,30.664020471844843
1.9974046634317275,38.26768312935291,46.51448427523107,69.27169091332206,0.48403192117547716,0.2761545753826886,1.17760365364093,7.918942429434893,11.383647203685856,24.16512558799519,6.079718881521149,0.23175730780517145,STAND_TO_SIT,normal,46.053106260329685
5.299931961553361,73.07012433244083,101.69424477834346,105.5506850328763,0.5992801801889085,0.8782044134580216,0.6153726635116811,8.995710403481867,13.216724785393332,24.88290017865407,4.098283411995918,0.20095558836974975,STAND_TO_SIT,low_stability,49.469800262744876
3.5990669420506163,93.09073325907539,-58.90891442794936,-67.11556909048905,0.5192994293103852,0.14830000997409087,0.9228251429601021,9.086740883149009,12.61709695227373,24.593140011090348,-1.1821754078542006,0.31780171523923634,SIT_TO_STAND,slow,44.37355773754906
9.799850715397179,39.73554075109608,37.228788435949475,61.30098017818041,0.1144199584591824,0.7604756651904334,1.178967471181609,9.44816067202,7.116487700098848,22.979783074427072,6.550763881203334,0.2037498312305637,KNEE_EXTENSION,low_stability,39.71617526475745
3.0998692210213794,73.58619646487233,37.563483224409524,53.4550480730351,0.5461133715575556,0.16064588715870798,0.6364422300623066,10.040598914230245,12.332570389188996,0.735702780064416,1.958701700769427,0.1574113953288178,STAND_TO_SIT,slow,45.4946878594719
9.800125425386337,67.85379566177458,76.57124502580432,62.972511739058056,0.5832235036462068,0.47031508272575906,0.8312125601221059,8.692896472029663,14.984014082061506,21.576190897452133,2.1666574249370436,0.6837258591318073,STAND_TO_SIT,high_fatigue,67.63712911266931
6.30255432667471,35.1632796261536,41.786969050081275,34.09648958863279,0.3238012775531809,0.890483280753459,0.24139180655923625,10.166286776374609,16.259173894459057,3.1905385684978573,3.7322708249016388,0.197181944939054,WALKING,slow,14.8825471824432
8.298885163172034,17.183130226935628,20.27327721424301,59.22529682421525,0.332009076382844,0.40504684645876604,0.3722147242998811,9.862705035112599,23.613798206629163,7.5363535376571145,2.1473375385279536,0.24239608770414217,WALKING,slow,26.748908157835046
5.700064506832467,91.6917422122672,-132.25801721605788,-135.33218865603106,0.9918743737365128,0.498834565265963,1.0676848323663548,7.846697773682772,28.19423902009391,50.28337820397348,4.4874017807902495,0.24603696729612098,SIT_TO_STAND,high_force,62.5478303782438
1.697776968690051,3.9861468703409297,1.8350616527500039,-1.2998953716494035,0.05886877652058454,0.22430792484642498,0.13778188930261465,8.964205060586753,4.325043331202888,3.127579433916675,0.3232882171160704,0.10353508226552895,REST,low_stability,9.447609413011628
4.8003182231131065,24.64788450419397,39.08681888543493,12.641006515025513,0.11545640881333247,0.81518454936734,0.40662607773755954,10.28487826792966,19.77586066992326,8.638637992627377,4.676197988132139,0.18210609443778958,WALKING,slow,16.673037534226125
3.4000392480986865,67.97918727483172,-108.96335473605114,-104.97895777939408,0.6478542276341319,0.4942353326715704,1.1988368431958087,7.445553636447347,28.054990845686092,37.22247902726097,8.648626967599084,0.6585971678497331,SIT_TO_STAND,high_fatigue,83.49398381953718
7.899777061204858,85.50164645821641,-59.576558657093194,-47.20657184813373,0.7507994842407153,0.33128715183595897,1.2053753378844123,8.87529332912084,30.0083903039922,15.482215534055443,3.2784111926990103,0.7574889281501543,SIT_TO_STAND,high_fatigue,77.535786373498
0.9008037245314346,45.65574180182186,60.8246412418601,124.64759622663686,0.5624030635450847,1.9683016069349015,0.8427768647609878,9.919568839611207,46.42744527913528,14.742714680796247,7.338347154679131,0.20820104813265805,WALKING,high_force,48.46650866838882
8.201528186632038,105.03668144123503,-110.97547541507613,-86.1233210800832,0.8772430778841978,0.6734851276128554,1.4586341943642243,7.365395464550813,36.19607992326196,35.85225644002505,4.370523098636956,0.31891081004253197,SIT_TO_STAND,high_force,61.634340599777026
6.803781733297401,62.00240991480413,116.05632005055035,132.44322214350407,0.5725614968536499,0.522865935064731,2.740627356738632,7.565756959772855,27.437222281423423,30.21321632861733,4.366929850656949,0.23264542489863083,STAND_TO_SIT,high_force,64.96761777772127
7.196739663581836,25.28219159837733,51.37116761672174,71.8176437095797,0.22555523812228265,1.6689750894691948,0.5936953172423279,8.040405718399514,39.31942263150463,5.25186452380991,1.8395269425778586,0.48013525221457487,WALKING,high_fatigue,45.58179093503497
7.499227247727813,10.90294198465963,45.62694439775121,32.62120940162546,0.2406255876869614,0.04629636218004377,0.2610230237995688,9.746147244146735,8.15906651417242,7.750960182419449,1.9234401169735043,0.1704943293641895,KNEE_EXTENSION,slow,13.782738244057565
7.99752248109743,29.03950597923241,36.148033947261155,71.75900674814379,0.16494453942525078,0.07353662368775563,0.3030358936494623,9.76397972927745,3.1460698035077734,10.637712196894144,2.6295115870936523,0.1720512608068083,KNEE_EXTENSION,slow,15.657879650089257
0.5999174436266165,84.86184741829769,-75.04119790692337,-209.91291389469347,0.7703035559507647,0.923779601611265,1.585680809161561,6.391475177262462,26.359421092243544,41.782013357745804,6.910728489304014,0.31841521970392084,SIT_TO_STAND,low_stability,59.63385682763011
-0.0010259212769265576,67.97678924935576,-39.24011412652465,-143.4976783900516,0.5273356663121116,0.5576188160934836,1.1280248071271266,8.314426552270717,27.16001781459981,28.99786906288852,5.373451157751436,0.8249123715557884,SIT_TO_STAND,high_fatigue,69.55481119981225
0.8012457734393286,81.78349957785503,-99.76188998031338,-123.06746465202887,0.5379631915802903,0.23156265165541942,1.2312020838431788,8.668166392070003,18.43729253637031,26.955632559018845,2.2149920929004034,0.7445525827280961,SIT_TO_STAND,high_fatigue,72.61926410081163
3.703193007400655,9.565061879360211,-50.22017452681516,-58.751971475469816,0.5268041269134626,0.25173292656218166,0.9896577496729526,9.514749766553093,5.329501724287556,22.900279042280395,4.678351114002643,0.14386033550625893,KNEE_FLEXION,high_force,52.16680901258045
9.601501516926053,85.61788328890081,-77.2094187795722,-105.26234999803809,0.8158447733946986,0.4167833944592485,2.218843254022212,9.572500154442892,14.520618936160563,41.96065452422525,6.091317579801084,0.7686657844518643,SIT_TO_STAND,high_fatigue,76.24257713773359
3.803065534921974,32.49758584162786,-58.697402745743375,-41.1934156341687,0.48769690311930525,0.3816970894016355,0.7290533005081734,8.609342314787677,14.91214485914916,37.17079264585553,4.519333768779571,0.13273939394970624,KNEE_FLEXION,normal,32.47864373956597
2.898588310497066,81.44147253566697,64.86356310865155,120.68764046816676,0.4657233952012385,0.3917960728177954,0.8428282884741998,8.016899948656057,16.455260959115396,13.02756387035332,1.5882888449104104,0.10511465794449,STAND_TO_SIT,normal,52.71975458162251
6.303042146018577,43.03486753744168,41.01514702877955,64.31583760937454,0.5958756214095932,0.43554890706729377,-0.2278775091106249,8.36530588065625,10.859443686542223,11.09367410168035,3.257798772372505,0.14140427535154163,STAND_TO_SIT,slow,38.583988362026695
5.39832050479615,82.30322417969619,-113.86566968190598,-165.52437003780236,0.9560281606430294,0.7002373315703673,1.6657984398198262,6.769599065042444,24.65867446188195,40.7789490531571,-0.3027044282449797,0.21429527479333038,SIT_TO_STAND,low_stability,53.80825459475182
2.4021969733573147,38.2169281158838,42.01100752413026,102.1221956916832,0.25954754193107565,0.26330857179441947,0.6011533534489942,9.442204049146493,1.9698730182831392,1.562208799625973,3.4162910345953765,0.6190283015118537,KNEE_EXTENSION,high_fatigue,44.426194917447766
4.397152774533243,6.168458954643988,45.2348509145684,52.069627341213234,0.3377263957223565,0.23327578163207174,0.4196408053700929,8.798368038570391,11.87841470422072,18.661230089436685,2.387556036865623,0.6294082652832445,KNEE_EXTENSION,high_fatigue,40.794207972393046
4.29886546336696,84.5618477332065,13.703984890563808,68.65176758273977,0.4172639362022562,0.26247241710512326,0.4172279183246375,8.521127636565636,4.892892483520458,22.39542484683428,1.5861147385897063,0.16593323574956603,STAND_TO_SIT,slow,19.632158424588397
5.103218819335574,70.9486233841113,-70.40283408700087,-110.31245253506206,0.7984543417921008,0.17222576518391208,1.0927828530367234,6.155124397156893,16.78845515597333,44.23855953194117,7.9527869651610175,0.17970520798672515,SIT_TO_STAND,normal,52.185182653256064
9.500121875139742,41.70950914151389,58.15162359031558,37.91582313987477,0.7333324882158193,1.9377163081525155,1.2537839548813945,9.442647503053127,44.70460983383287,11.023400763601211,6.05287712571358,0.31090779593308776,WALKING,high_force,35.42035777476329
9.29497357366583,25.587492719928928,19.388297313600965,73.3391778023856,0.24328702963695578,0.13612872067754173,0.3022166493064574,9.862280994604758,6.8459665978606985,10.640299505872912,0.19440424953131713,0.16855325584452382,KNEE_EXTENSION,slow,23.20939723179969
9.70210357614902,77.35874863535194,29.710140794804545,157.0810955704071,0.7037209926025032,0.3184709817775956,1.3021385012779183,8.132051769345678,23.37334856073166,28.861771273980473,3.058885565889299,0.14781940895795664,STAND_TO_SIT,normal,54.41871811711028
0.39914398197921486,54.582787906103256,23.1920717598097,21.82441446688553,0.12391121139556029,-0.005801328862380193,0.20927949638210094,9.74447315849368,7.691684982460464,15.585224707874188,2.82732800952238,0.15702007038879387,KNEE_EXTENSION,slow,19.32775276321831
2.9001003535670193,43.999446529585406,75.31012182450286,107.22792137327383,0.5468932097038053,0.23775274093475623,1.6011576920253767,7.563027287214483,12.98301477406873,23.617117146638,5.315780260693581,0.09042218250992619,KNEE_EXTENSION,high_force,41.71670061529863
2.4986077307658463,33.511299530783134,36.27898326192648,34.41492317531638,0.18365525459707152,-0.033623299769250985,0.4294674608387135,10.080563918975965,4.072735165756244,8.985453801441068,0.3563154334453436,0.18219356132365044,KNEE_EXTENSION,slow,8.803136077901522
1.900927169447472,120.3366650965774,77.02706880194559,106.94532756292425,0.7399717305176794,0.3982391538515354,2.0902574700797096,8.740261488081293,37.90614420569756,12.761641428688286,-1.2169855614209593,0.31463732377753034,STAND_TO_SIT,low_stability,58.13178267448376
2.2011240268945937,72.12416756049626,102.21840373753112,107.36863575620286,0.671408718417558,0.4581183512139287,1.8530030023612387,6.880636553815924,11.338480551442917,36.86026017243354,9.767207438732951,0.23192885968706306,STAND_TO_SIT,high_force,67.02717069282347
8.298869104345131,77.2334542718145,-47.69381924435882,-39.00078823630929,0.5044243065001784,0.3342250843070968,1.4119539820261502,9.254476671619631,9.073658489325053,30.194196549976613,4.990073903519326,0.31736933761081365,SIT_TO_STAND,slow,36.90161696417563
7.200177933102577,39.524242546494854,47.62240763553863,85.74821667485735,0.33686044391519687,0.1755705009530394,1.1929472228420113,9.567583762474946,14.428736331680806,18.641703188121614,1.9566960123319226,0.15901923834087975,KNEE_EXTENSION,normal,22.887083918831372
5.900874752286301,79.52063676297786,-102.55943062799102,-211.5118754139866,0.6977004102710335,0.3587478625951588,1.3958272599079908,7.7830101982926045,13.604770542743193,34.52168247473692,4.907845102312044,0.15007699882654907,SIT_TO_STAND,normal,48.005443344072035
3.996867626458159,51.03734518653281,66.53480721756904,126.21255251254186,0.38684711738340266,1.7747196415752995,0.3753494729002733,10.500987466202728,25.440910262556528,6.730483410946534,2.0334040055554237,0.1706428258998778,WALKING,normal,22.896582049155107
7.802540590174253,80.72717572459706,58.45609082333999,28.469437931581286,0.3163717161109815,0.27116892636448453,0.8690760151631818,8.14317493199221,4.1301254202263324,10.218809485578216,1.5997636986766284,0.2091238580736563,STAND_TO_SIT,slow,30.771213108998857
9.600088428878541,39.00918111817271,55.54033939492172,121.12378319173823,0.4551198026203362,0.4859798541631795,1.2489605531639312,8.838098254326828,9.946374741585375,16.054498339724248,2.172115141554165,0.059982894417561286,KNEE_EXTENSION,high_force,34.99062933914175
5.496877349269224,52.85083253262784,40.937089527448414,106.81506295612627,0.26942812463208626,0.031974080285365435,0.4402705051022625,9.462109426642362,8.357039381011925,12.870695825514595,1.8189908974726499,0.8024157645097681,KNEE_EXTENSION,high_fatigue,32.02603482592461
3.2018203975096746,25.223366972940358,57.01447035946686,76.28936563106492,0.31195613166016567,0.15940449589284422,0.7098612923609695,8.244384367772708,12.166584417389945,21.619056002465694,4.217291381548214,0.10034868932632604,KNEE_EXTENSION,normal,21.021521654150938
5.699657943888637,26.170192678282966,77.45494293905999,211.13368996122327,1.0,0.5526678031309884,1.5929357061819631,6.965518209003906,24.97248033468208,30.073812224689814,6.90767163004065,0.2915589895882908,STAND_TO_SIT,high_force,58.17572946619217
2.300732710910101,39.954376624756094,110.45819253348515,115.31004549866755,0.597046131825535,0.12919923901955235,0.5027507417990464,8.774388901346265,24.314376693257582,24.185147429481603,6.935541872756809,0.5794397063702399,STAND_TO_SIT,high_fatigue,65.10425859778319
9.501690966216964,2.561992740591335,-0.8953138351627664,0.17792285380697412,0.053832422022270274,0.14518539645633327,-0.021313139440307643,9.811664620713781,0.9786434803567486,0.5170475813631196,0.1788138057498233,0.074525859112979,REST,normal,10.881453802349082
1.9991753180805636,82.93886567554979,-66.01107449319008,-137.45090836733957,0.9454551957569567,0.34332329062375755,1.3128850410221642,8.077849363492037,21.934741468111437,42.27757162210397,9.730559555329872,0.023479544955172876,SIT_TO_STAND,normal,60.72169767254166
6.299988559639657,20.285293613256723,86.4646741308258,53.41158877454042,0.4756086981320251,1.371829941547366,0.4930521286114651,9.349090883004326,28.565118956269465,12.632348858740809,10.726669654887797,0.1533705134757629,WALKING,normal,37.35310400965317
9.000590634227201,3.867077323524181,108.75618756566408,46.705643718988135,0.4171005997621106,0.3134146793021082,1.1379909087366504,10.223694001386372,21.711922612763612,28.23894407078699,6.508944558504311,0.20915386843874384,KNEE_EXTENSION,high_force,44.34056976535308
6.298618665100838,35.70759753599727,62.47322338259808,40.71237117748312,0.29716913333377415,1.3264180206909284,1.5471254284157243,9.562003392785774,53.55168808300956,8.17825196464784,12.358612506902592,0.25378108088083295,WALKING,low_stability,34.25550502606803
8.399603138276152,86.0687135002512,-79.40775234050906,-83.13175371374417,0.589589830885389,0.5685905157492595,1.5007279717845612,6.816170286480438,21.463759502518013,37.55788395397467,2.180917507409046,0.6342875225893398,SIT_TO_STAND,high_fatigue,68.37087073752653
8.101343232669933,104.22574870806807,99.41331481825723,4.336076556658554,0.7460422657384893,0.9922498418501728,1.9197517595369373,6.691961334771131,24.3080801109721,35.70391005532553,9.063149565496529,0.2018177213471174,STAND_TO_SIT,low_stability,48.497188704742435
3.798576460698091,92.0263405072325,-52.97638393078713,-157.71968440526751,0.6963921403659676,0.3509295623476291,1.761055933912988,8.838858107893266,23.818569798810337,10.81778972178519,-1.5393910067789414,0.19198976300624904,SIT_TO_STAND,normal,57.69738684028085
0.5980768692177564,1.8387074693523975,0.4193592279689471,1.9744143524836877,0.1841102205716004,0.009147790970050293,0.14228915729899838,9.281647248112005,1.0593698467634005,-0.7927662067196095,-0.25562771061256784,0.04567655553356069,REST,high_force,11.038441115586119
9.201123277744284,4.7592746400638175,2.6505556373413808,3.058825997061567,0.06447916449484599,0.1859388261424737,0.08312637671038539,9.029816401098975,1.22859572238457,1.9381748558000362,0.7419462632825727,0.1797042847441,REST,low_stability,8.073846296768746
4.201300400500355,48.271443923118944,108.3452227009418,104.44708756283087,0.37725674694630157,0.1418349827735717,0.055174273516939584,8.747133580856074,12.193206579041744,21.38077602502405,2.8491803859361187,0.2735266457307802,KNEE_EXTENSION,low_stability,33.4823453052121
7.000509299794707,20.170807004874025,64.38068497744737,127.98945508433708,0.4915961797690483,2.459312535407606,-0.41301837910770706,9.214275667067282,25.317671784853136,3.354086187203594,9.64087179910637,0.1914818939421607,WALKING,low_stability,38.068049351041495
9.697413832783969,1.7393807682484865,0.9386812747061708,0.744268255231114,0.06454831168744894,0.43142895379868296,0.23260242309432222,10.007188714335333,4.540133585315773,1.200318425911724,1.4794149995678185,0.06039596050067503,REST,low_stability,4.396199279198602
1.4010557554670673,60.032084235636354,51.09914929342092,114.35426566477301,0.3562420966233713,0.3824419767342544,1.3564603146782548,8.30483560272193,9.188333374319447,25.418560040240674,3.121617597008249,0.2164446746944607,KNEE_EXTENSION,low_stability,40.35540615315775
8.199271657390433,38.94514370216135,70.80199491435258,42.595717993350775,0.3001291224612276,0.41885474183740995,0.4020509272600172,9.382654676820861,9.321104175241858,26.83415594749551,8.552675811311339,0.19778783857899299,KNEE_EXTENSION,low_stability,25.299046759797946
2.8030558042737566,78.30490153752758,-96.87365964186479,-180.61613087786517,0.7972987466144572,0.4033920557034142,1.5293503455015127,8.416468369630175,13.347132189283473,47.57847622441733,5.3373841509857565,0.15927038415666908,SIT_TO_STAND,normal,56.60801145854099
8.995240221421366,39.44946190741749,47.266024510669276,58.57372519440547,0.2662214333938113,0.009602503324822974,0.26028258551668004,8.94573522323958,4.234714480903399,9.56463566162668,1.4648267896218494,0.19216315363225403,KNEE_EXTENSION,slow,12.467732397332824
8.499763245574394,43.35127064146946,-42.804789545929346,-104.51061196027118,0.9394078615546796,0.39398270198277907,1.8605875570913284,8.714426428856127,19.49068175538624,30.004540019026273,5.677937243509235,0.6563997750728363,SIT_TO_STAND,high_fatigue,90.3830577619775
6.000126506305511,38.60740666654019,18.558152998054997,71.7832821442046,0.1996901854452165,0.07901583966422358,0.21032640819342327,9.322059403248042,8.365286471780712,13.00552690440059,0.1672225565395214,0.15404358357121947,KNEE_EXTENSION,slow,26.292848694111072
5.99992145676308,38.06598324074189,55.61560298507162,63.929318000231454,0.33371407451211543,1.7231182651259276,0.7284966026753268,10.276311705382717,25.185330742338618,6.3093390676014565,8.821396974296873,0.6771518374502996,WALKING,high_fatigue,43.402508390908615
7.000440458324727,49.81076260196325,33.86133828321313,109.60038264418755,0.36887816964447134,0.5561016239923147,0.482010826775828,8.940920663832795,25.341774181326684,16.431021291412858,3.8530813825465646,0.12016010955489756,STAND_TO_SIT,normal,50.453284186776585
7.298744358930207,22.429786427723908,50.13661782455846,98.0782227747062,0.525687486096164,0.432413727997488,0.8606732758230052,10.398287113683317,14.178798151768396,9.436293051765213,6.845761468020782,0.22093907080298586,KNEE_EXTENSION,high_force,45.54309652105067
9.49990595992522,67.84840632206331,51.07299843772943,100.84918245013996,0.37016613208973015,0.5077085406470625,1.7040770606886921,10.466604424402338,24.440419965331582,31.095178309419644,3.995779518018592,0.26401594214497903,STAND_TO_SIT,low_stability,49.33587026169713
3.0982252178446132,64.94310050381797,75.56355986657275,22.970381633813894,0.4980194228519792,0.44478755535122805,1.1082344899757062,8.911054537690843,7.936925714992737,41.589473548740266,6.3450483254540675,0.15753279089824374,KNEE_EXTENSION,high_force,36.500129578268094
4.598414019877059,52.53745428673216,-33.76713765471293,-50.76886428277208,0.2789423076018261,0.24179124602992796,0.6957353523117462,8.91406078826087,7.405621816181891,7.816979318427011,2.155820664190785,0.1962857732337291,KNEE_FLEXION,slow,15.403132941375528
0.39923074476714593,31.598530441802197,44.542352555332904,111.89473759582137,0.4859323931187312,1.7928601304810798,0.8167199011611582,9.292302244633731,51.738386617795925,24.73282209478748,4.849836133770198,0.19115372773986564,WALKING,low_stability,27.042737972911567
5.100204903341022,71.01012066243574,70.48359744488576,108.04758438234579,0.8610639105912561,0.7321184717657866,1.7371261606526114,7.8412811563325615,36.48182102388416,41.41735943895913,14.868489937271281,0.15090340871609664,STAND_TO_SIT,high_force,62.12235740273048
5.4000900748988405,60.47567265124986,-82.71769566019967,-90.77731264881407,0.40288791472842217,0.17349684397769044,0.9805806474473677,8.95844153866624,5.8172370213044315,8.1473103949667,4.591606324251318,0.5969165395984117,KNEE_FLEXION,high_fatigue,49.97909059106353
0.19982615612594573,32.752318621299125,45.34601339019911,55.89535682698716,0.3433311737184452,2.4019699384494833,0.3032780813582294,9.045508165628231,44.692221359091086,8.549712242181567,2.073621769650067,0.2045253880411215,WALKING,normal,29.44590641279524
7.900950151474937,46.47527321099074,72.84580375793351,132.94870238628363,0.6558352047560533,2.877192479714087,0.8094871014995253,9.713158460929634,40.08817239780593,8.263181268781588,3.2855420325958202,0.1700725701596959,WALKING,high_force,35.33483108646996
6.300298453386968,55.67753666876862,119.46998176898549,62.7767144133968,0.5746349353689526,0.5918366011412387,1.4696575777510745,8.593572539235344,35.73388007494006,36.16648935685163,11.091175286237737,0.31143514824787255,STAND_TO_SIT,low_stability,51.902939667500924
-0.0009400174380306952,7.239866434970668,0.7934814141119069,0.022092925733976757,0.09868748532435649,0.09447982252201324,0.061624055613624086,10.332372883722261,0.6649564681800594,-0.15627017428132428,-0.24699212109439053,0.0837964524088203,REST,high_force,7.164212681581387
8.19945237180623,86.55257970205318,-44.240854334198374,-51.86803987777055,0.11773176839376603,0.15234136164188725,0.32241895311077573,9.109556710653973,6.027251467659971,15.31010152542483,0.8158076214520473,0.13967262036254785,KNEE_FLEXION,slow,17.374891863245708
8.798364993892902,62.46025015722157,-79.81000250732933,-76.04712869355895,0.34533246176754206,0.3229861587919094,1.2499449281103052,9.5832653408282,15.592088508092864,4.262109533340283,2.632916073095212,0.12362013999975234,KNEE_FLEXION,normal,24.234462272657883
7.801282040809361,35.84418727864394,-73.25531762854061,-160.89584990805633,0.5312470700000437,0.21199006104542487,1.378314777126311,9.089216409890128,11.403388231442776,23.650509177990642,6.925385585789054,0.14239932605697952,KNEE_FLEXION,high_force,32.246688379598346
9.597613075333847,57.06379454601369,119.75270329225256,166.33516816929657,0.780438238339428,0.12723559955851146,1.8340377146546079,7.772210856159138,32.96070857378247,20.151128002180684,7.875614393411545,0.2537630236473817,STAND_TO_SIT,high_force,47.446245535202905
7.799609029613154,14.100521563691528,-0.8230284296344816,2.16097200759295,0.053563102238621804,0.07876403800922886,-0.03462700640822201,9.645073144902133,2.108262984265359,1.8900806404356634,0.5755010791033899,0.12292288118055131,REST,low_stability,7.851401766220756
3.6005457823708906,53.03371145549681,-90.91009237688533,-136.44243783729536,0.3270134253990751,0.3161930721963363,1.0717525142837472,9.083140968049207,5.296899317600268,46.99048500550668,3.2866521440430634,0.16631418394871064,KNEE_FLEXION,low_stability,37.73325528868869
1.795324196997704,5.182359987573908,0.6415794155958336,0.7039868550643279,0.05454149739826312,0.02575011531117725,0.02309073558519387,9.428724037279945,0.6997358266095033,-0.5836038190426176,1.124874826685649,0.6460167020695479,REST,high_fatigue,14.67901638684767
9.803589419992864,43.0861373013488,50.313086479585195,61.787123123572336,0.31901248197115983,0.048165308399989296,0.5236033266286261,8.279693526820578,5.050198883676588,8.760623142156197,2.099497058972438,0.21601292816646894,STAND_TO_SIT,slow,35.32561793552427
9.103413715848335,7.838624491001292,-2.41272641031153,-1.0208307984202418,0.04157301168267561,0.27954177352883475,0.19347917712602572,10.174704043117957,1.9066314081682136,0.46701813694377664,0.6626160093672313,0.0806825736290866,REST,low_stability,18.077472128181792
4.0027222363565,22.4740600050889,49.72488994043815,60.09133756674416,0.08269489474314515,0.04118436245342976,0.4620905272190862,9.770153751215622,5.424202828250139,15.317272412543161,4.2567998792028,0.19130006447786194,KNEE_EXTENSION,slow,19.8221295559791
2.1986225044874677,74.90723682600213,78.51432444782303,98.71497664789624,0.6076503345896572,0.13102242096158656,1.3705338303043189,9.012476351241542,25.319276115016926,20.99525784482607,5.416682167174211,0.17908217683554833,STAND_TO_SIT,normal,42.93762232708163
6.199736417840819,82.91217815765577,-62.04230175769208,-31.251757934722782,0.6308036913826468,0.4039604948052119,0.7523346442804242,9.051244822365025,7.626741242762376,23.583707513951964,-0.06857984738276134,0.16528244408943582,SIT_TO_STAND,slow,46.31907841306971
9.497501877229823,74.29482296569043,-62.54255999238407,-127.38854612405821,0.697359347090953,0.40879622408094013,1.7263464451342945,7.55049072480077,7.327191126840284,18.52951082455807,6.0666839406674695,0.8803370012949764,SIT_TO_STAND,high_fatigue,62.440889329559106
9.500158866991024,43.10658485544014,34.24619950819836,23.636432712209857,0.2659535335264869,-0.06976208844775261,0.3591065881718981,9.772712692059686,1.4347717239551325,12.274904703510073,2.5847833066742174,0.16539192631805094,KNEE_EXTENSION,slow,16.004518211990586
2.702920058855988,49.61542373481557,-76.1549337998016,-82.75990634339259,0.2293276959118463,0.1466874392327415,0.45144692359410216,8.756882210491908,5.477494956380727,9.588388420015212,2.8044348425107875,0.20373970402124292,KNEE_FLEXION,normal,30.93229869283724
5.195608190707402,85.77420359792437,-51.35773741932906,-57.346087988169295,0.5676637460712552,0.28267114853566727,1.3330975134582743,10.309082443986894,19.91145810939504,19.049066054306685,2.410005524501998,0.2754404683025075,SIT_TO_STAND,slow,39.92573595589164
6.702842605573539,100.01292037492267,-51.826665617220975,-115.02384823906196,0.7423820751096158,0.513982444516478,1.8497343979645986,9.124753952829199,16.904137839530584,13.588907997487556,13.048069456496581,0.29419868247030545,SIT_TO_STAND,low_stability,62.01828786902264
6.80055432672652,34.28312851595917,73.54300426498776,85.25544513742378,0.4282456330118399,0.17121116230648115,0.47369198771013765,9.718461464663934,3.1789019148571045,20.649949121710282,2.746545743621701,0.13978561104273943,KNEE_EXTENSION,normal,24.212764616482485
6.399900882324897,6.329440178726201,0.8390146611962458,0.4686081227534719,0.05060045917417452,0.038989339062341276,0.04507542461725281,9.336073526835177,1.1546486874332715,-0.3442689114958874,-0.016542167206678126,0.03711265759573955,REST,normal,2.044525903067521
6.203099989111767,65.17033072732475,-30.736791289556123,-75.22713855594385,0.11880866566077647,0.1978488527438706,0.8462563095891793,8.70415552334723,4.61356425688091,12.64975373807444,2.3549251332998717,0.16582866289591236,KNEE_FLEXION,normal,27.293604355510016
7.998989017723688,77.24842970081272,-38.89006734967442,-82.23147997854839,0.8066963866263026,0.1506100765967158,0.7799941559924297,8.910103035744683,10.566292596596275,19.336638196046305,3.188908721794244,0.3077023354585594,SIT_TO_STAND,slow,52.149526754605816
9.197685572393967,0.24265419595327664,-1.5363741766727583,-1.8274180893164096,0.05982665528092986,0.12240319503037392,-0.09123666776446246,9.080258240075665,0.6744251954539853,0.10248931193568443,-0.20605200675909252,0.6996792685700869,REST,high_fatigue,14.224111499038337
7.9036728474148275,-0.20404184584789564,1.7847721799335567,1.149377916889616,0.11046510791847039,0.26466919145217777,0.14385783144830228,9.21295586568836,1.7898512745810085,2.2840012621071653,1.4295236189267158,0.1146734300872915,REST,low_stability,13.440468973455314
3.500028035464857,41.4430367002231,-56.94028133068545,-78.35098845816387,0.4546730011072579,0.2545778621300195,1.3671597412145124,8.78298696700626,16.298653606030843,15.374948611441054,4.311331835524264,0.1474704825131228,KNEE_FLEXION,high_force,44.614301778037756
6.301234419067291,26.914913751228102,87.18685488523836,79.99959630678046,0.5206358788568439,2.3256055542183334,1.095785413092195,9.62020255815304,39.57826658776822,9.355593051406917,-0.9938284942912451,0.05211828917124797,WALKING,high_force,40.83917360279586
6.400104376819172,33.40209251619979,-113.81159778653407,-104.06142116063329,0.5430031434955317,0.4622504492197255,1.7996218719770243,9.972119063879276,20.382475866838494,19.902754212575513,3.027710904820295,0.15149207409423465,KNEE_FLEXION,high_force,38.319051657946616
9.097398765011448,36.80095109014931,77.71510925424798,104.6371863162227,0.6934496937679046,2.1261533467510794,0.9672925976450648,9.485548338797027,26.5968656050128,17.5054438204943,4.454582522340411,0.07600164422875574,WALKING,high_force,36.55273817676583
7.600130135051725,75.02735870283885,-78.98813271351108,-122.6571555697657,0.45518540713561206,0.5557159246462543,1.3629434468521948,9.09621144468592,19.592829741848313,41.935494713342194,0.4333786082265648,0.19179323610427024,SIT_TO_STAND,normal,50.89171531287175
7.8035771660375755,0.09134013579378308,45.31644525192551,63.29107651756065,0.45384043526925855,1.0777062331967129,0.5548898169173839,9.56306254350518,39.31612483402519,29.211752353266256,11.19027215946866,0.0744879492186852,WALKING,low_stability,43.82313795029695
3.7013522438706,3.8817943237231383,-0.6456071704547602,-0.18251723569271244,0.07837835474044401,0.15597032486765566,0.22479319649905552,9.466511978753365,4.186415409880707,1.6893116556237366,1.623079642007533,0.1103449512843114,REST,low_stability,1.8484605184632414
6.701135514309014,23.925543625477644,102.91338984063438,95.30601904373155,0.4652271604500042,0.3396229217263109,0.6529550379023314,9.20612137028854,7.028502213386009,48.18345143888974,4.865768262063934,0.19508675175869797,KNEE_EXTENSION,high_force,26.56490887047759
4.296765205919287,69.97647735324607,-63.56435438337794,-95.32921562908135,0.34380505154890156,0.46328780435609584,0.8712157355663477,7.969803639777477,9.91878371418463,34.2149208529262,4.192854611383507,0.3579350993977171,KNEE_FLEXION,low_stability,24.266213576045203
1.5945241440182523,88.30508414680116,-113.0835877504178,-163.51965803669466,0.6326232200510734,0.8041799653620421,0.8687109441082548,7.885693214192313,1.6034666150016772,38.14958774491974,10.165625548450919,0.19737695179368475,SIT_TO_STAND,normal,65.27172958576314
7.501287055727431,74.14573489035543,-106.73604761462481,-239.42986368205766,0.9161261047665538,0.6980909727463177,1.796936645111782,7.661058317521795,34.21368715318101,43.050435095557276,7.0643769996317545,0.17156929147846417,SIT_TO_STAND,high_force,68.55897704983354
5.498975199562796,1.008580502064135,-0.431564578637127,0.6674138838793678,0.06344717791794888,-0.0077342812153117085,0.08513050963819509,9.729021265179304,1.887029137528233,0.011254377579866495,0.5166532510100278,0.6380776934644404,REST,high_fatigue,11.103797175062057
1.501585410263478,9.854210547679063,47.17143061912539,120.82172837035591,0.263967070117772,1.7904732806134585,0.6814998087930534,7.880120226278057,31.088645423478273,6.381381290353988,13.8029424571538,0.2532937063476013,WALKING,low_stability,41.88934530087133
1.7019538395566896,60.321153754201056,-82.52279206419885,-111.98996600185673,0.31652572287868497,0.24507946388419213,1.0343318821523466,8.438798995498932,12.50206730515165,23.947229005387218,6.4478937472886795,0.2070264195113138,KNEE_FLEXION,low_stability,45.170473511547605
9.503812652795567,18.730424957954025,53.46567998160221,72.96219987066755,0.42506506870928223,1.6003434972470874,0.5960300091374399,10.086421984351325,38.33951114988123,6.709767857860872,3.8701516256066197,0.6016722859577803,WALKING,high_fatigue,30.658214256087767
8.100395291654328,62.874125550443864,36.164056672275116,156.11805054812706,0.6974835784996739,0.0082063027931108,0.6717945937445009,9.768646148510571,16.608595291505182,26.875814949425063,5.985859365285698,0.7088153306179532,STAND_TO_SIT,high_fatigue,46.147326187961866
0.09721176831249317,5.05553414362559,-0.490002509308165,0.5357572589436419,0.14589560268761992,0.08165533922728678,0.1754406549387415,10.355305301159659,0.5785790098253224,0.3662387678186182,-1.111624925030178,0.07684364589546439,REST,high_force,11.433780016482142
6.100226741076051,3.106937676476625,-0.654932555952573,0.027483099403570112,0.04631482170548474,-0.08070880993477862,0.0316141113340301,10.347266013436707,0.10012640163316057,0.2733075920586792,-0.5461104826618894,0.03481572244844777,REST,slow,2.174717954797557
7.901091832249906,60.56392823206477,75.59828817745452,110.51518711071027,0.6189827148891514,0.6311579058310606,0.6820947687313799,8.505176367312547,15.224571534894688,29.336272236056896,0.5111293896604895,0.15712861635274245,STAND_TO_SIT,normal,39.346547796065934
7.7009863835345485,14.804030031012212,82.90078362457785,50.20913322334163,0.43332716217824,0.07477066648722272,0.6236626845783766,8.800363417122043,12.86577508567268,18.929585338121043,1.9949688267263004,0.17055342949191407,KNEE_EXTENSION,high_force,42.322488089841684
4.903665276560223,47.19685971871891,-51.75683688931572,-104.23220175933831,0.2578772190868898,0.013689920079854812,0.6774366663283222,9.73527176898682,13.125038174070122,10.142759368036069,3.5822960659594325,0.7995775149224708,KNEE_FLEXION,high_fatigue,45.110609760752666
0.19960427259252067,39.2529044565703,54.95491751297782,46.72098457412315,0.5304552919088696,2.6266729004664437,0.6193963144175033,8.730924960274558,38.29522837187189,23.239339356344495,5.836159318968941,0.19945615955433604,WALKING,high_force,39.067508076182854
-0.00032912077197630923,31.94764478110212,86.23610040999884,147.03022378238106,0.5651350257896475,0.3447473991552954,1.0554435258781345,9.437929538036977,17.542577349056806,21.465937430222304,5.5799791863318084,0.1442199584975824,STAND_TO_SIT,normal,43.53551374385025
2.901961398459501,75.10809136639276,-87.38691548092608,-76.81971693248552,0.5106372503875888,0.7231043515435613,0.7164300836191335,8.652538343682888,10.065808205881602,11.354192728258035,3.6382058521745946,0.2925576326386851,SIT_TO_STAND,slow,41.62757229001581
1.297345764363848,24.903772068596428,48.89497288072037,44.61377149522583,0.18510470567673173,0.18161236414022794,0.20292658223071827,10.811193505553288,4.584796713508267,8.684413370841897,3.2915110158907765,0.18165058286038469,KNEE_EXTENSION,slow,6.731698402707874
2.0998778164407104,66.08721529421466,-76.07339739149856,-189.74250932705698,0.7569632944594236,0.5199927841607963,1.82201132705614,8.830260550405336,27.796263130747544,17.799729337479114,1.6228028502934577,0.19496715903420953,SIT_TO_STAND,normal,56.00468460596549
8.501329557747713,77.77147331555462,72.20540940732774,126.87712605183367,0.5933077868036011,0.2852183434803781,1.231801057559708,9.068387269656025,22.347775006722102,19.895582453911228,2.904417769172021,0.25730301071081846,STAND_TO_SIT,normal,50.382505810562805
5.500821306612453,74.47623561572802,70.27005056647492,162.24571780497493,0.5759152358564751,0.34727651179663027,1.5423391387949585,8.51596067851274,16.735660590429784,29.747852014038624,-2.477410812146647,0.7889315703943943,STAND_TO_SIT,high_fatigue,65.7242202061598
5.298728580677186,29.87704027312431,-79.40448596522116,-144.59828002676645,0.5154996389722386,0.21790977775592874,1.1336734963293198,9.669530008899713,5.415717319042909,5.395704771249023,10.13349911027284,0.2807996588671842,KNEE_FLEXION,high_force,33.49417679209737
3.400654019737579,6.332880796143669,-1.4706803463895957,-0.7228231234464775,0.051392339319824586,0.1438902283998008,-0.078155814093373,9.014907947569615,1.1448681882161644,-0.37972594477337,0.15236759063736566,0.039441647253513734,REST,normal,4.505186673811344
7.496298518105118,37.613996797126006,26.168275898812688,80.16571452314534,0.763502814832279,2.173489824768182,0.48060236117946864,10.345211337228609,27.786352845475296,8.094893347739392,4.40121365820073,0.11373555177453137,WALKING,high_force,37.216867262154445
5.598288454125024,43.79527104658623,75.87578685578438,69.77376025809008,0.36149799611378114,0.42489417616229813,0.776588173027336,8.687606229624487,8.262100599483858,11.528387044574322,1.5424332728862664,0.11474590062773424,KNEE_EXTENSION,normal,19.900825111472827
7.799694369606947,64.5161336096764,-68.01132133914709,-136.5346883332337,0.8568871311877873,0.37112416198190706,1.703986599474308,9.683654475155443,12.772296104724322,16.504926600171903,-1.6580173761084605,0.8586730195425826,SIT_TO_STAND,high_fatigue,78.3271618322602
8.999664731796715,106.95924371187301,-45.18955284508574,-215.1066593544369,0.6749883508546517,1.2538848006336158,2.3449899600307154,7.987959122960091,16.583450044807968,42.5565145597468,11.495271878062749,0.18378385697137092,SIT_TO_STAND,low_stability,49.7141483397797
3.897346826512929,49.73530018114157,-33.817141452294194,-57.00278281319353,0.23388267940023535,0.14672287727240763,0.4443924057378369,9.967956543683167,3.8957538745169757,8.870834721737964,2.0065452547711455,0.1185828983907111,KNEE_FLEXION,slow,15.370030193347985
6.297433701931492,120.84877490756936,-42.99873563781648,-72.2491270981686,0.6854820800971476,1.31724383711679,2.2811495851239894,10.961901124190234,12.643495554666538,61.63028809577855,1.8069260550639212,0.2510922500068798,SIT_TO_STAND,low_stability,63.14042871960075
1.2002533917977438,40.77881816377103,19.34078659849201,78.67275275487118,0.15968704334726064,0.11221381887054244,0.1787140864636729,9.653095117011157,5.598149600236978,13.028043411174464,2.2536206566160977,0.14904466417805898,KNEE_EXTENSION,slow,21.564766760118623
2.397454695341618,36.825269857048454,65.57985773911393,131.73679794491082,0.41332974456329946,0.5165773869777429,0.8965861730162837,9.017355646006973,6.032435535398745,13.982558370602284,2.905152801193107,0.26782012608239075,KNEE_EXTENSION,low_stability,38.61507180318021
4.101967721910821,65.1673744966083,-61.65209107306213,-92.93108022813867,0.05159361182920972,0.22723868853444626,0.22193388594407742,9.808133693235321,11.164900001979001,13.60158230242458,3.7680915898084026,0.18873847045302436,KNEE_FLEXION,normal,20.82329623389773
4.099440817692965,2.81151171373469,-0.11213119827786523,-0.999308070360033,0.13410346872580642,0.054821138575244885,-0.042628325252714254,9.945496384481944,1.0871151115153599,-0.6645280780699243,0.1846991081326496,0.012772204895579564,REST,high_force,11.396947827642038
6.100418933223532,28.919648425844628,-82.94526829303098,-59.345923735669835,0.38155616608653703,0.38164369438722384,0.8573063030325193,8.787633978490588,16.958375197399878,33.53059235677115,3.0221235884399476,0.11537181430236762,KNEE_FLEXION,normal,33.971823249687304
6.3023071729012665,59.701039228134285,-58.493583535783664,-65.28248784927244,0.2868878030423688,0.2802127489002748,0.3279982605713662,8.85388604822284,18.75346161693029,6.7017347669386265,0.692244333533792,0.20812978057160214,KNEE_FLEXION,low_stability,39.32501853005104
0.0018570397016052086,11.203653437683686,46.20050099477767,41.88877852327366,0.2541577035629613,0.6066354340627244,0.17756623481664713,10.03973776577749,11.892781127767645,6.045800205199071,1.5355307230132362,0.22110958250721574,WALKING,slow,25.591972360030923
3.49868816113947,17.187040321155784,-44.893893439874574,-101.97372142636473,0.3547817530904257,0.20603958584680132,0.48192039145820903,9.488553583385094,8.344023242227523,15.881538570592477,2.490491895754484,0.5284375089418192,KNEE_FLEXION,high_fatigue,47.75287451997461
9.700092558877268,84.26688673694626,-103.42465197142266,-155.66967294393305,0.8738676537182133,0.4905122317478449,2.4864104539906977,7.692112428178608,15.293991387249223,34.42507557500549,11.743198808082482,0.21313412665768733,SIT_TO_STAND,high_force,64.79990128151391
1.401459000707466,39.30444162936269,-94.63870364451948,-133.14390848666028,0.45940757594495907,0.23464998470477128,0.4671085420395251,8.382968090362514,8.460118253646126,33.72474038343639,6.798706403541567,0.15780201528004958,KNEE_FLEXION,high_force,51.28449545297625
8.799056255111212,48.984919580710525,36.055381019566376,121.17232398421221,0.44618146836295564,0.032739199129906374,0.40913015187613316,9.367648947775328,18.70402288945138,4.4448925649239825,5.761160879170273,0.19719032780439674,KNEE_EXTENSION,low_stability,38.32180580967488
6.801597641579563,36.13849917439502,-80.84561732272475,-81.7604233749257,0.2754585036521156,0.33358774364535315,0.880498663659066,10.031831507961174,6.768890947759963,16.636076542923906,3.269405538976182,0.1798592124037058,KNEE_FLEXION,normal,26.954598419722668
4.598862475717198,34.29335989770148,32.68080143380964,39.19832890699373,0.29320801430502424,0.4855158630730642,0.14326827782384494,10.292227180660735,21.55286417823957,4.444252841492358,5.221264468541008,0.16868812832932792,WALKING,slow,14.42331549408734
2.8013310795461144,71.27391252956471,89.38290282993988,105.06539836118247,0.6952080495128683,0.42301862592006817,1.5062574485370455,9.191878327127753,9.092029898183354,37.54877915471929,9.1843805688163,0.18574469508192815,STAND_TO_SIT,normal,49.66092206948976
7.899441535775799,77.03763850924238,74.04532643550426,67.87933322309267,0.28918579190459565,0.373812134879061,0.7415475349683891,10.842081578664416,13.46749122273233,23.7155964345898,2.3421703386487795,0.36840383028120904,KNEE_EXTENSION,low_stability,21.362549510061697
6.6985420659685815,59.48478058493821,-89.95514774460062,-171.79729923247027,0.7644317371084466,0.3558785458885165,1.9605514268218407,8.283235361483989,25.96376036753982,48.58282919277858,7.543247539986606,0.31302972420012076,SIT_TO_STAND,high_force,59.8877637020926
9.902311730952068,55.97780483687617,96.14646533706788,76.88314462327942,0.7297009425468203,0.5764568231053206,1.2380324806703762,8.196643956456795,38.13512377385069,16.728952421648202,4.102041212542474,0.2535004327040165,STAND_TO_SIT,low_stability,35.299906867563
6.199296445267905,28.58758205504556,54.97503072929713,65.56328310997992,0.408348056182206,1.9816828576226413,0.7416824733448006,9.956481751795495,30.734848360036764,1.201281710580005,5.52776629177474,0.20451463775500545,WALKING,normal,22.797073522673823
3.4018090198676703,21.922372882833834,58.335914637023386,189.50058430321698,0.46027075763872954,0.41193226525136895,1.143106816006929,8.334873650285433,15.893343083593907,10.162856328465397,5.191267474565273,0.12848410611811786,KNEE_EXTENSION,high_force,35.34192698988337
8.89890599055831,5.255519021041269,-0.0021968787668640373,0.30756485415859924,0.028655910792786503,-0.022375426420720407,-0.01657530554689943,10.072076635933719,0.48709520430584374,-0.6811809568805942,-0.5142641847177718,0.0697833088189397,REST,slow,4.525480561805196
0.6008249148413294,46.80310483946112,79.20835629941624,107.76240514109541,0.660937556012081,0.443360880462831,1.498131641118991,8.798382224088414,30.190782017455675,30.421422432767155,4.266361608274373,0.19873443028481128,STAND_TO_SIT,low_stability,44.52502480904408
7.500960934194007,26.78780400849704,63.87826911250492,90.72872757393878,0.2991044775859644,1.6735211274146322,0.46249082270857966,9.130095260260243,27.31964852811121,6.2351571060338555,3.733305700681366,0.6683604831078885,WALKING,high_fatigue,50.660686839264926
4.699836691086122,32.00784582848858,34.684915121277,62.60114215357542,0.6070804071868832,0.3573520674728031,1.3371064618729442,9.586525910050675,10.695381527259611,30.159239501444013,4.453323214485728,0.19024317234659116,KNEE_EXTENSION,high_force,47.08741304097111
4.70286119783964,81.09642629502062,-77.32093751715833,-100.78042825476875,0.2876364418402051,0.04128653634944003,0.9350174832572993,8.84115468173551,14.360402999094893,20.2021713360453,1.7027205365731652,0.16355043344229503,KNEE_FLEXION,normal,31.584005777717724
5.797823735474203,27.96151124714612,61.97420311321544,114.33239948459067,0.307074024979401,0.1674248109576906,1.037208356297019,10.593238446134805,12.440407752965742,21.383380065786255,4.4585664527365765,0.10426179753282588,KNEE_EXTENSION,normal,24.57821504331509
8.202318808963897,77.90207029303157,-122.42801488240204,-149.33253234984622,0.5737232354558094,0.5653251815243739,2.406429276692714,7.929317639123827,17.95306346977445,23.393659505704345,5.697961810870976,0.15515199267160212,SIT_TO_STAND,normal,58.45270464760554
7.39907422164915,3.7131223179383257,0.8765249658183375,-0.6709000089129994,0.06464878111959084,0.1726570354978566,-0.010826930819164537,9.064663739258402,0.9197038805669735,-0.5618690038262718,0.541663157630379,0.5719427611945639,REST,high_fatigue,20.747903355779297
0.3994974382332721,41.85440854643816,68.59700377706405,83.27184133444538,0.2471475272139379,0.2587412713293336,1.0330633777550964,9.181137884030361,15.755374542537792,21.771932546839846,2.5747769055481213,0.7089496833357624,KNEE_EXTENSION,high_fatigue,47.83088097979411
4.696088348348167,43.73704688968943,44.92150793570813,109.49686573778641,0.7069106246129373,1.5387712631312906,0.9892285637282868,9.146054818875049,26.114505349541975,14.663020774729015,11.923495129674222,0.2544909333902996,WALKING,high_force,46.48638384462673
0.000921621473686208,49.84546901779712,-96.85251775435658,-93.82041431740245,0.4146801546304586,0.3944472081827129,1.1009648631930096,8.0918824687757,12.649943704009289,17.82708799396138,5.071517451908819,0.3059393770801397,KNEE_FLEXION,low_stability,28.59908402149606
2.1025811275246427,3.500771231529137,0.17916432539238955,0.23392683990383645,0.04630814655943616,0.05129842433304311,-0.04420912486404688,10.200686233051643,1.5237536750343799,0.7190700299412871,-0.4355348009988211,0.05632095741288573,REST,normal,5.00932565055691
5.902672652290956,2.4869703044190903,-0.5044862728980334,1.6307941043860807,0.0008458640442295738,0.16237938085724438,0.02567209563496937,10.17261262523459,0.18088020814472003,0.19234380243606222,0.445613558928677,0.5250450086034747,REST,high_fatigue,18.49136498945678
8.400282774074666,99.14926432719562,-64.9932737707007,-17.863681245327008,0.6255073499538498,0.27147753508286515,1.2368543729913797,9.62927081111927,5.9147789584158845,20.891377534578968,1.1044719954373734,0.27398928575736053,SIT_TO_STAND,slow,48.348866557673325
2.399103593712182,69.4859132334889,-53.950987116524296,-37.494651010149184,0.24195806579104037,0.35662397519215744,0.15191581484659591,8.08909439807728,16.343984315975217,39.37413364029038,2.29849553050497,0.10508955565467065,KNEE_FLEXION,low_stability,38.75803187872955
5.504385426327894,53.18955973495309,38.19050247097777,85.73218131323642,0.5177424283647561,0.45441199077525907,0.41746116802279876,9.549603400314295,24.265533242076966,14.678244476236006,3.040038150103605,0.8078277632972513,WALKING,high_fatigue,36.25626038136015
1.5004194464534688,101.54328418705474,-97.46487044553378,-244.86427922252065,1.0,1.0509794693054664,3.1587762257334036,6.392930728796653,29.08590161923541,42.79571348762396,9.128885009335649,0.2201825136106779,SIT_TO_STAND,high_force,57.08698499575188
3.2995593481564964,104.41706240397862,1.9446070311081707,-57.30891191217321,0.3170247877588803,0.18767622476074744,0.5224519414542599,8.939519339356195,7.132319453684476,6.608913944311462,4.206037825554795,0.6918090674824597,KNEE_FLEXION,high_fatigue,42.02424264894998
5.3036874817190744,67.06961800783888,62.79627160334676,119.40779036876387,0.21086574072975822,0.4668880443034854,0.8526445153912648,9.500907220404557,11.445641417565346,16.93546590900997,3.615668222707995,0.24856333725680346,KNEE_EXTENSION,low_stability,17.601450420899226
1.5014044088066303,57.022209612854425,61.49559923072442,125.02005238042565,0.49423896412929197,0.4424567825845316,1.0142125870829644,9.075182061924783,20.12169000521432,24.991160799002785,2.372271473849439,0.20843484058721623,STAND_TO_SIT,normal,48.78730423755968
9.101533370082832,8.452515338518973,-85.65119040907294,-57.642817884685044,0.22594915327839615,0.2485878201873621,1.5874772457816162,8.277625004455174,8.83497087190823,9.76279541672346,-0.6112115266584806,0.2281403642349248,KNEE_FLEXION,low_stability,24.807347063578746
6.897450338611728,40.35756122317308,56.495335753479424,138.8447029904032,0.736366635950267,1.6475234298921504,0.7842890875345603,8.448949764587596,43.22146081795031,6.13529915692734,9.162702216670855,0.18366543225750498,WALKING,high_force,42.960357930075276
8.499818426196317,59.484258220268906,38.25618943020959,82.61348766033214,0.40356957221173,0.4672534789443903,0.43489814786727415,9.58022514292312,13.293818660224296,11.351534125530279,0.9612861872231562,0.12368360526801236,STAND_TO_SIT,slow,47.79959657377866
3.0031223730663528,3.3817849848585158,-0.7626995496865404,0.5680938375532152,0.048288468050517466,-0.05864070014477009,-0.04573883896565686,10.332597104713416,-0.04716796630573453,0.3341830244494834,-0.2244148982338667,0.08037982373280217,REST,slow,1.7898880419921528
1.8999315097547198,31.203076315471648,51.72937865514181,72.99939095880214,0.3141080803501192,0.19899216071924886,0.429648968559756,10.041842297801026,9.264055176885318,5.05586595929783,2.293445240228541,0.737558102031184,KNEE_EXTENSION,high_fatigue,35.59543627447554
3.5020871022700253,59.04885960710101,-29.19861636199004,-44.02266836326213,0.13609034110089374,0.003405617087529149,0.6969589902703022,9.127111333093989,5.158291896842212,11.530319615590184,0.7966762239006986,0.2092449066342272,KNEE_FLEXION,slow,19.859783443523277
8.199653334872773,31.36323068971537,-48.364606033545336,-53.832034347999475,0.7553471683842267,0.40458941277184995,1.849327868735409,8.565258284427296,26.556767429946284,16.394053680093315,3.7449309573776555,0.7614182093824214,SIT_TO_STAND,high_fatigue,76.68195543327657
2.9983669523265495,0.5362357559869968,0.5700932965733737,1.0424156873165809,0.06212023337076483,0.31226084658576075,0.13416409367302431,8.733369681411277,4.6691098064514565,1.7119068173316303,2.0392759469986745,0.0838731486068386,REST,low_stability,7.580599757099708
3.8028732539589285,64.12116584914845,-88.11652534778408,-136.94289556026246,0.8580282599366033,0.49804816386338,1.8892655761414119,7.730207065886315,25.743328841480697,42.87068805853548,4.867497152418419,0.14525291593123923,SIT_TO_STAND,high_force,57.29989563224643
6.601395376078028,-1.1262231746922557,0.7563589690998003,-0.18377325063308256,0.009911535395033947,0.059928430912987184,-0.014733336011892525,8.849942309162536,1.1741350822717997,-0.38028033850643383,-0.23799979233659943,0.653066492552747,REST,high_fatigue,12.174089886742959
6.899796078172476,51.08269382082051,-13.737196606819246,-42.60148629053626,0.3005851431144187,-0.0785886592340156,0.15359436812772187,8.933486716046527,6.552400172760976,11.28012988800076,3.732015243618701,0.21817993052526374,KNEE_FLEXION,slow,20.953700304967832
3.7974535909479714,83.19902114662504,49.94642587742046,60.338931530732374,0.4110362621039144,0.13160702558538348,0.25910804709175594,8.669495800202087,10.416677566556714,23.690768322461928,2.4116959153631083,0.16427342075398682,STAND_TO_SIT,slow,46.59979811954935
9.502368433506744,75.5512371094244,-77.41476394291345,-191.38106672707593,0.6772728701664941,0.8953134733426611,0.653550981716215,7.403045718701575,-0.047666057396224426,30.303377722286243,4.249005049808015,0.2474448652371602,SIT_TO_STAND,normal,32.610627670660314
2.9998938958726824,86.6159600062053,-70.42546484274477,-120.96857459091208,0.5029891967967575,0.5508974540802095,1.1430289747699305,8.427291939058001,0.455735957898286,15.433509151463591,0.4612208146341502,0.328798652722034,SIT_TO_STAND,slow,58.62288953764499
9.400397632376041,63.908785151588155,-92.51850171250634,-111.41398409715615,0.9875365142497775,1.1447587019479553,3.0806573228747887,9.502605478535415,27.848316346397393,36.562616484453045,9.526795899085819,0.24873941677137595,SIT_TO_STAND,high_force,76.0674992066529
5.999801515178546,38.34385418024599,86.00387282619553,128.23435366629383,0.5338923467204609,2.1343412227270635,0.8388910956123234,8.198427470626132,32.74780807781036,14.334887402017864,11.076284420667276,0.18290054623455856,WALKING,low_stability,26.570711986522625
